
                           Design Compiler Graphical 
                                 DC Ultra (TM)
                                  DFTMAX (TM)
                              Power Compiler (TM)
                                 DesignWare (R)
                                 DC Expert (TM)
                               Design Vision (TM)
                               HDL Compiler (TM)
                               VHDL Compiler (TM)
                                  DFT Compiler
                               Design Compiler(R)

               Version O-2018.06-SP1 for linux64 - Jul 19, 2018 

                    Copyright (c) 1988 - 2018 Synopsys, Inc.
   This software and the associated documentation are proprietary to Synopsys,
 Inc. This software may only be used in accordance with the terms and conditions
 of a written license agreement with Synopsys, Inc. All other use, reproduction,
            or distribution of this software is strictly prohibited.
Initializing...
# ====================================================================
# DC 综合脚本 for MAC16 (with in_ready) - 低功耗优化版 (适配无ICG库)
# 用法: dc_shell -f dc_syn.tcl | tee syn.log
# ====================================================================
# ------------------------------------------------------------
# 1. 设置工艺库路径
# ------------------------------------------------------------
set search_path           [list . ../lib ../design]
. ../lib ../design
set target_library        "ics55_LLSC_H9CR_ss_rcworst_1p08_125_nldm.db"
ics55_LLSC_H9CR_ss_rcworst_1p08_125_nldm.db
set link_library          "* $target_library"
* ics55_LLSC_H9CR_ss_rcworst_1p08_125_nldm.db
set symbol_library        ""
# ------------------------------------------------------------
# 2. 读入设计（按依赖顺序，底层模块先读）
# ------------------------------------------------------------
read_verilog ../design/fulladder/fulladder.v
Loading db file '/home/ICer/work_mac16/lib/ics55_LLSC_H9CR_ss_rcworst_1p08_125_nldm.db'
Loading db file '/home/synopsys/syn/O-2018.06-SP1/libraries/syn/gtech.db'
Loading db file '/home/synopsys/syn/O-2018.06-SP1/libraries/syn/standard.sldb'
  Loading link library 'ics55_LLSC_H9CR_ss_rcworst_1p08_125'
  Loading link library 'gtech'
Loading verilog file '/home/ICer/work_mac16/design/fulladder/fulladder.v'
Detecting input file type automatically (-rtl or -netlist).
Reading with Presto HDL Compiler (equivalent to -rtl option).
Running PRESTO HDLC
Compiling source file /home/ICer/work_mac16/design/fulladder/fulladder.v
Presto compilation completed successfully.
Current design is now '/home/ICer/work_mac16/design/fulladder/fulladder.db:fulladder'
Loaded 1 design.
Current design is 'fulladder'.
fulladder
read_verilog ../design/csa32/csa32.v
Loading verilog file '/home/ICer/work_mac16/design/csa32/csa32.v'
Detecting input file type automatically (-rtl or -netlist).
Reading with Presto HDL Compiler (equivalent to -rtl option).
Running PRESTO HDLC
Compiling source file /home/ICer/work_mac16/design/csa32/csa32.v
Presto compilation completed successfully.
Current design is now '/home/ICer/work_mac16/design/csa32/csa32.db:csa32'
Loaded 1 design.
Current design is 'csa32'.
csa32
read_verilog ../design/mul_wallace_u16_pipe1/mul_wallace_u16_pipe1.v
Loading verilog file '/home/ICer/work_mac16/design/mul_wallace_u16_pipe1/mul_wallace_u16_pipe1.v'
Detecting input file type automatically (-rtl or -netlist).
Reading with Presto HDL Compiler (equivalent to -rtl option).
Running PRESTO HDLC
Compiling source file /home/ICer/work_mac16/design/mul_wallace_u16_pipe1/mul_wallace_u16_pipe1.v

Inferred memory devices in process
	in routine mul_wallace_u16_pipe1 line 38 in file
		'/home/ICer/work_mac16/design/mul_wallace_u16_pipe1/mul_wallace_u16_pipe1.v'.
===============================================================================
|    Register Name    |   Type    | Width | Bus | MB | AR | AS | SR | SS | ST |
===============================================================================
|      r_s23_reg      | Flip-flop |  32   |  Y  | N  | Y  | N  | N  | N  | N  |
|      r_c23_reg      | Flip-flop |  32   |  Y  | N  | Y  | N  | N  | N  | N  |
|      en_d1_reg      | Flip-flop |   1   |  N  | N  | Y  | N  | N  | N  | N  |
|      r_s20_reg      | Flip-flop |  32   |  Y  | N  | Y  | N  | N  | N  | N  |
|      r_c20_reg      | Flip-flop |  32   |  Y  | N  | Y  | N  | N  | N  | N  |
|      r_s21_reg      | Flip-flop |  32   |  Y  | N  | Y  | N  | N  | N  | N  |
|      r_c21_reg      | Flip-flop |  32   |  Y  | N  | Y  | N  | N  | N  | N  |
|      r_s22_reg      | Flip-flop |  32   |  Y  | N  | Y  | N  | N  | N  | N  |
|      r_c22_reg      | Flip-flop |  32   |  Y  | N  | Y  | N  | N  | N  | N  |
===============================================================================

Inferred memory devices in process
	in routine mul_wallace_u16_pipe1 line 64 in file
		'/home/ICer/work_mac16/design/mul_wallace_u16_pipe1/mul_wallace_u16_pipe1.v'.
===============================================================================
|    Register Name    |   Type    | Width | Bus | MB | AR | AS | SR | SS | ST |
===============================================================================
|      r_s31_reg      | Flip-flop |  32   |  Y  | N  | Y  | N  | N  | N  | N  |
|      r_c31_reg      | Flip-flop |  32   |  Y  | N  | Y  | N  | N  | N  | N  |
|      en_d2_reg      | Flip-flop |   1   |  N  | N  | Y  | N  | N  | N  | N  |
|      r_s30_reg      | Flip-flop |  32   |  Y  | N  | Y  | N  | N  | N  | N  |
|      r_c30_reg      | Flip-flop |  32   |  Y  | N  | Y  | N  | N  | N  | N  |
===============================================================================

Inferred memory devices in process
	in routine mul_wallace_u16_pipe1 line 86 in file
		'/home/ICer/work_mac16/design/mul_wallace_u16_pipe1/mul_wallace_u16_pipe1.v'.
===============================================================================
|    Register Name    |   Type    | Width | Bus | MB | AR | AS | SR | SS | ST |
===============================================================================
|      r_s41_reg      | Flip-flop |  32   |  Y  | N  | Y  | N  | N  | N  | N  |
|      r_c41_reg      | Flip-flop |  32   |  Y  | N  | Y  | N  | N  | N  | N  |
|      en_d3_reg      | Flip-flop |   1   |  N  | N  | Y  | N  | N  | N  | N  |
|      r_s40_reg      | Flip-flop |  32   |  Y  | N  | Y  | N  | N  | N  | N  |
|      r_c40_reg      | Flip-flop |  32   |  Y  | N  | Y  | N  | N  | N  | N  |
===============================================================================

Inferred memory devices in process
	in routine mul_wallace_u16_pipe1 line 110 in file
		'/home/ICer/work_mac16/design/mul_wallace_u16_pipe1/mul_wallace_u16_pipe1.v'.
===============================================================================
|    Register Name    |   Type    | Width | Bus | MB | AR | AS | SR | SS | ST |
===============================================================================
|   product_reg_reg   | Flip-flop |  32   |  Y  | N  | Y  | N  | N  | N  | N  |
|    valid_reg_reg    | Flip-flop |   1   |  N  | N  | Y  | N  | N  | N  | N  |
===============================================================================
Presto compilation completed successfully.
Current design is now '/home/ICer/work_mac16/design/mul_wallace_u16_pipe1/mul_wallace_u16_pipe1.db:mul_wallace_u16_pipe1'
Loaded 1 design.
Current design is 'mul_wallace_u16_pipe1'.
mul_wallace_u16_pipe1
read_verilog ../design/mac_core/mac_core.v
Loading verilog file '/home/ICer/work_mac16/design/mac_core/mac_core.v'
Detecting input file type automatically (-rtl or -netlist).
Reading with Presto HDL Compiler (equivalent to -rtl option).
Running PRESTO HDLC
Compiling source file /home/ICer/work_mac16/design/mac_core/mac_core.v

Inferred memory devices in process
	in routine mac_core line 49 in file
		'/home/ICer/work_mac16/design/mac_core/mac_core.v'.
===============================================================================
|    Register Name    |   Type    | Width | Bus | MB | AR | AS | SR | SS | ST |
===============================================================================
|     mode_d_reg      | Flip-flop |   1   |  N  | N  | Y  | N  | N  | N  | N  |
|    accum_reg_reg    | Flip-flop |  24   |  Y  | N  | Y  | N  | N  | N  | N  |
|     sum_out_reg     | Flip-flop |  24   |  Y  | N  | Y  | N  | N  | N  | N  |
|    last_prod_reg    | Flip-flop |  24   |  Y  | N  | Y  | N  | N  | N  | N  |
|    cal_done_reg     | Flip-flop |   1   |  N  | N  | Y  | N  | N  | N  | N  |
|      carry_reg      | Flip-flop |   1   |  N  | N  | Y  | N  | N  | N  | N  |
===============================================================================
Presto compilation completed successfully.
Current design is now '/home/ICer/work_mac16/design/mac_core/mac_core.db:mac_core'
Loaded 1 design.
Current design is 'mac_core'.
mac_core
read_verilog ../design/serial_to_parallel/serial_to_parallel.v
Loading verilog file '/home/ICer/work_mac16/design/serial_to_parallel/serial_to_parallel.v'
Detecting input file type automatically (-rtl or -netlist).
Reading with Presto HDL Compiler (equivalent to -rtl option).
Running PRESTO HDLC
Compiling source file /home/ICer/work_mac16/design/serial_to_parallel/serial_to_parallel.v

Inferred memory devices in process
	in routine serial_to_parallel line 15 in file
		'/home/ICer/work_mac16/design/serial_to_parallel/serial_to_parallel.v'.
===============================================================================
|    Register Name    |   Type    | Width | Bus | MB | AR | AS | SR | SS | ST |
===============================================================================
|       cnt_reg       | Flip-flop |   5   |  Y  | N  | Y  | N  | N  | N  | N  |
|   data_valid_reg    | Flip-flop |   1   |  N  | N  | Y  | N  | N  | N  | N  |
|    data_out_reg     | Flip-flop |  16   |  Y  | N  | Y  | N  | N  | N  | N  |
|    shift_reg_reg    | Flip-flop |  15   |  Y  | N  | Y  | N  | N  | N  | N  |
|     in_done_reg     | Flip-flop |   1   |  N  | N  | Y  | N  | N  | N  | N  |
===============================================================================
Presto compilation completed successfully.
Current design is now '/home/ICer/work_mac16/design/serial_to_parallel/serial_to_parallel.db:serial_to_parallel'
Loaded 1 design.
Current design is 'serial_to_parallel'.
serial_to_parallel
read_verilog ../design/parallel_to_serial/parallel_to_serial.v
Loading verilog file '/home/ICer/work_mac16/design/parallel_to_serial/parallel_to_serial.v'
Detecting input file type automatically (-rtl or -netlist).
Reading with Presto HDL Compiler (equivalent to -rtl option).
Running PRESTO HDLC
Compiling source file /home/ICer/work_mac16/design/parallel_to_serial/parallel_to_serial.v

Inferred memory devices in process
	in routine parallel_to_serial line 20 in file
		'/home/ICer/work_mac16/design/parallel_to_serial/parallel_to_serial.v'.
===============================================================================
|    Register Name    |   Type    | Width | Bus | MB | AR | AS | SR | SS | ST |
===============================================================================
|    bits_left_reg    | Flip-flop |   6   |  Y  | N  | Y  | N  | N  | N  | N  |
|    out_ready_reg    | Flip-flop |   1   |  N  | N  | Y  | N  | N  | N  | N  |
|   serial_out_reg    | Flip-flop |   1   |  N  | N  | Y  | N  | N  | N  | N  |
|    shift_reg_reg    | Flip-flop |  24   |  Y  | N  | Y  | N  | N  | N  | N  |
|      busy_reg       | Flip-flop |   1   |  N  | N  | Y  | N  | N  | N  | N  |
|    out_done_reg     | Flip-flop |   1   |  N  | N  | Y  | N  | N  | N  | N  |
===============================================================================
Presto compilation completed successfully.
Current design is now '/home/ICer/work_mac16/design/parallel_to_serial/parallel_to_serial.db:parallel_to_serial'
Loaded 1 design.
Current design is 'parallel_to_serial'.
parallel_to_serial
read_verilog ../design/mac16_top/mac16_top.v
Loading verilog file '/home/ICer/work_mac16/design/mac16_top/mac16_top.v'
Detecting input file type automatically (-rtl or -netlist).
Reading with Presto HDL Compiler (equivalent to -rtl option).
Running PRESTO HDLC
Compiling source file /home/ICer/work_mac16/design/mac16_top/mac16_top.v

Statistics for case statements in always block at line 84 in file
	'/home/ICer/work_mac16/design/mac16_top/mac16_top.v'
===============================================
|           Line           |  full/ parallel  |
===============================================
|           143            |    auto/auto     |
===============================================

Inferred memory devices in process
	in routine mac16_top line 56 in file
		'/home/ICer/work_mac16/design/mac16_top/mac16_top.v'.
===============================================================================
|    Register Name    |   Type    | Width | Bus | MB | AR | AS | SR | SS | ST |
===============================================================================
|    mode_reg_reg     | Flip-flop |   1   |  N  | N  | Y  | N  | N  | N  | N  |
|   mode_reg_d1_reg   | Flip-flop |   1   |  N  | N  | Y  | N  | N  | N  | N  |
===============================================================================

Inferred memory devices in process
	in routine mac16_top line 84 in file
		'/home/ICer/work_mac16/design/mac16_top/mac16_top.v'.
=================================================================================
|     Register Name     |   Type    | Width | Bus | MB | AR | AS | SR | SS | ST |
=================================================================================
|      opB_reg_reg      | Flip-flop |  16   |  Y  | N  | Y  | N  | N  | N  | N  |
|     sched_cnt_reg     | Flip-flop |   3   |  Y  | N  | Y  | N  | N  | N  | N  |
|  schedule_active_reg  | Flip-flop |   1   |  N  | N  | Y  | N  | N  | N  | N  |
|    fifo_rd_ptr_reg    | Flip-flop |   2   |  Y  | N  | Y  | N  | N  | N  | N  |
|    fifo_wr_ptr_reg    | Flip-flop |   2   |  Y  | N  | Y  | N  | N  | N  | N  |
|    result_fifo_reg    | Flip-flop |  96   |  Y  | N  | Y  | N  | N  | N  | N  |
|   op_fifo_count_reg   | Flip-flop |   3   |  Y  | N  | Y  | N  | N  | N  | N  |
| mac_result_shadow_reg | Flip-flop |  24   |  Y  | N  | Y  | N  | N  | N  | N  |
|  op_fifo_rd_ptr_reg   | Flip-flop |   2   |  Y  | N  | Y  | N  | N  | N  | N  |
|  op_fifo_wr_ptr_reg   | Flip-flop |   2   |  Y  | N  | Y  | N  | N  | N  | N  |
|  p2s_issue_hold_reg   | Flip-flop |   1   |  N  | N  | Y  | N  | N  | N  | N  |
|     opA_fifo_reg      | Flip-flop |  64   |  Y  | N  | Y  | N  | N  | N  | N  |
|    fifo_count_reg     | Flip-flop |   3   |  Y  | N  | Y  | N  | N  | N  | N  |
|     opB_fifo_reg      | Flip-flop |  64   |  Y  | N  | Y  | N  | N  | N  | N  |
|    calc_start_reg     | Flip-flop |   1   |  N  | N  | Y  | N  | N  | N  | N  |
|     p2s_load_reg      | Flip-flop |   1   |  N  | N  | Y  | N  | N  | N  | N  |
|      opA_reg_reg      | Flip-flop |  16   |  Y  | N  | Y  | N  | N  | N  | N  |
=================================================================================
Statistics for MUX_OPs
======================================================
| block name/line  | Inputs | Outputs | # sel inputs |
======================================================
|  mac16_top/121   |   4    |   24    |      2       |
|  mac16_top/136   |   4    |   32    |      2       |
======================================================
Presto compilation completed successfully.
Current design is now '/home/ICer/work_mac16/design/mac16_top/mac16_top.db:mac16_top'
Loaded 1 design.
Current design is 'mac16_top'.
mac16_top
read_verilog ../design/mac16/mac16.v
Loading verilog file '/home/ICer/work_mac16/design/mac16/mac16.v'
Detecting input file type automatically (-rtl or -netlist).
Running DC verilog reader
Performing 'read' command.
Compiling source file /home/ICer/work_mac16/design/mac16/mac16.v
Reading with netlist reader (equivalent to -netlist option).
Verilog netlist reader completed successfully.
Current design is now '/home/ICer/work_mac16/design/mac16/mac16.db:mac16'
Loaded 1 design.
Current design is 'mac16'.
mac16
current_design mac16
Current design is 'mac16'.
{mac16}
link

  Linking design 'mac16'
  Using the following designs and libraries:
  --------------------------------------------------------------------------
  * (8 designs)               /home/ICer/work_mac16/design/mac16/mac16.db, etc
  ics55_LLSC_H9CR_ss_rcworst_1p08_125 (library) /home/ICer/work_mac16/lib/ics55_LLSC_H9CR_ss_rcworst_1p08_125_nldm.db

1
# ------------------------------------------------------------
# 3. 时钟门控设置（库无ICG，使用与/或门逻辑）
# ------------------------------------------------------------
# 使用 latch + 简单门（非集成）
set_clock_gating_style     -sequential_cell latch     -positive_edge_logic {and}     -negative_edge_logic {or}     -control_point before     -max_fanout 32

Current clock gating style....
Sequential cell: latch
Minimum bank bitwidth: 3
Minimum bank bitwidth for enhanced clock gating: 6
Maximum fanout: 32
Setup time for clock gate: 0.000000
Hold time for clock gate: 0.000000
Clock gating circuitry (positive edge): and
Clock gating circuitry (negative edge): or
 Note: inverter between clock gating circuitry 
       and (negative edge) register clock pin.
Control point insertion: before
Control signal for control point: scan_enable
Observation point insertion: false
Observation logic depth: 5
1
# 可选：如果库也不支持 latch，则使用无 latch 的门控（会有毛刺风险，但可接受）
# set_clock_gating_style -sequential_cell none -positive_edge_logic {and} -negative_edge_logic {or}
# ------------------------------------------------------------
# 4. 读入 SDC 约束文件
# ------------------------------------------------------------
source ./mac16.sdc
Current design is 'mac16'.
Current design is 'mac16'.
1
# ------------------------------------------------------------
# 5. 功耗约束与活动率设置
# ------------------------------------------------------------
set_max_dynamic_power 0.3
Information: Command 'set_max_dynamic_power' is obsolete and is being ignored. (INFO-102)
0
# 设置合理翻转率（时钟除外）
set_switching_activity -static_probability 0.02 -toggle_rate 0.02 [all_inputs]
1
set_switching_activity -static_probability 0.01 -toggle_rate 0.01 [all_registers -data_pins]
1
# 特殊处理时钟网络的翻转率（避免工具自动设为2.0）
set_switching_activity -toggle_rate 0.5 [get_nets clk]
1
# 启用 SVF 文件生成（用于 Formality）
set_svf ./mac16.svf
1
# ------------------------------------------------------------
# 6. 执行综合（启用门控，即使没有ICG）
# ------------------------------------------------------------
compile_ultra -gate_clock
Loading db file '/home/synopsys/syn/O-2018.06-SP1/libraries/syn/dw_foundation.sldb'
Information: Failed to find dw_foundation.sldb in the user defined search_path, load it from 'Synopsys Root'. (UISN-70)
Warning: DesignWare synthetic library dw_foundation.sldb is added to the synthetic_library in the current command. (UISN-40)
Information: Performing power optimization. (PWR-850)
Alib files are up-to-date.
Information: Failed to find dw_foundation.sldb in the user defined search_path, load it from 'Synopsys Root'. (UISN-70)
Warning: DesignWare synthetic library dw_foundation.sldb is added to the synthetic_library in the current command. (UISN-40)
Information: Evaluating DesignWare library utilization. (UISN-27)

============================================================================
| DesignWare Building Block Library  |         Version         | Available |
============================================================================
| Basic DW Building Blocks           | O-2018.06-DWBB_201806.1 |     *     |
| Licensed DW Building Blocks        | O-2018.06-DWBB_201806.1 |     *     |
============================================================================

Information: Sequential output inversion is enabled.  SVF file must be used for formal verification. (OPT-1208)

Information: There are 334 potential problems in your design. Please run 'check_design' for more information. (LINT-99)

Information: Uniquified 15 instances of design 'csa32'. (OPT-1056)
Information: Uniquified 480 instances of design 'fulladder'. (OPT-1056)
Information: Uniquified 2 instances of design 'serial_to_parallel'. (OPT-1056)
  Simplifying Design 'mac16'

Loaded alib file './alib-52/ics55_LLSC_H9CR_ss_rcworst_1p08_125_nldm.db.alib'
  Building model 'DW01_NAND2'
Information: Ungrouping hierarchy u_mac16_top before Pass 1 (OPT-776)
Information: Ungrouping hierarchy u_mac16_top/u_mac before Pass 1 (OPT-776)
Information: Ungrouping hierarchy u_mac16_top/u_out before Pass 1 (OPT-776)
Information: Ungrouping hierarchy u_mac16_top/u_inB before Pass 1 (OPT-776)
Information: Ungrouping hierarchy u_mac16_top/u_inA before Pass 1 (OPT-776)
Information: Ungrouping hierarchy u_mac16_top/u_mac/u_mul before Pass 1 (OPT-776)
Information: Ungrouping hierarchy u_mac16_top/u_mac/u_mul/st1_0 before Pass 1 (OPT-776)
Information: Ungrouping hierarchy u_mac16_top/u_mac/u_mul/st6_0 before Pass 1 (OPT-776)
Information: Ungrouping hierarchy u_mac16_top/u_mac/u_mul/st5_0 before Pass 1 (OPT-776)
Information: Ungrouping hierarchy u_mac16_top/u_mac/u_mul/st4_1 before Pass 1 (OPT-776)
Information: Ungrouping hierarchy u_mac16_top/u_mac/u_mul/st4_0 before Pass 1 (OPT-776)
Information: Ungrouping hierarchy u_mac16_top/u_mac/u_mul/st3_1 before Pass 1 (OPT-776)
Information: Ungrouping hierarchy u_mac16_top/u_mac/u_mul/st3_0 before Pass 1 (OPT-776)
Information: Ungrouping hierarchy u_mac16_top/u_mac/u_mul/st2_3 before Pass 1 (OPT-776)
Information: Ungrouping hierarchy u_mac16_top/u_mac/u_mul/st2_2 before Pass 1 (OPT-776)
Information: Ungrouping hierarchy u_mac16_top/u_mac/u_mul/st2_1 before Pass 1 (OPT-776)
Information: Ungrouping hierarchy u_mac16_top/u_mac/u_mul/st2_0 before Pass 1 (OPT-776)
Information: Ungrouping hierarchy u_mac16_top/u_mac/u_mul/st1_4 before Pass 1 (OPT-776)
Information: Ungrouping hierarchy u_mac16_top/u_mac/u_mul/st1_3 before Pass 1 (OPT-776)
Information: Ungrouping hierarchy u_mac16_top/u_mac/u_mul/st1_2 before Pass 1 (OPT-776)
Information: Ungrouping hierarchy u_mac16_top/u_mac/u_mul/st1_1 before Pass 1 (OPT-776)
Information: Ungrouping hierarchy u_mac16_top/u_mac/u_mul/st1_0/gen_csa_fa[0].u_fa before Pass 1 (OPT-776)
Information: Ungrouping hierarchy u_mac16_top/u_mac/u_mul/st6_0/gen_csa_fa[31].u_fa before Pass 1 (OPT-776)
Information: Ungrouping hierarchy u_mac16_top/u_mac/u_mul/st6_0/gen_csa_fa[30].u_fa before Pass 1 (OPT-776)
Information: Ungrouping hierarchy u_mac16_top/u_mac/u_mul/st6_0/gen_csa_fa[29].u_fa before Pass 1 (OPT-776)
Information: Ungrouping hierarchy u_mac16_top/u_mac/u_mul/st6_0/gen_csa_fa[28].u_fa before Pass 1 (OPT-776)
Information: Ungrouping hierarchy u_mac16_top/u_mac/u_mul/st6_0/gen_csa_fa[27].u_fa before Pass 1 (OPT-776)
Information: Ungrouping hierarchy u_mac16_top/u_mac/u_mul/st6_0/gen_csa_fa[26].u_fa before Pass 1 (OPT-776)
Information: Ungrouping hierarchy u_mac16_top/u_mac/u_mul/st6_0/gen_csa_fa[25].u_fa before Pass 1 (OPT-776)
Information: Ungrouping hierarchy u_mac16_top/u_mac/u_mul/st6_0/gen_csa_fa[24].u_fa before Pass 1 (OPT-776)
Information: Ungrouping hierarchy u_mac16_top/u_mac/u_mul/st6_0/gen_csa_fa[23].u_fa before Pass 1 (OPT-776)
Information: Ungrouping hierarchy u_mac16_top/u_mac/u_mul/st6_0/gen_csa_fa[22].u_fa before Pass 1 (OPT-776)
Information: Ungrouping hierarchy u_mac16_top/u_mac/u_mul/st6_0/gen_csa_fa[21].u_fa before Pass 1 (OPT-776)
Information: Ungrouping hierarchy u_mac16_top/u_mac/u_mul/st6_0/gen_csa_fa[20].u_fa before Pass 1 (OPT-776)
Information: Ungrouping hierarchy u_mac16_top/u_mac/u_mul/st6_0/gen_csa_fa[19].u_fa before Pass 1 (OPT-776)
Information: Ungrouping hierarchy u_mac16_top/u_mac/u_mul/st6_0/gen_csa_fa[18].u_fa before Pass 1 (OPT-776)
Information: Ungrouping hierarchy u_mac16_top/u_mac/u_mul/st6_0/gen_csa_fa[17].u_fa before Pass 1 (OPT-776)
Information: Ungrouping hierarchy u_mac16_top/u_mac/u_mul/st6_0/gen_csa_fa[16].u_fa before Pass 1 (OPT-776)
Information: Ungrouping hierarchy u_mac16_top/u_mac/u_mul/st6_0/gen_csa_fa[15].u_fa before Pass 1 (OPT-776)
Information: Ungrouping hierarchy u_mac16_top/u_mac/u_mul/st6_0/gen_csa_fa[14].u_fa before Pass 1 (OPT-776)
Information: Ungrouping hierarchy u_mac16_top/u_mac/u_mul/st6_0/gen_csa_fa[13].u_fa before Pass 1 (OPT-776)
Information: Ungrouping hierarchy u_mac16_top/u_mac/u_mul/st6_0/gen_csa_fa[12].u_fa before Pass 1 (OPT-776)
Information: Ungrouping hierarchy u_mac16_top/u_mac/u_mul/st6_0/gen_csa_fa[11].u_fa before Pass 1 (OPT-776)
Information: Ungrouping hierarchy u_mac16_top/u_mac/u_mul/st6_0/gen_csa_fa[10].u_fa before Pass 1 (OPT-776)
Information: Ungrouping hierarchy u_mac16_top/u_mac/u_mul/st6_0/gen_csa_fa[9].u_fa before Pass 1 (OPT-776)
Information: Ungrouping hierarchy u_mac16_top/u_mac/u_mul/st6_0/gen_csa_fa[8].u_fa before Pass 1 (OPT-776)
Information: Ungrouping hierarchy u_mac16_top/u_mac/u_mul/st6_0/gen_csa_fa[7].u_fa before Pass 1 (OPT-776)
Information: Ungrouping hierarchy u_mac16_top/u_mac/u_mul/st6_0/gen_csa_fa[6].u_fa before Pass 1 (OPT-776)
Information: Ungrouping hierarchy u_mac16_top/u_mac/u_mul/st6_0/gen_csa_fa[5].u_fa before Pass 1 (OPT-776)
Information: Ungrouping hierarchy u_mac16_top/u_mac/u_mul/st6_0/gen_csa_fa[4].u_fa before Pass 1 (OPT-776)
Information: Ungrouping hierarchy u_mac16_top/u_mac/u_mul/st6_0/gen_csa_fa[3].u_fa before Pass 1 (OPT-776)
Information: Ungrouping hierarchy u_mac16_top/u_mac/u_mul/st6_0/gen_csa_fa[2].u_fa before Pass 1 (OPT-776)
Information: Ungrouping hierarchy u_mac16_top/u_mac/u_mul/st6_0/gen_csa_fa[1].u_fa before Pass 1 (OPT-776)
Information: Ungrouping hierarchy u_mac16_top/u_mac/u_mul/st6_0/gen_csa_fa[0].u_fa before Pass 1 (OPT-776)
Information: Ungrouping hierarchy u_mac16_top/u_mac/u_mul/st5_0/gen_csa_fa[31].u_fa before Pass 1 (OPT-776)
Information: Ungrouping hierarchy u_mac16_top/u_mac/u_mul/st5_0/gen_csa_fa[30].u_fa before Pass 1 (OPT-776)
Information: Ungrouping hierarchy u_mac16_top/u_mac/u_mul/st5_0/gen_csa_fa[29].u_fa before Pass 1 (OPT-776)
Information: Ungrouping hierarchy u_mac16_top/u_mac/u_mul/st5_0/gen_csa_fa[28].u_fa before Pass 1 (OPT-776)
Information: Ungrouping hierarchy u_mac16_top/u_mac/u_mul/st5_0/gen_csa_fa[27].u_fa before Pass 1 (OPT-776)
Information: Ungrouping hierarchy u_mac16_top/u_mac/u_mul/st5_0/gen_csa_fa[26].u_fa before Pass 1 (OPT-776)
Information: Ungrouping hierarchy u_mac16_top/u_mac/u_mul/st5_0/gen_csa_fa[25].u_fa before Pass 1 (OPT-776)
Information: Ungrouping hierarchy u_mac16_top/u_mac/u_mul/st5_0/gen_csa_fa[24].u_fa before Pass 1 (OPT-776)
Information: Ungrouping hierarchy u_mac16_top/u_mac/u_mul/st5_0/gen_csa_fa[23].u_fa before Pass 1 (OPT-776)
Information: Ungrouping hierarchy u_mac16_top/u_mac/u_mul/st5_0/gen_csa_fa[22].u_fa before Pass 1 (OPT-776)
Information: Ungrouping hierarchy u_mac16_top/u_mac/u_mul/st5_0/gen_csa_fa[21].u_fa before Pass 1 (OPT-776)
Information: Ungrouping hierarchy u_mac16_top/u_mac/u_mul/st5_0/gen_csa_fa[20].u_fa before Pass 1 (OPT-776)
Information: Ungrouping hierarchy u_mac16_top/u_mac/u_mul/st5_0/gen_csa_fa[19].u_fa before Pass 1 (OPT-776)
Information: Ungrouping hierarchy u_mac16_top/u_mac/u_mul/st5_0/gen_csa_fa[18].u_fa before Pass 1 (OPT-776)
Information: Ungrouping hierarchy u_mac16_top/u_mac/u_mul/st5_0/gen_csa_fa[17].u_fa before Pass 1 (OPT-776)
Information: Ungrouping hierarchy u_mac16_top/u_mac/u_mul/st5_0/gen_csa_fa[16].u_fa before Pass 1 (OPT-776)
Information: Ungrouping hierarchy u_mac16_top/u_mac/u_mul/st5_0/gen_csa_fa[15].u_fa before Pass 1 (OPT-776)
Information: Ungrouping hierarchy u_mac16_top/u_mac/u_mul/st5_0/gen_csa_fa[14].u_fa before Pass 1 (OPT-776)
Information: Ungrouping hierarchy u_mac16_top/u_mac/u_mul/st5_0/gen_csa_fa[13].u_fa before Pass 1 (OPT-776)
Information: Ungrouping hierarchy u_mac16_top/u_mac/u_mul/st5_0/gen_csa_fa[12].u_fa before Pass 1 (OPT-776)
Information: Ungrouping hierarchy u_mac16_top/u_mac/u_mul/st5_0/gen_csa_fa[11].u_fa before Pass 1 (OPT-776)
Information: Ungrouping hierarchy u_mac16_top/u_mac/u_mul/st5_0/gen_csa_fa[10].u_fa before Pass 1 (OPT-776)
Information: Ungrouping hierarchy u_mac16_top/u_mac/u_mul/st5_0/gen_csa_fa[9].u_fa before Pass 1 (OPT-776)
Information: Ungrouping hierarchy u_mac16_top/u_mac/u_mul/st5_0/gen_csa_fa[8].u_fa before Pass 1 (OPT-776)
Information: Ungrouping hierarchy u_mac16_top/u_mac/u_mul/st5_0/gen_csa_fa[7].u_fa before Pass 1 (OPT-776)
Information: Ungrouping hierarchy u_mac16_top/u_mac/u_mul/st5_0/gen_csa_fa[6].u_fa before Pass 1 (OPT-776)
Information: Ungrouping hierarchy u_mac16_top/u_mac/u_mul/st5_0/gen_csa_fa[5].u_fa before Pass 1 (OPT-776)
Information: Ungrouping hierarchy u_mac16_top/u_mac/u_mul/st5_0/gen_csa_fa[4].u_fa before Pass 1 (OPT-776)
Information: Ungrouping hierarchy u_mac16_top/u_mac/u_mul/st5_0/gen_csa_fa[3].u_fa before Pass 1 (OPT-776)
Information: Ungrouping hierarchy u_mac16_top/u_mac/u_mul/st5_0/gen_csa_fa[2].u_fa before Pass 1 (OPT-776)
Information: Ungrouping hierarchy u_mac16_top/u_mac/u_mul/st5_0/gen_csa_fa[1].u_fa before Pass 1 (OPT-776)
Information: Ungrouping hierarchy u_mac16_top/u_mac/u_mul/st5_0/gen_csa_fa[0].u_fa before Pass 1 (OPT-776)
Information: Ungrouping hierarchy u_mac16_top/u_mac/u_mul/st4_1/gen_csa_fa[31].u_fa before Pass 1 (OPT-776)
Information: Ungrouping hierarchy u_mac16_top/u_mac/u_mul/st4_1/gen_csa_fa[30].u_fa before Pass 1 (OPT-776)
Information: Ungrouping hierarchy u_mac16_top/u_mac/u_mul/st4_1/gen_csa_fa[29].u_fa before Pass 1 (OPT-776)
Information: Ungrouping hierarchy u_mac16_top/u_mac/u_mul/st4_1/gen_csa_fa[28].u_fa before Pass 1 (OPT-776)
Information: Ungrouping hierarchy u_mac16_top/u_mac/u_mul/st4_1/gen_csa_fa[27].u_fa before Pass 1 (OPT-776)
Information: Ungrouping hierarchy u_mac16_top/u_mac/u_mul/st4_1/gen_csa_fa[26].u_fa before Pass 1 (OPT-776)
Information: Ungrouping hierarchy u_mac16_top/u_mac/u_mul/st4_1/gen_csa_fa[25].u_fa before Pass 1 (OPT-776)
Information: Ungrouping hierarchy u_mac16_top/u_mac/u_mul/st4_1/gen_csa_fa[24].u_fa before Pass 1 (OPT-776)
Information: Ungrouping hierarchy u_mac16_top/u_mac/u_mul/st4_1/gen_csa_fa[23].u_fa before Pass 1 (OPT-776)
Information: Ungrouping hierarchy u_mac16_top/u_mac/u_mul/st4_1/gen_csa_fa[22].u_fa before Pass 1 (OPT-776)
Information: Ungrouping hierarchy u_mac16_top/u_mac/u_mul/st4_1/gen_csa_fa[21].u_fa before Pass 1 (OPT-776)
Information: Ungrouping hierarchy u_mac16_top/u_mac/u_mul/st4_1/gen_csa_fa[20].u_fa before Pass 1 (OPT-776)
Information: Ungrouping hierarchy u_mac16_top/u_mac/u_mul/st4_1/gen_csa_fa[19].u_fa before Pass 1 (OPT-776)
Information: Ungrouping hierarchy u_mac16_top/u_mac/u_mul/st4_1/gen_csa_fa[18].u_fa before Pass 1 (OPT-776)
Information: Ungrouping hierarchy u_mac16_top/u_mac/u_mul/st4_1/gen_csa_fa[17].u_fa before Pass 1 (OPT-776)
Information: Ungrouping hierarchy u_mac16_top/u_mac/u_mul/st4_1/gen_csa_fa[16].u_fa before Pass 1 (OPT-776)
Information: Ungrouping hierarchy u_mac16_top/u_mac/u_mul/st4_1/gen_csa_fa[15].u_fa before Pass 1 (OPT-776)
Information: Ungrouping hierarchy u_mac16_top/u_mac/u_mul/st4_1/gen_csa_fa[14].u_fa before Pass 1 (OPT-776)
Information: Ungrouping hierarchy u_mac16_top/u_mac/u_mul/st4_1/gen_csa_fa[13].u_fa before Pass 1 (OPT-776)
Information: Ungrouping hierarchy u_mac16_top/u_mac/u_mul/st4_1/gen_csa_fa[12].u_fa before Pass 1 (OPT-776)
Information: Ungrouping hierarchy u_mac16_top/u_mac/u_mul/st4_1/gen_csa_fa[11].u_fa before Pass 1 (OPT-776)
Information: Ungrouping hierarchy u_mac16_top/u_mac/u_mul/st4_1/gen_csa_fa[10].u_fa before Pass 1 (OPT-776)
Information: Ungrouping hierarchy u_mac16_top/u_mac/u_mul/st4_1/gen_csa_fa[9].u_fa before Pass 1 (OPT-776)
Information: Ungrouping hierarchy u_mac16_top/u_mac/u_mul/st4_1/gen_csa_fa[8].u_fa before Pass 1 (OPT-776)
Information: Ungrouping hierarchy u_mac16_top/u_mac/u_mul/st4_1/gen_csa_fa[7].u_fa before Pass 1 (OPT-776)
Information: Ungrouping hierarchy u_mac16_top/u_mac/u_mul/st4_1/gen_csa_fa[6].u_fa before Pass 1 (OPT-776)
Information: Ungrouping hierarchy u_mac16_top/u_mac/u_mul/st4_1/gen_csa_fa[5].u_fa before Pass 1 (OPT-776)
Information: Ungrouping hierarchy u_mac16_top/u_mac/u_mul/st4_1/gen_csa_fa[4].u_fa before Pass 1 (OPT-776)
Information: Ungrouping hierarchy u_mac16_top/u_mac/u_mul/st4_1/gen_csa_fa[3].u_fa before Pass 1 (OPT-776)
Information: Ungrouping hierarchy u_mac16_top/u_mac/u_mul/st4_1/gen_csa_fa[2].u_fa before Pass 1 (OPT-776)
Information: Ungrouping hierarchy u_mac16_top/u_mac/u_mul/st4_1/gen_csa_fa[1].u_fa before Pass 1 (OPT-776)
Information: Ungrouping hierarchy u_mac16_top/u_mac/u_mul/st4_1/gen_csa_fa[0].u_fa before Pass 1 (OPT-776)
Information: Ungrouping hierarchy u_mac16_top/u_mac/u_mul/st4_0/gen_csa_fa[31].u_fa before Pass 1 (OPT-776)
Information: Ungrouping hierarchy u_mac16_top/u_mac/u_mul/st4_0/gen_csa_fa[30].u_fa before Pass 1 (OPT-776)
Information: Ungrouping hierarchy u_mac16_top/u_mac/u_mul/st4_0/gen_csa_fa[29].u_fa before Pass 1 (OPT-776)
Information: Ungrouping hierarchy u_mac16_top/u_mac/u_mul/st4_0/gen_csa_fa[28].u_fa before Pass 1 (OPT-776)
Information: Ungrouping hierarchy u_mac16_top/u_mac/u_mul/st4_0/gen_csa_fa[27].u_fa before Pass 1 (OPT-776)
Information: Ungrouping hierarchy u_mac16_top/u_mac/u_mul/st4_0/gen_csa_fa[26].u_fa before Pass 1 (OPT-776)
Information: Ungrouping hierarchy u_mac16_top/u_mac/u_mul/st4_0/gen_csa_fa[25].u_fa before Pass 1 (OPT-776)
Information: Ungrouping hierarchy u_mac16_top/u_mac/u_mul/st4_0/gen_csa_fa[24].u_fa before Pass 1 (OPT-776)
Information: Ungrouping hierarchy u_mac16_top/u_mac/u_mul/st4_0/gen_csa_fa[23].u_fa before Pass 1 (OPT-776)
Information: Ungrouping hierarchy u_mac16_top/u_mac/u_mul/st4_0/gen_csa_fa[22].u_fa before Pass 1 (OPT-776)
Information: Ungrouping hierarchy u_mac16_top/u_mac/u_mul/st4_0/gen_csa_fa[21].u_fa before Pass 1 (OPT-776)
Information: Ungrouping hierarchy u_mac16_top/u_mac/u_mul/st4_0/gen_csa_fa[20].u_fa before Pass 1 (OPT-776)
Information: Ungrouping hierarchy u_mac16_top/u_mac/u_mul/st4_0/gen_csa_fa[19].u_fa before Pass 1 (OPT-776)
Information: Ungrouping hierarchy u_mac16_top/u_mac/u_mul/st4_0/gen_csa_fa[18].u_fa before Pass 1 (OPT-776)
Information: Ungrouping hierarchy u_mac16_top/u_mac/u_mul/st4_0/gen_csa_fa[17].u_fa before Pass 1 (OPT-776)
Information: Ungrouping hierarchy u_mac16_top/u_mac/u_mul/st4_0/gen_csa_fa[16].u_fa before Pass 1 (OPT-776)
Information: Ungrouping hierarchy u_mac16_top/u_mac/u_mul/st4_0/gen_csa_fa[15].u_fa before Pass 1 (OPT-776)
Information: Ungrouping hierarchy u_mac16_top/u_mac/u_mul/st4_0/gen_csa_fa[14].u_fa before Pass 1 (OPT-776)
Information: Ungrouping hierarchy u_mac16_top/u_mac/u_mul/st4_0/gen_csa_fa[13].u_fa before Pass 1 (OPT-776)
Information: Ungrouping hierarchy u_mac16_top/u_mac/u_mul/st4_0/gen_csa_fa[12].u_fa before Pass 1 (OPT-776)
Information: Ungrouping hierarchy u_mac16_top/u_mac/u_mul/st4_0/gen_csa_fa[11].u_fa before Pass 1 (OPT-776)
Information: Ungrouping hierarchy u_mac16_top/u_mac/u_mul/st4_0/gen_csa_fa[10].u_fa before Pass 1 (OPT-776)
Information: Ungrouping hierarchy u_mac16_top/u_mac/u_mul/st4_0/gen_csa_fa[9].u_fa before Pass 1 (OPT-776)
Information: Ungrouping hierarchy u_mac16_top/u_mac/u_mul/st4_0/gen_csa_fa[8].u_fa before Pass 1 (OPT-776)
Information: Ungrouping hierarchy u_mac16_top/u_mac/u_mul/st4_0/gen_csa_fa[7].u_fa before Pass 1 (OPT-776)
Information: Ungrouping hierarchy u_mac16_top/u_mac/u_mul/st4_0/gen_csa_fa[6].u_fa before Pass 1 (OPT-776)
Information: Ungrouping hierarchy u_mac16_top/u_mac/u_mul/st4_0/gen_csa_fa[5].u_fa before Pass 1 (OPT-776)
Information: Ungrouping hierarchy u_mac16_top/u_mac/u_mul/st4_0/gen_csa_fa[4].u_fa before Pass 1 (OPT-776)
Information: Ungrouping hierarchy u_mac16_top/u_mac/u_mul/st4_0/gen_csa_fa[3].u_fa before Pass 1 (OPT-776)
Information: Ungrouping hierarchy u_mac16_top/u_mac/u_mul/st4_0/gen_csa_fa[2].u_fa before Pass 1 (OPT-776)
Information: Ungrouping hierarchy u_mac16_top/u_mac/u_mul/st4_0/gen_csa_fa[1].u_fa before Pass 1 (OPT-776)
Information: Ungrouping hierarchy u_mac16_top/u_mac/u_mul/st4_0/gen_csa_fa[0].u_fa before Pass 1 (OPT-776)
Information: Ungrouping hierarchy u_mac16_top/u_mac/u_mul/st3_1/gen_csa_fa[31].u_fa before Pass 1 (OPT-776)
Information: Ungrouping hierarchy u_mac16_top/u_mac/u_mul/st3_1/gen_csa_fa[30].u_fa before Pass 1 (OPT-776)
Information: Ungrouping hierarchy u_mac16_top/u_mac/u_mul/st3_1/gen_csa_fa[29].u_fa before Pass 1 (OPT-776)
Information: Ungrouping hierarchy u_mac16_top/u_mac/u_mul/st3_1/gen_csa_fa[28].u_fa before Pass 1 (OPT-776)
Information: Ungrouping hierarchy u_mac16_top/u_mac/u_mul/st3_1/gen_csa_fa[27].u_fa before Pass 1 (OPT-776)
Information: Ungrouping hierarchy u_mac16_top/u_mac/u_mul/st3_1/gen_csa_fa[26].u_fa before Pass 1 (OPT-776)
Information: Ungrouping hierarchy u_mac16_top/u_mac/u_mul/st3_1/gen_csa_fa[25].u_fa before Pass 1 (OPT-776)
Information: Ungrouping hierarchy u_mac16_top/u_mac/u_mul/st3_1/gen_csa_fa[24].u_fa before Pass 1 (OPT-776)
Information: Ungrouping hierarchy u_mac16_top/u_mac/u_mul/st3_1/gen_csa_fa[23].u_fa before Pass 1 (OPT-776)
Information: Ungrouping hierarchy u_mac16_top/u_mac/u_mul/st3_1/gen_csa_fa[22].u_fa before Pass 1 (OPT-776)
Information: Ungrouping hierarchy u_mac16_top/u_mac/u_mul/st3_1/gen_csa_fa[21].u_fa before Pass 1 (OPT-776)
Information: Ungrouping hierarchy u_mac16_top/u_mac/u_mul/st3_1/gen_csa_fa[20].u_fa before Pass 1 (OPT-776)
Information: Ungrouping hierarchy u_mac16_top/u_mac/u_mul/st3_1/gen_csa_fa[19].u_fa before Pass 1 (OPT-776)
Information: Ungrouping hierarchy u_mac16_top/u_mac/u_mul/st3_1/gen_csa_fa[18].u_fa before Pass 1 (OPT-776)
Information: Ungrouping hierarchy u_mac16_top/u_mac/u_mul/st3_1/gen_csa_fa[17].u_fa before Pass 1 (OPT-776)
Information: Ungrouping hierarchy u_mac16_top/u_mac/u_mul/st3_1/gen_csa_fa[16].u_fa before Pass 1 (OPT-776)
Information: Ungrouping hierarchy u_mac16_top/u_mac/u_mul/st3_1/gen_csa_fa[15].u_fa before Pass 1 (OPT-776)
Information: Ungrouping hierarchy u_mac16_top/u_mac/u_mul/st3_1/gen_csa_fa[14].u_fa before Pass 1 (OPT-776)
Information: Ungrouping hierarchy u_mac16_top/u_mac/u_mul/st3_1/gen_csa_fa[13].u_fa before Pass 1 (OPT-776)
Information: Ungrouping hierarchy u_mac16_top/u_mac/u_mul/st3_1/gen_csa_fa[12].u_fa before Pass 1 (OPT-776)
Information: Ungrouping hierarchy u_mac16_top/u_mac/u_mul/st3_1/gen_csa_fa[11].u_fa before Pass 1 (OPT-776)
Information: Ungrouping hierarchy u_mac16_top/u_mac/u_mul/st3_1/gen_csa_fa[10].u_fa before Pass 1 (OPT-776)
Information: Ungrouping hierarchy u_mac16_top/u_mac/u_mul/st3_1/gen_csa_fa[9].u_fa before Pass 1 (OPT-776)
Information: Ungrouping hierarchy u_mac16_top/u_mac/u_mul/st3_1/gen_csa_fa[8].u_fa before Pass 1 (OPT-776)
Information: Ungrouping hierarchy u_mac16_top/u_mac/u_mul/st3_1/gen_csa_fa[7].u_fa before Pass 1 (OPT-776)
Information: Ungrouping hierarchy u_mac16_top/u_mac/u_mul/st3_1/gen_csa_fa[6].u_fa before Pass 1 (OPT-776)
Information: Ungrouping hierarchy u_mac16_top/u_mac/u_mul/st3_1/gen_csa_fa[5].u_fa before Pass 1 (OPT-776)
Information: Ungrouping hierarchy u_mac16_top/u_mac/u_mul/st3_1/gen_csa_fa[4].u_fa before Pass 1 (OPT-776)
Information: Ungrouping hierarchy u_mac16_top/u_mac/u_mul/st3_1/gen_csa_fa[3].u_fa before Pass 1 (OPT-776)
Information: Ungrouping hierarchy u_mac16_top/u_mac/u_mul/st3_1/gen_csa_fa[2].u_fa before Pass 1 (OPT-776)
Information: Ungrouping hierarchy u_mac16_top/u_mac/u_mul/st3_1/gen_csa_fa[1].u_fa before Pass 1 (OPT-776)
Information: Ungrouping hierarchy u_mac16_top/u_mac/u_mul/st3_1/gen_csa_fa[0].u_fa before Pass 1 (OPT-776)
Information: Ungrouping hierarchy u_mac16_top/u_mac/u_mul/st3_0/gen_csa_fa[31].u_fa before Pass 1 (OPT-776)
Information: Ungrouping hierarchy u_mac16_top/u_mac/u_mul/st3_0/gen_csa_fa[30].u_fa before Pass 1 (OPT-776)
Information: Ungrouping hierarchy u_mac16_top/u_mac/u_mul/st3_0/gen_csa_fa[29].u_fa before Pass 1 (OPT-776)
Information: Ungrouping hierarchy u_mac16_top/u_mac/u_mul/st3_0/gen_csa_fa[28].u_fa before Pass 1 (OPT-776)
Information: Ungrouping hierarchy u_mac16_top/u_mac/u_mul/st3_0/gen_csa_fa[27].u_fa before Pass 1 (OPT-776)
Information: Ungrouping hierarchy u_mac16_top/u_mac/u_mul/st3_0/gen_csa_fa[26].u_fa before Pass 1 (OPT-776)
Information: Ungrouping hierarchy u_mac16_top/u_mac/u_mul/st3_0/gen_csa_fa[25].u_fa before Pass 1 (OPT-776)
Information: Ungrouping hierarchy u_mac16_top/u_mac/u_mul/st3_0/gen_csa_fa[24].u_fa before Pass 1 (OPT-776)
Information: Ungrouping hierarchy u_mac16_top/u_mac/u_mul/st3_0/gen_csa_fa[23].u_fa before Pass 1 (OPT-776)
Information: Ungrouping hierarchy u_mac16_top/u_mac/u_mul/st3_0/gen_csa_fa[22].u_fa before Pass 1 (OPT-776)
Information: Ungrouping hierarchy u_mac16_top/u_mac/u_mul/st3_0/gen_csa_fa[21].u_fa before Pass 1 (OPT-776)
Information: Ungrouping hierarchy u_mac16_top/u_mac/u_mul/st3_0/gen_csa_fa[20].u_fa before Pass 1 (OPT-776)
Information: Ungrouping hierarchy u_mac16_top/u_mac/u_mul/st3_0/gen_csa_fa[19].u_fa before Pass 1 (OPT-776)
Information: Ungrouping hierarchy u_mac16_top/u_mac/u_mul/st3_0/gen_csa_fa[18].u_fa before Pass 1 (OPT-776)
Information: Ungrouping hierarchy u_mac16_top/u_mac/u_mul/st3_0/gen_csa_fa[17].u_fa before Pass 1 (OPT-776)
Information: Ungrouping hierarchy u_mac16_top/u_mac/u_mul/st3_0/gen_csa_fa[16].u_fa before Pass 1 (OPT-776)
Information: Ungrouping hierarchy u_mac16_top/u_mac/u_mul/st3_0/gen_csa_fa[15].u_fa before Pass 1 (OPT-776)
Information: Ungrouping hierarchy u_mac16_top/u_mac/u_mul/st3_0/gen_csa_fa[14].u_fa before Pass 1 (OPT-776)
Information: Ungrouping hierarchy u_mac16_top/u_mac/u_mul/st3_0/gen_csa_fa[13].u_fa before Pass 1 (OPT-776)
Information: Ungrouping hierarchy u_mac16_top/u_mac/u_mul/st3_0/gen_csa_fa[12].u_fa before Pass 1 (OPT-776)
Information: Ungrouping hierarchy u_mac16_top/u_mac/u_mul/st3_0/gen_csa_fa[11].u_fa before Pass 1 (OPT-776)
Information: Ungrouping hierarchy u_mac16_top/u_mac/u_mul/st3_0/gen_csa_fa[10].u_fa before Pass 1 (OPT-776)
Information: Ungrouping hierarchy u_mac16_top/u_mac/u_mul/st3_0/gen_csa_fa[9].u_fa before Pass 1 (OPT-776)
Information: Ungrouping hierarchy u_mac16_top/u_mac/u_mul/st3_0/gen_csa_fa[8].u_fa before Pass 1 (OPT-776)
Information: Ungrouping hierarchy u_mac16_top/u_mac/u_mul/st3_0/gen_csa_fa[7].u_fa before Pass 1 (OPT-776)
Information: Ungrouping hierarchy u_mac16_top/u_mac/u_mul/st3_0/gen_csa_fa[6].u_fa before Pass 1 (OPT-776)
Information: Ungrouping hierarchy u_mac16_top/u_mac/u_mul/st3_0/gen_csa_fa[5].u_fa before Pass 1 (OPT-776)
Information: Ungrouping hierarchy u_mac16_top/u_mac/u_mul/st3_0/gen_csa_fa[4].u_fa before Pass 1 (OPT-776)
Information: Ungrouping hierarchy u_mac16_top/u_mac/u_mul/st3_0/gen_csa_fa[3].u_fa before Pass 1 (OPT-776)
Information: Ungrouping hierarchy u_mac16_top/u_mac/u_mul/st3_0/gen_csa_fa[2].u_fa before Pass 1 (OPT-776)
Information: Ungrouping hierarchy u_mac16_top/u_mac/u_mul/st3_0/gen_csa_fa[1].u_fa before Pass 1 (OPT-776)
Information: Ungrouping hierarchy u_mac16_top/u_mac/u_mul/st3_0/gen_csa_fa[0].u_fa before Pass 1 (OPT-776)
Information: Ungrouping hierarchy u_mac16_top/u_mac/u_mul/st2_3/gen_csa_fa[31].u_fa before Pass 1 (OPT-776)
Information: Ungrouping hierarchy u_mac16_top/u_mac/u_mul/st2_3/gen_csa_fa[30].u_fa before Pass 1 (OPT-776)
Information: Ungrouping hierarchy u_mac16_top/u_mac/u_mul/st2_3/gen_csa_fa[29].u_fa before Pass 1 (OPT-776)
Information: Ungrouping hierarchy u_mac16_top/u_mac/u_mul/st2_3/gen_csa_fa[28].u_fa before Pass 1 (OPT-776)
Information: Ungrouping hierarchy u_mac16_top/u_mac/u_mul/st2_3/gen_csa_fa[27].u_fa before Pass 1 (OPT-776)
Information: Ungrouping hierarchy u_mac16_top/u_mac/u_mul/st2_3/gen_csa_fa[26].u_fa before Pass 1 (OPT-776)
Information: Ungrouping hierarchy u_mac16_top/u_mac/u_mul/st2_3/gen_csa_fa[25].u_fa before Pass 1 (OPT-776)
Information: Ungrouping hierarchy u_mac16_top/u_mac/u_mul/st2_3/gen_csa_fa[24].u_fa before Pass 1 (OPT-776)
Information: Ungrouping hierarchy u_mac16_top/u_mac/u_mul/st2_3/gen_csa_fa[23].u_fa before Pass 1 (OPT-776)
Information: Ungrouping hierarchy u_mac16_top/u_mac/u_mul/st2_3/gen_csa_fa[22].u_fa before Pass 1 (OPT-776)
Information: Ungrouping hierarchy u_mac16_top/u_mac/u_mul/st2_3/gen_csa_fa[21].u_fa before Pass 1 (OPT-776)
Information: Ungrouping hierarchy u_mac16_top/u_mac/u_mul/st2_3/gen_csa_fa[20].u_fa before Pass 1 (OPT-776)
Information: Ungrouping hierarchy u_mac16_top/u_mac/u_mul/st2_3/gen_csa_fa[19].u_fa before Pass 1 (OPT-776)
Information: Ungrouping hierarchy u_mac16_top/u_mac/u_mul/st2_3/gen_csa_fa[18].u_fa before Pass 1 (OPT-776)
Information: Ungrouping hierarchy u_mac16_top/u_mac/u_mul/st2_3/gen_csa_fa[17].u_fa before Pass 1 (OPT-776)
Information: Ungrouping hierarchy u_mac16_top/u_mac/u_mul/st2_3/gen_csa_fa[16].u_fa before Pass 1 (OPT-776)
Information: Ungrouping hierarchy u_mac16_top/u_mac/u_mul/st2_3/gen_csa_fa[15].u_fa before Pass 1 (OPT-776)
Information: Ungrouping hierarchy u_mac16_top/u_mac/u_mul/st2_3/gen_csa_fa[14].u_fa before Pass 1 (OPT-776)
Information: Ungrouping hierarchy u_mac16_top/u_mac/u_mul/st2_3/gen_csa_fa[13].u_fa before Pass 1 (OPT-776)
Information: Ungrouping hierarchy u_mac16_top/u_mac/u_mul/st2_3/gen_csa_fa[12].u_fa before Pass 1 (OPT-776)
Information: Ungrouping hierarchy u_mac16_top/u_mac/u_mul/st2_3/gen_csa_fa[11].u_fa before Pass 1 (OPT-776)
Information: Ungrouping hierarchy u_mac16_top/u_mac/u_mul/st2_3/gen_csa_fa[10].u_fa before Pass 1 (OPT-776)
Information: Ungrouping hierarchy u_mac16_top/u_mac/u_mul/st2_3/gen_csa_fa[9].u_fa before Pass 1 (OPT-776)
Information: Ungrouping hierarchy u_mac16_top/u_mac/u_mul/st2_3/gen_csa_fa[8].u_fa before Pass 1 (OPT-776)
Information: Ungrouping hierarchy u_mac16_top/u_mac/u_mul/st2_3/gen_csa_fa[7].u_fa before Pass 1 (OPT-776)
Information: Ungrouping hierarchy u_mac16_top/u_mac/u_mul/st2_3/gen_csa_fa[6].u_fa before Pass 1 (OPT-776)
Information: Ungrouping hierarchy u_mac16_top/u_mac/u_mul/st2_3/gen_csa_fa[5].u_fa before Pass 1 (OPT-776)
Information: Ungrouping hierarchy u_mac16_top/u_mac/u_mul/st2_3/gen_csa_fa[4].u_fa before Pass 1 (OPT-776)
Information: Ungrouping hierarchy u_mac16_top/u_mac/u_mul/st2_3/gen_csa_fa[3].u_fa before Pass 1 (OPT-776)
Information: Ungrouping hierarchy u_mac16_top/u_mac/u_mul/st2_3/gen_csa_fa[2].u_fa before Pass 1 (OPT-776)
Information: Ungrouping hierarchy u_mac16_top/u_mac/u_mul/st2_3/gen_csa_fa[1].u_fa before Pass 1 (OPT-776)
Information: Ungrouping hierarchy u_mac16_top/u_mac/u_mul/st2_3/gen_csa_fa[0].u_fa before Pass 1 (OPT-776)
Information: Ungrouping hierarchy u_mac16_top/u_mac/u_mul/st2_2/gen_csa_fa[31].u_fa before Pass 1 (OPT-776)
Information: Ungrouping hierarchy u_mac16_top/u_mac/u_mul/st2_2/gen_csa_fa[30].u_fa before Pass 1 (OPT-776)
Information: Ungrouping hierarchy u_mac16_top/u_mac/u_mul/st2_2/gen_csa_fa[29].u_fa before Pass 1 (OPT-776)
Information: Ungrouping hierarchy u_mac16_top/u_mac/u_mul/st2_2/gen_csa_fa[28].u_fa before Pass 1 (OPT-776)
Information: Ungrouping hierarchy u_mac16_top/u_mac/u_mul/st2_2/gen_csa_fa[27].u_fa before Pass 1 (OPT-776)
Information: Ungrouping hierarchy u_mac16_top/u_mac/u_mul/st2_2/gen_csa_fa[26].u_fa before Pass 1 (OPT-776)
Information: Ungrouping hierarchy u_mac16_top/u_mac/u_mul/st2_2/gen_csa_fa[25].u_fa before Pass 1 (OPT-776)
Information: Ungrouping hierarchy u_mac16_top/u_mac/u_mul/st2_2/gen_csa_fa[24].u_fa before Pass 1 (OPT-776)
Information: Ungrouping hierarchy u_mac16_top/u_mac/u_mul/st2_2/gen_csa_fa[23].u_fa before Pass 1 (OPT-776)
Information: Ungrouping hierarchy u_mac16_top/u_mac/u_mul/st2_2/gen_csa_fa[22].u_fa before Pass 1 (OPT-776)
Information: Ungrouping hierarchy u_mac16_top/u_mac/u_mul/st2_2/gen_csa_fa[21].u_fa before Pass 1 (OPT-776)
Information: Ungrouping hierarchy u_mac16_top/u_mac/u_mul/st2_2/gen_csa_fa[20].u_fa before Pass 1 (OPT-776)
Information: Ungrouping hierarchy u_mac16_top/u_mac/u_mul/st2_2/gen_csa_fa[19].u_fa before Pass 1 (OPT-776)
Information: Ungrouping hierarchy u_mac16_top/u_mac/u_mul/st2_2/gen_csa_fa[18].u_fa before Pass 1 (OPT-776)
Information: Ungrouping hierarchy u_mac16_top/u_mac/u_mul/st2_2/gen_csa_fa[17].u_fa before Pass 1 (OPT-776)
Information: Ungrouping hierarchy u_mac16_top/u_mac/u_mul/st2_2/gen_csa_fa[16].u_fa before Pass 1 (OPT-776)
Information: Ungrouping hierarchy u_mac16_top/u_mac/u_mul/st2_2/gen_csa_fa[15].u_fa before Pass 1 (OPT-776)
Information: Ungrouping hierarchy u_mac16_top/u_mac/u_mul/st2_2/gen_csa_fa[14].u_fa before Pass 1 (OPT-776)
Information: Ungrouping hierarchy u_mac16_top/u_mac/u_mul/st2_2/gen_csa_fa[13].u_fa before Pass 1 (OPT-776)
Information: Ungrouping hierarchy u_mac16_top/u_mac/u_mul/st2_2/gen_csa_fa[12].u_fa before Pass 1 (OPT-776)
Information: Ungrouping hierarchy u_mac16_top/u_mac/u_mul/st2_2/gen_csa_fa[11].u_fa before Pass 1 (OPT-776)
Information: Ungrouping hierarchy u_mac16_top/u_mac/u_mul/st2_2/gen_csa_fa[10].u_fa before Pass 1 (OPT-776)
Information: Ungrouping hierarchy u_mac16_top/u_mac/u_mul/st2_2/gen_csa_fa[9].u_fa before Pass 1 (OPT-776)
Information: Ungrouping hierarchy u_mac16_top/u_mac/u_mul/st2_2/gen_csa_fa[8].u_fa before Pass 1 (OPT-776)
Information: Ungrouping hierarchy u_mac16_top/u_mac/u_mul/st2_2/gen_csa_fa[7].u_fa before Pass 1 (OPT-776)
Information: Ungrouping hierarchy u_mac16_top/u_mac/u_mul/st2_2/gen_csa_fa[6].u_fa before Pass 1 (OPT-776)
Information: Ungrouping hierarchy u_mac16_top/u_mac/u_mul/st2_2/gen_csa_fa[5].u_fa before Pass 1 (OPT-776)
Information: Ungrouping hierarchy u_mac16_top/u_mac/u_mul/st2_2/gen_csa_fa[4].u_fa before Pass 1 (OPT-776)
Information: Ungrouping hierarchy u_mac16_top/u_mac/u_mul/st2_2/gen_csa_fa[3].u_fa before Pass 1 (OPT-776)
Information: Ungrouping hierarchy u_mac16_top/u_mac/u_mul/st2_2/gen_csa_fa[2].u_fa before Pass 1 (OPT-776)
Information: Ungrouping hierarchy u_mac16_top/u_mac/u_mul/st2_2/gen_csa_fa[1].u_fa before Pass 1 (OPT-776)
Information: Ungrouping hierarchy u_mac16_top/u_mac/u_mul/st2_2/gen_csa_fa[0].u_fa before Pass 1 (OPT-776)
Information: Ungrouping hierarchy u_mac16_top/u_mac/u_mul/st2_1/gen_csa_fa[31].u_fa before Pass 1 (OPT-776)
Information: Ungrouping hierarchy u_mac16_top/u_mac/u_mul/st2_1/gen_csa_fa[30].u_fa before Pass 1 (OPT-776)
Information: Ungrouping hierarchy u_mac16_top/u_mac/u_mul/st2_1/gen_csa_fa[29].u_fa before Pass 1 (OPT-776)
Information: Ungrouping hierarchy u_mac16_top/u_mac/u_mul/st2_1/gen_csa_fa[28].u_fa before Pass 1 (OPT-776)
Information: Ungrouping hierarchy u_mac16_top/u_mac/u_mul/st2_1/gen_csa_fa[27].u_fa before Pass 1 (OPT-776)
Information: Ungrouping hierarchy u_mac16_top/u_mac/u_mul/st2_1/gen_csa_fa[26].u_fa before Pass 1 (OPT-776)
Information: Ungrouping hierarchy u_mac16_top/u_mac/u_mul/st2_1/gen_csa_fa[25].u_fa before Pass 1 (OPT-776)
Information: Ungrouping hierarchy u_mac16_top/u_mac/u_mul/st2_1/gen_csa_fa[24].u_fa before Pass 1 (OPT-776)
Information: Ungrouping hierarchy u_mac16_top/u_mac/u_mul/st2_1/gen_csa_fa[23].u_fa before Pass 1 (OPT-776)
Information: Ungrouping hierarchy u_mac16_top/u_mac/u_mul/st2_1/gen_csa_fa[22].u_fa before Pass 1 (OPT-776)
Information: Ungrouping hierarchy u_mac16_top/u_mac/u_mul/st2_1/gen_csa_fa[21].u_fa before Pass 1 (OPT-776)
Information: Ungrouping hierarchy u_mac16_top/u_mac/u_mul/st2_1/gen_csa_fa[20].u_fa before Pass 1 (OPT-776)
Information: Ungrouping hierarchy u_mac16_top/u_mac/u_mul/st2_1/gen_csa_fa[19].u_fa before Pass 1 (OPT-776)
Information: Ungrouping hierarchy u_mac16_top/u_mac/u_mul/st2_1/gen_csa_fa[18].u_fa before Pass 1 (OPT-776)
Information: Ungrouping hierarchy u_mac16_top/u_mac/u_mul/st2_1/gen_csa_fa[17].u_fa before Pass 1 (OPT-776)
Information: Ungrouping hierarchy u_mac16_top/u_mac/u_mul/st2_1/gen_csa_fa[16].u_fa before Pass 1 (OPT-776)
Information: Ungrouping hierarchy u_mac16_top/u_mac/u_mul/st2_1/gen_csa_fa[15].u_fa before Pass 1 (OPT-776)
Information: Ungrouping hierarchy u_mac16_top/u_mac/u_mul/st2_1/gen_csa_fa[14].u_fa before Pass 1 (OPT-776)
Information: Ungrouping hierarchy u_mac16_top/u_mac/u_mul/st2_1/gen_csa_fa[13].u_fa before Pass 1 (OPT-776)
Information: Ungrouping hierarchy u_mac16_top/u_mac/u_mul/st2_1/gen_csa_fa[12].u_fa before Pass 1 (OPT-776)
Information: Ungrouping hierarchy u_mac16_top/u_mac/u_mul/st2_1/gen_csa_fa[11].u_fa before Pass 1 (OPT-776)
Information: Ungrouping hierarchy u_mac16_top/u_mac/u_mul/st2_1/gen_csa_fa[10].u_fa before Pass 1 (OPT-776)
Information: Ungrouping hierarchy u_mac16_top/u_mac/u_mul/st2_1/gen_csa_fa[9].u_fa before Pass 1 (OPT-776)
Information: Ungrouping hierarchy u_mac16_top/u_mac/u_mul/st2_1/gen_csa_fa[8].u_fa before Pass 1 (OPT-776)
Information: Ungrouping hierarchy u_mac16_top/u_mac/u_mul/st2_1/gen_csa_fa[7].u_fa before Pass 1 (OPT-776)
Information: Ungrouping hierarchy u_mac16_top/u_mac/u_mul/st2_1/gen_csa_fa[6].u_fa before Pass 1 (OPT-776)
Information: Ungrouping hierarchy u_mac16_top/u_mac/u_mul/st2_1/gen_csa_fa[5].u_fa before Pass 1 (OPT-776)
Information: Ungrouping hierarchy u_mac16_top/u_mac/u_mul/st2_1/gen_csa_fa[4].u_fa before Pass 1 (OPT-776)
Information: Ungrouping hierarchy u_mac16_top/u_mac/u_mul/st2_1/gen_csa_fa[3].u_fa before Pass 1 (OPT-776)
Information: Ungrouping hierarchy u_mac16_top/u_mac/u_mul/st2_1/gen_csa_fa[2].u_fa before Pass 1 (OPT-776)
Information: Ungrouping hierarchy u_mac16_top/u_mac/u_mul/st2_1/gen_csa_fa[1].u_fa before Pass 1 (OPT-776)
Information: Ungrouping hierarchy u_mac16_top/u_mac/u_mul/st2_1/gen_csa_fa[0].u_fa before Pass 1 (OPT-776)
Information: Ungrouping hierarchy u_mac16_top/u_mac/u_mul/st2_0/gen_csa_fa[31].u_fa before Pass 1 (OPT-776)
Information: Ungrouping hierarchy u_mac16_top/u_mac/u_mul/st2_0/gen_csa_fa[30].u_fa before Pass 1 (OPT-776)
Information: Ungrouping hierarchy u_mac16_top/u_mac/u_mul/st2_0/gen_csa_fa[29].u_fa before Pass 1 (OPT-776)
Information: Ungrouping hierarchy u_mac16_top/u_mac/u_mul/st2_0/gen_csa_fa[28].u_fa before Pass 1 (OPT-776)
Information: Ungrouping hierarchy u_mac16_top/u_mac/u_mul/st2_0/gen_csa_fa[27].u_fa before Pass 1 (OPT-776)
Information: Ungrouping hierarchy u_mac16_top/u_mac/u_mul/st2_0/gen_csa_fa[26].u_fa before Pass 1 (OPT-776)
Information: Ungrouping hierarchy u_mac16_top/u_mac/u_mul/st2_0/gen_csa_fa[25].u_fa before Pass 1 (OPT-776)
Information: Ungrouping hierarchy u_mac16_top/u_mac/u_mul/st2_0/gen_csa_fa[24].u_fa before Pass 1 (OPT-776)
Information: Ungrouping hierarchy u_mac16_top/u_mac/u_mul/st2_0/gen_csa_fa[23].u_fa before Pass 1 (OPT-776)
Information: Ungrouping hierarchy u_mac16_top/u_mac/u_mul/st2_0/gen_csa_fa[22].u_fa before Pass 1 (OPT-776)
Information: Ungrouping hierarchy u_mac16_top/u_mac/u_mul/st2_0/gen_csa_fa[21].u_fa before Pass 1 (OPT-776)
Information: Ungrouping hierarchy u_mac16_top/u_mac/u_mul/st2_0/gen_csa_fa[20].u_fa before Pass 1 (OPT-776)
Information: Ungrouping hierarchy u_mac16_top/u_mac/u_mul/st2_0/gen_csa_fa[19].u_fa before Pass 1 (OPT-776)
Information: Ungrouping hierarchy u_mac16_top/u_mac/u_mul/st2_0/gen_csa_fa[18].u_fa before Pass 1 (OPT-776)
Information: Ungrouping hierarchy u_mac16_top/u_mac/u_mul/st2_0/gen_csa_fa[17].u_fa before Pass 1 (OPT-776)
Information: Ungrouping hierarchy u_mac16_top/u_mac/u_mul/st2_0/gen_csa_fa[16].u_fa before Pass 1 (OPT-776)
Information: Ungrouping hierarchy u_mac16_top/u_mac/u_mul/st2_0/gen_csa_fa[15].u_fa before Pass 1 (OPT-776)
Information: Ungrouping hierarchy u_mac16_top/u_mac/u_mul/st2_0/gen_csa_fa[14].u_fa before Pass 1 (OPT-776)
Information: Ungrouping hierarchy u_mac16_top/u_mac/u_mul/st2_0/gen_csa_fa[13].u_fa before Pass 1 (OPT-776)
Information: Ungrouping hierarchy u_mac16_top/u_mac/u_mul/st2_0/gen_csa_fa[12].u_fa before Pass 1 (OPT-776)
Information: Ungrouping hierarchy u_mac16_top/u_mac/u_mul/st2_0/gen_csa_fa[11].u_fa before Pass 1 (OPT-776)
Information: Ungrouping hierarchy u_mac16_top/u_mac/u_mul/st2_0/gen_csa_fa[10].u_fa before Pass 1 (OPT-776)
Information: Ungrouping hierarchy u_mac16_top/u_mac/u_mul/st2_0/gen_csa_fa[9].u_fa before Pass 1 (OPT-776)
Information: Ungrouping hierarchy u_mac16_top/u_mac/u_mul/st2_0/gen_csa_fa[8].u_fa before Pass 1 (OPT-776)
Information: Ungrouping hierarchy u_mac16_top/u_mac/u_mul/st2_0/gen_csa_fa[7].u_fa before Pass 1 (OPT-776)
Information: Ungrouping hierarchy u_mac16_top/u_mac/u_mul/st2_0/gen_csa_fa[6].u_fa before Pass 1 (OPT-776)
Information: Ungrouping hierarchy u_mac16_top/u_mac/u_mul/st2_0/gen_csa_fa[5].u_fa before Pass 1 (OPT-776)
Information: Ungrouping hierarchy u_mac16_top/u_mac/u_mul/st2_0/gen_csa_fa[4].u_fa before Pass 1 (OPT-776)
Information: Ungrouping hierarchy u_mac16_top/u_mac/u_mul/st2_0/gen_csa_fa[3].u_fa before Pass 1 (OPT-776)
Information: Ungrouping hierarchy u_mac16_top/u_mac/u_mul/st2_0/gen_csa_fa[2].u_fa before Pass 1 (OPT-776)
Information: Ungrouping hierarchy u_mac16_top/u_mac/u_mul/st2_0/gen_csa_fa[1].u_fa before Pass 1 (OPT-776)
Information: Ungrouping hierarchy u_mac16_top/u_mac/u_mul/st2_0/gen_csa_fa[0].u_fa before Pass 1 (OPT-776)
Information: Ungrouping hierarchy u_mac16_top/u_mac/u_mul/st1_4/gen_csa_fa[31].u_fa before Pass 1 (OPT-776)
Information: Ungrouping hierarchy u_mac16_top/u_mac/u_mul/st1_4/gen_csa_fa[30].u_fa before Pass 1 (OPT-776)
Information: Ungrouping hierarchy u_mac16_top/u_mac/u_mul/st1_4/gen_csa_fa[29].u_fa before Pass 1 (OPT-776)
Information: Ungrouping hierarchy u_mac16_top/u_mac/u_mul/st1_4/gen_csa_fa[28].u_fa before Pass 1 (OPT-776)
Information: Ungrouping hierarchy u_mac16_top/u_mac/u_mul/st1_4/gen_csa_fa[27].u_fa before Pass 1 (OPT-776)
Information: Ungrouping hierarchy u_mac16_top/u_mac/u_mul/st1_4/gen_csa_fa[26].u_fa before Pass 1 (OPT-776)
Information: Ungrouping hierarchy u_mac16_top/u_mac/u_mul/st1_4/gen_csa_fa[25].u_fa before Pass 1 (OPT-776)
Information: Ungrouping hierarchy u_mac16_top/u_mac/u_mul/st1_4/gen_csa_fa[24].u_fa before Pass 1 (OPT-776)
Information: Ungrouping hierarchy u_mac16_top/u_mac/u_mul/st1_4/gen_csa_fa[23].u_fa before Pass 1 (OPT-776)
Information: Ungrouping hierarchy u_mac16_top/u_mac/u_mul/st1_4/gen_csa_fa[22].u_fa before Pass 1 (OPT-776)
Information: Ungrouping hierarchy u_mac16_top/u_mac/u_mul/st1_4/gen_csa_fa[21].u_fa before Pass 1 (OPT-776)
Information: Ungrouping hierarchy u_mac16_top/u_mac/u_mul/st1_4/gen_csa_fa[20].u_fa before Pass 1 (OPT-776)
Information: Ungrouping hierarchy u_mac16_top/u_mac/u_mul/st1_4/gen_csa_fa[19].u_fa before Pass 1 (OPT-776)
Information: Ungrouping hierarchy u_mac16_top/u_mac/u_mul/st1_4/gen_csa_fa[18].u_fa before Pass 1 (OPT-776)
Information: Ungrouping hierarchy u_mac16_top/u_mac/u_mul/st1_4/gen_csa_fa[17].u_fa before Pass 1 (OPT-776)
Information: Ungrouping hierarchy u_mac16_top/u_mac/u_mul/st1_4/gen_csa_fa[16].u_fa before Pass 1 (OPT-776)
Information: Ungrouping hierarchy u_mac16_top/u_mac/u_mul/st1_4/gen_csa_fa[15].u_fa before Pass 1 (OPT-776)
Information: Ungrouping hierarchy u_mac16_top/u_mac/u_mul/st1_4/gen_csa_fa[14].u_fa before Pass 1 (OPT-776)
Information: Ungrouping hierarchy u_mac16_top/u_mac/u_mul/st1_4/gen_csa_fa[13].u_fa before Pass 1 (OPT-776)
Information: Ungrouping hierarchy u_mac16_top/u_mac/u_mul/st1_4/gen_csa_fa[12].u_fa before Pass 1 (OPT-776)
Information: Ungrouping hierarchy u_mac16_top/u_mac/u_mul/st1_4/gen_csa_fa[11].u_fa before Pass 1 (OPT-776)
Information: Ungrouping hierarchy u_mac16_top/u_mac/u_mul/st1_4/gen_csa_fa[10].u_fa before Pass 1 (OPT-776)
Information: Ungrouping hierarchy u_mac16_top/u_mac/u_mul/st1_4/gen_csa_fa[9].u_fa before Pass 1 (OPT-776)
Information: Ungrouping hierarchy u_mac16_top/u_mac/u_mul/st1_4/gen_csa_fa[8].u_fa before Pass 1 (OPT-776)
Information: Ungrouping hierarchy u_mac16_top/u_mac/u_mul/st1_4/gen_csa_fa[7].u_fa before Pass 1 (OPT-776)
Information: Ungrouping hierarchy u_mac16_top/u_mac/u_mul/st1_4/gen_csa_fa[6].u_fa before Pass 1 (OPT-776)
Information: Ungrouping hierarchy u_mac16_top/u_mac/u_mul/st1_4/gen_csa_fa[5].u_fa before Pass 1 (OPT-776)
Information: Ungrouping hierarchy u_mac16_top/u_mac/u_mul/st1_4/gen_csa_fa[4].u_fa before Pass 1 (OPT-776)
Information: Ungrouping hierarchy u_mac16_top/u_mac/u_mul/st1_4/gen_csa_fa[3].u_fa before Pass 1 (OPT-776)
Information: Ungrouping hierarchy u_mac16_top/u_mac/u_mul/st1_4/gen_csa_fa[2].u_fa before Pass 1 (OPT-776)
Information: Ungrouping hierarchy u_mac16_top/u_mac/u_mul/st1_4/gen_csa_fa[1].u_fa before Pass 1 (OPT-776)
Information: Ungrouping hierarchy u_mac16_top/u_mac/u_mul/st1_4/gen_csa_fa[0].u_fa before Pass 1 (OPT-776)
Information: Ungrouping hierarchy u_mac16_top/u_mac/u_mul/st1_3/gen_csa_fa[31].u_fa before Pass 1 (OPT-776)
Information: Ungrouping hierarchy u_mac16_top/u_mac/u_mul/st1_3/gen_csa_fa[30].u_fa before Pass 1 (OPT-776)
Information: Ungrouping hierarchy u_mac16_top/u_mac/u_mul/st1_3/gen_csa_fa[29].u_fa before Pass 1 (OPT-776)
Information: Ungrouping hierarchy u_mac16_top/u_mac/u_mul/st1_3/gen_csa_fa[28].u_fa before Pass 1 (OPT-776)
Information: Ungrouping hierarchy u_mac16_top/u_mac/u_mul/st1_3/gen_csa_fa[27].u_fa before Pass 1 (OPT-776)
Information: Ungrouping hierarchy u_mac16_top/u_mac/u_mul/st1_3/gen_csa_fa[26].u_fa before Pass 1 (OPT-776)
Information: Ungrouping hierarchy u_mac16_top/u_mac/u_mul/st1_3/gen_csa_fa[25].u_fa before Pass 1 (OPT-776)
Information: Ungrouping hierarchy u_mac16_top/u_mac/u_mul/st1_3/gen_csa_fa[24].u_fa before Pass 1 (OPT-776)
Information: Ungrouping hierarchy u_mac16_top/u_mac/u_mul/st1_3/gen_csa_fa[23].u_fa before Pass 1 (OPT-776)
Information: Ungrouping hierarchy u_mac16_top/u_mac/u_mul/st1_3/gen_csa_fa[22].u_fa before Pass 1 (OPT-776)
Information: Ungrouping hierarchy u_mac16_top/u_mac/u_mul/st1_3/gen_csa_fa[21].u_fa before Pass 1 (OPT-776)
Information: Ungrouping hierarchy u_mac16_top/u_mac/u_mul/st1_3/gen_csa_fa[20].u_fa before Pass 1 (OPT-776)
Information: Ungrouping hierarchy u_mac16_top/u_mac/u_mul/st1_3/gen_csa_fa[19].u_fa before Pass 1 (OPT-776)
Information: Ungrouping hierarchy u_mac16_top/u_mac/u_mul/st1_3/gen_csa_fa[18].u_fa before Pass 1 (OPT-776)
Information: Ungrouping hierarchy u_mac16_top/u_mac/u_mul/st1_3/gen_csa_fa[17].u_fa before Pass 1 (OPT-776)
Information: Ungrouping hierarchy u_mac16_top/u_mac/u_mul/st1_3/gen_csa_fa[16].u_fa before Pass 1 (OPT-776)
Information: Ungrouping hierarchy u_mac16_top/u_mac/u_mul/st1_3/gen_csa_fa[15].u_fa before Pass 1 (OPT-776)
Information: Ungrouping hierarchy u_mac16_top/u_mac/u_mul/st1_3/gen_csa_fa[14].u_fa before Pass 1 (OPT-776)
Information: Ungrouping hierarchy u_mac16_top/u_mac/u_mul/st1_3/gen_csa_fa[13].u_fa before Pass 1 (OPT-776)
Information: Ungrouping hierarchy u_mac16_top/u_mac/u_mul/st1_3/gen_csa_fa[12].u_fa before Pass 1 (OPT-776)
Information: Ungrouping hierarchy u_mac16_top/u_mac/u_mul/st1_3/gen_csa_fa[11].u_fa before Pass 1 (OPT-776)
Information: Ungrouping hierarchy u_mac16_top/u_mac/u_mul/st1_3/gen_csa_fa[10].u_fa before Pass 1 (OPT-776)
Information: Ungrouping hierarchy u_mac16_top/u_mac/u_mul/st1_3/gen_csa_fa[9].u_fa before Pass 1 (OPT-776)
Information: Ungrouping hierarchy u_mac16_top/u_mac/u_mul/st1_3/gen_csa_fa[8].u_fa before Pass 1 (OPT-776)
Information: Ungrouping hierarchy u_mac16_top/u_mac/u_mul/st1_3/gen_csa_fa[7].u_fa before Pass 1 (OPT-776)
Information: Ungrouping hierarchy u_mac16_top/u_mac/u_mul/st1_3/gen_csa_fa[6].u_fa before Pass 1 (OPT-776)
Information: Ungrouping hierarchy u_mac16_top/u_mac/u_mul/st1_3/gen_csa_fa[5].u_fa before Pass 1 (OPT-776)
Information: Ungrouping hierarchy u_mac16_top/u_mac/u_mul/st1_3/gen_csa_fa[4].u_fa before Pass 1 (OPT-776)
Information: Ungrouping hierarchy u_mac16_top/u_mac/u_mul/st1_3/gen_csa_fa[3].u_fa before Pass 1 (OPT-776)
Information: Ungrouping hierarchy u_mac16_top/u_mac/u_mul/st1_3/gen_csa_fa[2].u_fa before Pass 1 (OPT-776)
Information: Ungrouping hierarchy u_mac16_top/u_mac/u_mul/st1_3/gen_csa_fa[1].u_fa before Pass 1 (OPT-776)
Information: Ungrouping hierarchy u_mac16_top/u_mac/u_mul/st1_3/gen_csa_fa[0].u_fa before Pass 1 (OPT-776)
Information: Ungrouping hierarchy u_mac16_top/u_mac/u_mul/st1_2/gen_csa_fa[31].u_fa before Pass 1 (OPT-776)
Information: Ungrouping hierarchy u_mac16_top/u_mac/u_mul/st1_2/gen_csa_fa[30].u_fa before Pass 1 (OPT-776)
Information: Ungrouping hierarchy u_mac16_top/u_mac/u_mul/st1_2/gen_csa_fa[29].u_fa before Pass 1 (OPT-776)
Information: Ungrouping hierarchy u_mac16_top/u_mac/u_mul/st1_2/gen_csa_fa[28].u_fa before Pass 1 (OPT-776)
Information: Ungrouping hierarchy u_mac16_top/u_mac/u_mul/st1_2/gen_csa_fa[27].u_fa before Pass 1 (OPT-776)
Information: Ungrouping hierarchy u_mac16_top/u_mac/u_mul/st1_2/gen_csa_fa[26].u_fa before Pass 1 (OPT-776)
Information: Ungrouping hierarchy u_mac16_top/u_mac/u_mul/st1_2/gen_csa_fa[25].u_fa before Pass 1 (OPT-776)
Information: Ungrouping hierarchy u_mac16_top/u_mac/u_mul/st1_2/gen_csa_fa[24].u_fa before Pass 1 (OPT-776)
Information: Ungrouping hierarchy u_mac16_top/u_mac/u_mul/st1_2/gen_csa_fa[23].u_fa before Pass 1 (OPT-776)
Information: Ungrouping hierarchy u_mac16_top/u_mac/u_mul/st1_2/gen_csa_fa[22].u_fa before Pass 1 (OPT-776)
Information: Ungrouping hierarchy u_mac16_top/u_mac/u_mul/st1_2/gen_csa_fa[21].u_fa before Pass 1 (OPT-776)
Information: Ungrouping hierarchy u_mac16_top/u_mac/u_mul/st1_2/gen_csa_fa[20].u_fa before Pass 1 (OPT-776)
Information: Ungrouping hierarchy u_mac16_top/u_mac/u_mul/st1_2/gen_csa_fa[19].u_fa before Pass 1 (OPT-776)
Information: Ungrouping hierarchy u_mac16_top/u_mac/u_mul/st1_2/gen_csa_fa[18].u_fa before Pass 1 (OPT-776)
Information: Ungrouping hierarchy u_mac16_top/u_mac/u_mul/st1_2/gen_csa_fa[17].u_fa before Pass 1 (OPT-776)
Information: Ungrouping hierarchy u_mac16_top/u_mac/u_mul/st1_2/gen_csa_fa[16].u_fa before Pass 1 (OPT-776)
Information: Ungrouping hierarchy u_mac16_top/u_mac/u_mul/st1_2/gen_csa_fa[15].u_fa before Pass 1 (OPT-776)
Information: Ungrouping hierarchy u_mac16_top/u_mac/u_mul/st1_2/gen_csa_fa[14].u_fa before Pass 1 (OPT-776)
Information: Ungrouping hierarchy u_mac16_top/u_mac/u_mul/st1_2/gen_csa_fa[13].u_fa before Pass 1 (OPT-776)
Information: Ungrouping hierarchy u_mac16_top/u_mac/u_mul/st1_2/gen_csa_fa[12].u_fa before Pass 1 (OPT-776)
Information: Ungrouping hierarchy u_mac16_top/u_mac/u_mul/st1_2/gen_csa_fa[11].u_fa before Pass 1 (OPT-776)
Information: Ungrouping hierarchy u_mac16_top/u_mac/u_mul/st1_2/gen_csa_fa[10].u_fa before Pass 1 (OPT-776)
Information: Ungrouping hierarchy u_mac16_top/u_mac/u_mul/st1_2/gen_csa_fa[9].u_fa before Pass 1 (OPT-776)
Information: Ungrouping hierarchy u_mac16_top/u_mac/u_mul/st1_2/gen_csa_fa[8].u_fa before Pass 1 (OPT-776)
Information: Ungrouping hierarchy u_mac16_top/u_mac/u_mul/st1_2/gen_csa_fa[7].u_fa before Pass 1 (OPT-776)
Information: Ungrouping hierarchy u_mac16_top/u_mac/u_mul/st1_2/gen_csa_fa[6].u_fa before Pass 1 (OPT-776)
Information: Ungrouping hierarchy u_mac16_top/u_mac/u_mul/st1_2/gen_csa_fa[5].u_fa before Pass 1 (OPT-776)
Information: Ungrouping hierarchy u_mac16_top/u_mac/u_mul/st1_2/gen_csa_fa[4].u_fa before Pass 1 (OPT-776)
Information: Ungrouping hierarchy u_mac16_top/u_mac/u_mul/st1_2/gen_csa_fa[3].u_fa before Pass 1 (OPT-776)
Information: Ungrouping hierarchy u_mac16_top/u_mac/u_mul/st1_2/gen_csa_fa[2].u_fa before Pass 1 (OPT-776)
Information: Ungrouping hierarchy u_mac16_top/u_mac/u_mul/st1_2/gen_csa_fa[1].u_fa before Pass 1 (OPT-776)
Information: Ungrouping hierarchy u_mac16_top/u_mac/u_mul/st1_2/gen_csa_fa[0].u_fa before Pass 1 (OPT-776)
Information: Ungrouping hierarchy u_mac16_top/u_mac/u_mul/st1_1/gen_csa_fa[31].u_fa before Pass 1 (OPT-776)
Information: Ungrouping hierarchy u_mac16_top/u_mac/u_mul/st1_1/gen_csa_fa[30].u_fa before Pass 1 (OPT-776)
Information: Ungrouping hierarchy u_mac16_top/u_mac/u_mul/st1_1/gen_csa_fa[29].u_fa before Pass 1 (OPT-776)
Information: Ungrouping hierarchy u_mac16_top/u_mac/u_mul/st1_1/gen_csa_fa[28].u_fa before Pass 1 (OPT-776)
Information: Ungrouping hierarchy u_mac16_top/u_mac/u_mul/st1_1/gen_csa_fa[27].u_fa before Pass 1 (OPT-776)
Information: Ungrouping hierarchy u_mac16_top/u_mac/u_mul/st1_1/gen_csa_fa[26].u_fa before Pass 1 (OPT-776)
Information: Ungrouping hierarchy u_mac16_top/u_mac/u_mul/st1_1/gen_csa_fa[25].u_fa before Pass 1 (OPT-776)
Information: Ungrouping hierarchy u_mac16_top/u_mac/u_mul/st1_1/gen_csa_fa[24].u_fa before Pass 1 (OPT-776)
Information: Ungrouping hierarchy u_mac16_top/u_mac/u_mul/st1_1/gen_csa_fa[23].u_fa before Pass 1 (OPT-776)
Information: Ungrouping hierarchy u_mac16_top/u_mac/u_mul/st1_1/gen_csa_fa[22].u_fa before Pass 1 (OPT-776)
Information: Ungrouping hierarchy u_mac16_top/u_mac/u_mul/st1_1/gen_csa_fa[21].u_fa before Pass 1 (OPT-776)
Information: Ungrouping hierarchy u_mac16_top/u_mac/u_mul/st1_1/gen_csa_fa[20].u_fa before Pass 1 (OPT-776)
Information: Ungrouping hierarchy u_mac16_top/u_mac/u_mul/st1_1/gen_csa_fa[19].u_fa before Pass 1 (OPT-776)
Information: Ungrouping hierarchy u_mac16_top/u_mac/u_mul/st1_1/gen_csa_fa[18].u_fa before Pass 1 (OPT-776)
Information: Ungrouping hierarchy u_mac16_top/u_mac/u_mul/st1_1/gen_csa_fa[17].u_fa before Pass 1 (OPT-776)
Information: Ungrouping hierarchy u_mac16_top/u_mac/u_mul/st1_1/gen_csa_fa[16].u_fa before Pass 1 (OPT-776)
Information: Ungrouping hierarchy u_mac16_top/u_mac/u_mul/st1_1/gen_csa_fa[15].u_fa before Pass 1 (OPT-776)
Information: Ungrouping hierarchy u_mac16_top/u_mac/u_mul/st1_1/gen_csa_fa[14].u_fa before Pass 1 (OPT-776)
Information: Ungrouping hierarchy u_mac16_top/u_mac/u_mul/st1_1/gen_csa_fa[13].u_fa before Pass 1 (OPT-776)
Information: Ungrouping hierarchy u_mac16_top/u_mac/u_mul/st1_1/gen_csa_fa[12].u_fa before Pass 1 (OPT-776)
Information: Ungrouping hierarchy u_mac16_top/u_mac/u_mul/st1_1/gen_csa_fa[11].u_fa before Pass 1 (OPT-776)
Information: Ungrouping hierarchy u_mac16_top/u_mac/u_mul/st1_1/gen_csa_fa[10].u_fa before Pass 1 (OPT-776)
Information: Ungrouping hierarchy u_mac16_top/u_mac/u_mul/st1_1/gen_csa_fa[9].u_fa before Pass 1 (OPT-776)
Information: Ungrouping hierarchy u_mac16_top/u_mac/u_mul/st1_1/gen_csa_fa[8].u_fa before Pass 1 (OPT-776)
Information: Ungrouping hierarchy u_mac16_top/u_mac/u_mul/st1_1/gen_csa_fa[7].u_fa before Pass 1 (OPT-776)
Information: Ungrouping hierarchy u_mac16_top/u_mac/u_mul/st1_1/gen_csa_fa[6].u_fa before Pass 1 (OPT-776)
Information: Ungrouping hierarchy u_mac16_top/u_mac/u_mul/st1_1/gen_csa_fa[5].u_fa before Pass 1 (OPT-776)
Information: Ungrouping hierarchy u_mac16_top/u_mac/u_mul/st1_1/gen_csa_fa[4].u_fa before Pass 1 (OPT-776)
Information: Ungrouping hierarchy u_mac16_top/u_mac/u_mul/st1_1/gen_csa_fa[3].u_fa before Pass 1 (OPT-776)
Information: Ungrouping hierarchy u_mac16_top/u_mac/u_mul/st1_1/gen_csa_fa[2].u_fa before Pass 1 (OPT-776)
Information: Ungrouping hierarchy u_mac16_top/u_mac/u_mul/st1_1/gen_csa_fa[1].u_fa before Pass 1 (OPT-776)
Information: Ungrouping hierarchy u_mac16_top/u_mac/u_mul/st1_1/gen_csa_fa[0].u_fa before Pass 1 (OPT-776)
Information: Ungrouping hierarchy u_mac16_top/u_mac/u_mul/st1_0/gen_csa_fa[31].u_fa before Pass 1 (OPT-776)
Information: Ungrouping hierarchy u_mac16_top/u_mac/u_mul/st1_0/gen_csa_fa[30].u_fa before Pass 1 (OPT-776)
Information: Ungrouping hierarchy u_mac16_top/u_mac/u_mul/st1_0/gen_csa_fa[29].u_fa before Pass 1 (OPT-776)
Information: Ungrouping hierarchy u_mac16_top/u_mac/u_mul/st1_0/gen_csa_fa[28].u_fa before Pass 1 (OPT-776)
Information: Ungrouping hierarchy u_mac16_top/u_mac/u_mul/st1_0/gen_csa_fa[27].u_fa before Pass 1 (OPT-776)
Information: Ungrouping hierarchy u_mac16_top/u_mac/u_mul/st1_0/gen_csa_fa[26].u_fa before Pass 1 (OPT-776)
Information: Ungrouping hierarchy u_mac16_top/u_mac/u_mul/st1_0/gen_csa_fa[25].u_fa before Pass 1 (OPT-776)
Information: Ungrouping hierarchy u_mac16_top/u_mac/u_mul/st1_0/gen_csa_fa[24].u_fa before Pass 1 (OPT-776)
Information: Ungrouping hierarchy u_mac16_top/u_mac/u_mul/st1_0/gen_csa_fa[23].u_fa before Pass 1 (OPT-776)
Information: Ungrouping hierarchy u_mac16_top/u_mac/u_mul/st1_0/gen_csa_fa[22].u_fa before Pass 1 (OPT-776)
Information: Ungrouping hierarchy u_mac16_top/u_mac/u_mul/st1_0/gen_csa_fa[21].u_fa before Pass 1 (OPT-776)
Information: Ungrouping hierarchy u_mac16_top/u_mac/u_mul/st1_0/gen_csa_fa[20].u_fa before Pass 1 (OPT-776)
Information: Ungrouping hierarchy u_mac16_top/u_mac/u_mul/st1_0/gen_csa_fa[19].u_fa before Pass 1 (OPT-776)
Information: Ungrouping hierarchy u_mac16_top/u_mac/u_mul/st1_0/gen_csa_fa[18].u_fa before Pass 1 (OPT-776)
Information: Ungrouping hierarchy u_mac16_top/u_mac/u_mul/st1_0/gen_csa_fa[17].u_fa before Pass 1 (OPT-776)
Information: Ungrouping hierarchy u_mac16_top/u_mac/u_mul/st1_0/gen_csa_fa[16].u_fa before Pass 1 (OPT-776)
Information: Ungrouping hierarchy u_mac16_top/u_mac/u_mul/st1_0/gen_csa_fa[15].u_fa before Pass 1 (OPT-776)
Information: Ungrouping hierarchy u_mac16_top/u_mac/u_mul/st1_0/gen_csa_fa[14].u_fa before Pass 1 (OPT-776)
Information: Ungrouping hierarchy u_mac16_top/u_mac/u_mul/st1_0/gen_csa_fa[13].u_fa before Pass 1 (OPT-776)
Information: Ungrouping hierarchy u_mac16_top/u_mac/u_mul/st1_0/gen_csa_fa[12].u_fa before Pass 1 (OPT-776)
Information: Ungrouping hierarchy u_mac16_top/u_mac/u_mul/st1_0/gen_csa_fa[11].u_fa before Pass 1 (OPT-776)
Information: Ungrouping hierarchy u_mac16_top/u_mac/u_mul/st1_0/gen_csa_fa[10].u_fa before Pass 1 (OPT-776)
Information: Ungrouping hierarchy u_mac16_top/u_mac/u_mul/st1_0/gen_csa_fa[9].u_fa before Pass 1 (OPT-776)
Information: Ungrouping hierarchy u_mac16_top/u_mac/u_mul/st1_0/gen_csa_fa[8].u_fa before Pass 1 (OPT-776)
Information: Ungrouping hierarchy u_mac16_top/u_mac/u_mul/st1_0/gen_csa_fa[7].u_fa before Pass 1 (OPT-776)
Information: Ungrouping hierarchy u_mac16_top/u_mac/u_mul/st1_0/gen_csa_fa[6].u_fa before Pass 1 (OPT-776)
Information: Ungrouping hierarchy u_mac16_top/u_mac/u_mul/st1_0/gen_csa_fa[5].u_fa before Pass 1 (OPT-776)
Information: Ungrouping hierarchy u_mac16_top/u_mac/u_mul/st1_0/gen_csa_fa[4].u_fa before Pass 1 (OPT-776)
Information: Ungrouping hierarchy u_mac16_top/u_mac/u_mul/st1_0/gen_csa_fa[3].u_fa before Pass 1 (OPT-776)
Information: Ungrouping hierarchy u_mac16_top/u_mac/u_mul/st1_0/gen_csa_fa[2].u_fa before Pass 1 (OPT-776)
Information: Ungrouping hierarchy u_mac16_top/u_mac/u_mul/st1_0/gen_csa_fa[1].u_fa before Pass 1 (OPT-776)
Information: Ungrouping 501 of 538 hierarchies before Pass 1 (OPT-775)
Information: State dependent leakage is now switched from on to off.

  Beginning Pass 1 Mapping
  ------------------------
  Processing 'mac16'
Information: Added key list 'DesignWare' to design 'mac16'. (DDB-72)
Information: The register 'u_mac16_top/u_mac/u_mul/r_c22_reg[0]' is a constant and will be removed. (OPT-1206)
Information: The register 'u_mac16_top/u_mac/u_mul/r_c22_reg[1]' is a constant and will be removed. (OPT-1206)
Information: The register 'u_mac16_top/u_mac/u_mul/r_c22_reg[2]' is a constant and will be removed. (OPT-1206)
Information: The register 'u_mac16_top/u_mac/u_mul/r_c22_reg[3]' is a constant and will be removed. (OPT-1206)
Information: The register 'u_mac16_top/u_mac/u_mul/r_c22_reg[4]' is a constant and will be removed. (OPT-1206)
Information: The register 'u_mac16_top/u_mac/u_mul/r_c22_reg[5]' is a constant and will be removed. (OPT-1206)
Information: The register 'u_mac16_top/u_mac/u_mul/r_c22_reg[6]' is a constant and will be removed. (OPT-1206)
Information: The register 'u_mac16_top/u_mac/u_mul/r_c22_reg[7]' is a constant and will be removed. (OPT-1206)
Information: The register 'u_mac16_top/u_mac/u_mul/r_c22_reg[8]' is a constant and will be removed. (OPT-1206)
Information: The register 'u_mac16_top/u_mac/u_mul/r_c22_reg[9]' is a constant and will be removed. (OPT-1206)
Information: The register 'u_mac16_top/u_mac/u_mul/r_c22_reg[10]' is a constant and will be removed. (OPT-1206)
Information: The register 'u_mac16_top/u_mac/u_mul/r_c22_reg[11]' is a constant and will be removed. (OPT-1206)
Information: The register 'u_mac16_top/u_mac/u_mul/r_c22_reg[28]' is a constant and will be removed. (OPT-1206)
Information: The register 'u_mac16_top/u_mac/u_mul/r_c22_reg[29]' is a constant and will be removed. (OPT-1206)
Information: The register 'u_mac16_top/u_mac/u_mul/r_c22_reg[30]' is a constant and will be removed. (OPT-1206)
Information: The register 'u_mac16_top/u_mac/u_mul/r_c22_reg[31]' is a constant and will be removed. (OPT-1206)
Information: The register 'u_mac16_top/u_mac/u_mul/r_s22_reg[0]' is a constant and will be removed. (OPT-1206)
Information: The register 'u_mac16_top/u_mac/u_mul/r_s22_reg[1]' is a constant and will be removed. (OPT-1206)
Information: The register 'u_mac16_top/u_mac/u_mul/r_s22_reg[2]' is a constant and will be removed. (OPT-1206)
Information: The register 'u_mac16_top/u_mac/u_mul/r_s22_reg[3]' is a constant and will be removed. (OPT-1206)
Information: The register 'u_mac16_top/u_mac/u_mul/r_s22_reg[4]' is a constant and will be removed. (OPT-1206)
Information: The register 'u_mac16_top/u_mac/u_mul/r_s22_reg[5]' is a constant and will be removed. (OPT-1206)
Information: The register 'u_mac16_top/u_mac/u_mul/r_s22_reg[6]' is a constant and will be removed. (OPT-1206)
Information: The register 'u_mac16_top/u_mac/u_mul/r_s22_reg[7]' is a constant and will be removed. (OPT-1206)
Information: The register 'u_mac16_top/u_mac/u_mul/r_s22_reg[8]' is a constant and will be removed. (OPT-1206)
Information: The register 'u_mac16_top/u_mac/u_mul/r_s22_reg[30]' is a constant and will be removed. (OPT-1206)
Information: The register 'u_mac16_top/u_mac/u_mul/r_s22_reg[31]' is a constant and will be removed. (OPT-1206)
Information: The register 'u_mac16_top/u_mac/u_mul/r_c21_reg[0]' is a constant and will be removed. (OPT-1206)
Information: The register 'u_mac16_top/u_mac/u_mul/r_c21_reg[1]' is a constant and will be removed. (OPT-1206)
Information: The register 'u_mac16_top/u_mac/u_mul/r_c21_reg[2]' is a constant and will be removed. (OPT-1206)
Information: The register 'u_mac16_top/u_mac/u_mul/r_c21_reg[3]' is a constant and will be removed. (OPT-1206)
Information: The register 'u_mac16_top/u_mac/u_mul/r_c21_reg[4]' is a constant and will be removed. (OPT-1206)
Information: The register 'u_mac16_top/u_mac/u_mul/r_c21_reg[5]' is a constant and will be removed. (OPT-1206)
Information: The register 'u_mac16_top/u_mac/u_mul/r_c21_reg[6]' is a constant and will be removed. (OPT-1206)
Information: The register 'u_mac16_top/u_mac/u_mul/r_c21_reg[25]' is a constant and will be removed. (OPT-1206)
Information: The register 'u_mac16_top/u_mac/u_mul/r_c21_reg[26]' is a constant and will be removed. (OPT-1206)
Information: The register 'u_mac16_top/u_mac/u_mul/r_c21_reg[27]' is a constant and will be removed. (OPT-1206)
Information: The register 'u_mac16_top/u_mac/u_mul/r_c21_reg[28]' is a constant and will be removed. (OPT-1206)
Information: The register 'u_mac16_top/u_mac/u_mul/r_c21_reg[29]' is a constant and will be removed. (OPT-1206)
Information: The register 'u_mac16_top/u_mac/u_mul/r_c21_reg[30]' is a constant and will be removed. (OPT-1206)
Information: The register 'u_mac16_top/u_mac/u_mul/r_c21_reg[31]' is a constant and will be removed. (OPT-1206)
Information: The register 'u_mac16_top/u_mac/u_mul/r_s21_reg[0]' is a constant and will be removed. (OPT-1206)
Information: The register 'u_mac16_top/u_mac/u_mul/r_s21_reg[1]' is a constant and will be removed. (OPT-1206)
Information: The register 'u_mac16_top/u_mac/u_mul/r_s21_reg[2]' is a constant and will be removed. (OPT-1206)
Information: The register 'u_mac16_top/u_mac/u_mul/r_s21_reg[3]' is a constant and will be removed. (OPT-1206)
Information: The register 'u_mac16_top/u_mac/u_mul/r_s21_reg[4]' is a constant and will be removed. (OPT-1206)
Information: The register 'u_mac16_top/u_mac/u_mul/r_s21_reg[24]' is a constant and will be removed. (OPT-1206)
Information: The register 'u_mac16_top/u_mac/u_mul/r_s21_reg[25]' is a constant and will be removed. (OPT-1206)
Information: The register 'u_mac16_top/u_mac/u_mul/r_s21_reg[26]' is a constant and will be removed. (OPT-1206)
Information: The register 'u_mac16_top/u_mac/u_mul/r_s21_reg[27]' is a constant and will be removed. (OPT-1206)
Information: The register 'u_mac16_top/u_mac/u_mul/r_s21_reg[28]' is a constant and will be removed. (OPT-1206)
Information: The register 'u_mac16_top/u_mac/u_mul/r_s21_reg[29]' is a constant and will be removed. (OPT-1206)
Information: The register 'u_mac16_top/u_mac/u_mul/r_s21_reg[30]' is a constant and will be removed. (OPT-1206)
Information: The register 'u_mac16_top/u_mac/u_mul/r_s21_reg[31]' is a constant and will be removed. (OPT-1206)
Information: The register 'u_mac16_top/u_mac/u_mul/r_c20_reg[0]' is a constant and will be removed. (OPT-1206)
Information: The register 'u_mac16_top/u_mac/u_mul/r_c20_reg[1]' is a constant and will be removed. (OPT-1206)
Information: The register 'u_mac16_top/u_mac/u_mul/r_c20_reg[2]' is a constant and will be removed. (OPT-1206)
Information: The register 'u_mac16_top/u_mac/u_mul/r_c20_reg[19]' is a constant and will be removed. (OPT-1206)
Information: The register 'u_mac16_top/u_mac/u_mul/r_c20_reg[20]' is a constant and will be removed. (OPT-1206)
Information: The register 'u_mac16_top/u_mac/u_mul/r_c20_reg[21]' is a constant and will be removed. (OPT-1206)
Information: The register 'u_mac16_top/u_mac/u_mul/r_c20_reg[22]' is a constant and will be removed. (OPT-1206)
Information: The register 'u_mac16_top/u_mac/u_mul/r_c20_reg[23]' is a constant and will be removed. (OPT-1206)
Information: The register 'u_mac16_top/u_mac/u_mul/r_c20_reg[24]' is a constant and will be removed. (OPT-1206)
Information: The register 'u_mac16_top/u_mac/u_mul/r_c20_reg[25]' is a constant and will be removed. (OPT-1206)
Information: The register 'u_mac16_top/u_mac/u_mul/r_c20_reg[26]' is a constant and will be removed. (OPT-1206)
Information: The register 'u_mac16_top/u_mac/u_mul/r_c20_reg[27]' is a constant and will be removed. (OPT-1206)
Information: The register 'u_mac16_top/u_mac/u_mul/r_c20_reg[28]' is a constant and will be removed. (OPT-1206)
Information: The register 'u_mac16_top/u_mac/u_mul/r_c20_reg[29]' is a constant and will be removed. (OPT-1206)
Information: The register 'u_mac16_top/u_mac/u_mul/r_c20_reg[30]' is a constant and will be removed. (OPT-1206)
Information: The register 'u_mac16_top/u_mac/u_mul/r_c20_reg[31]' is a constant and will be removed. (OPT-1206)
Information: The register 'u_mac16_top/u_mac/u_mul/r_s20_reg[21]' is a constant and will be removed. (OPT-1206)
Information: The register 'u_mac16_top/u_mac/u_mul/r_s20_reg[22]' is a constant and will be removed. (OPT-1206)
Information: The register 'u_mac16_top/u_mac/u_mul/r_s20_reg[23]' is a constant and will be removed. (OPT-1206)
Information: The register 'u_mac16_top/u_mac/u_mul/r_s20_reg[24]' is a constant and will be removed. (OPT-1206)
Information: The register 'u_mac16_top/u_mac/u_mul/r_s20_reg[25]' is a constant and will be removed. (OPT-1206)
Information: The register 'u_mac16_top/u_mac/u_mul/r_s20_reg[26]' is a constant and will be removed. (OPT-1206)
Information: The register 'u_mac16_top/u_mac/u_mul/r_s20_reg[27]' is a constant and will be removed. (OPT-1206)
Information: The register 'u_mac16_top/u_mac/u_mul/r_s20_reg[28]' is a constant and will be removed. (OPT-1206)
Information: The register 'u_mac16_top/u_mac/u_mul/r_s20_reg[29]' is a constant and will be removed. (OPT-1206)
Information: The register 'u_mac16_top/u_mac/u_mul/r_s20_reg[30]' is a constant and will be removed. (OPT-1206)
Information: The register 'u_mac16_top/u_mac/u_mul/r_s20_reg[31]' is a constant and will be removed. (OPT-1206)
Information: The register 'u_mac16_top/u_mac/u_mul/r_c23_reg[0]' is a constant and will be removed. (OPT-1206)
Information: The register 'u_mac16_top/u_mac/u_mul/r_c23_reg[1]' is a constant and will be removed. (OPT-1206)
Information: The register 'u_mac16_top/u_mac/u_mul/r_c23_reg[2]' is a constant and will be removed. (OPT-1206)
Information: The register 'u_mac16_top/u_mac/u_mul/r_c23_reg[3]' is a constant and will be removed. (OPT-1206)
Information: The register 'u_mac16_top/u_mac/u_mul/r_c23_reg[4]' is a constant and will be removed. (OPT-1206)
Information: The register 'u_mac16_top/u_mac/u_mul/r_c23_reg[5]' is a constant and will be removed. (OPT-1206)
Information: The register 'u_mac16_top/u_mac/u_mul/r_c23_reg[6]' is a constant and will be removed. (OPT-1206)
Information: The register 'u_mac16_top/u_mac/u_mul/r_c23_reg[7]' is a constant and will be removed. (OPT-1206)
Information: The register 'u_mac16_top/u_mac/u_mul/r_c23_reg[8]' is a constant and will be removed. (OPT-1206)
Information: The register 'u_mac16_top/u_mac/u_mul/r_c23_reg[9]' is a constant and will be removed. (OPT-1206)
Information: The register 'u_mac16_top/u_mac/u_mul/r_c23_reg[10]' is a constant and will be removed. (OPT-1206)
Information: The register 'u_mac16_top/u_mac/u_mul/r_c23_reg[11]' is a constant and will be removed. (OPT-1206)
Information: The register 'u_mac16_top/u_mac/u_mul/r_c23_reg[12]' is a constant and will be removed. (OPT-1206)
Information: The register 'u_mac16_top/u_mac/u_mul/r_c23_reg[13]' is a constant and will be removed. (OPT-1206)
Information: The register 'u_mac16_top/u_mac/u_mul/r_c23_reg[14]' is a constant and will be removed. (OPT-1206)
Information: The register 'u_mac16_top/u_mac/u_mul/r_c23_reg[15]' is a constant and will be removed. (OPT-1206)
Information: The register 'u_mac16_top/u_mac/u_mul/r_c23_reg[31]' is a constant and will be removed. (OPT-1206)
Information: The register 'u_mac16_top/u_mac/u_mul/r_s23_reg[0]' is a constant and will be removed. (OPT-1206)
Information: The register 'u_mac16_top/u_mac/u_mul/r_s23_reg[1]' is a constant and will be removed. (OPT-1206)
Information: The register 'u_mac16_top/u_mac/u_mul/r_s23_reg[2]' is a constant and will be removed. (OPT-1206)
Information: The register 'u_mac16_top/u_mac/u_mul/r_s23_reg[3]' is a constant and will be removed. (OPT-1206)
Information: The register 'u_mac16_top/u_mac/u_mul/r_s23_reg[4]' is a constant and will be removed. (OPT-1206)
Information: The register 'u_mac16_top/u_mac/u_mul/r_s23_reg[5]' is a constant and will be removed. (OPT-1206)
Information: The register 'u_mac16_top/u_mac/u_mul/r_s23_reg[6]' is a constant and will be removed. (OPT-1206)
Information: The register 'u_mac16_top/u_mac/u_mul/r_s23_reg[7]' is a constant and will be removed. (OPT-1206)
Information: The register 'u_mac16_top/u_mac/u_mul/r_s23_reg[8]' is a constant and will be removed. (OPT-1206)
Information: The register 'u_mac16_top/u_mac/u_mul/r_s23_reg[9]' is a constant and will be removed. (OPT-1206)
Information: The register 'u_mac16_top/u_mac/u_mul/r_s23_reg[10]' is a constant and will be removed. (OPT-1206)
Information: The register 'u_mac16_top/u_mac/u_mul/r_s23_reg[11]' is a constant and will be removed. (OPT-1206)
Information: The register 'u_mac16_top/u_mac/u_mul/r_s23_reg[12]' is a constant and will be removed. (OPT-1206)
Information: The register 'u_mac16_top/u_mac/u_mul/r_s23_reg[13]' is a constant and will be removed. (OPT-1206)
Information: The register 'u_mac16_top/u_mac/u_mul/r_s23_reg[31]' is a constant and will be removed. (OPT-1206)
Information: The register 'u_mac16_top/u_mac/u_mul/r_c30_reg[0]' is a constant and will be removed. (OPT-1206)
Information: The register 'u_mac16_top/u_mac/u_mul/r_c30_reg[25]' is a constant and will be removed. (OPT-1206)
Information: The register 'u_mac16_top/u_mac/u_mul/r_c30_reg[26]' is a constant and will be removed. (OPT-1206)
Information: The register 'u_mac16_top/u_mac/u_mul/r_c30_reg[27]' is a constant and will be removed. (OPT-1206)
Information: The register 'u_mac16_top/u_mac/u_mul/r_c30_reg[28]' is a constant and will be removed. (OPT-1206)
Information: The register 'u_mac16_top/u_mac/u_mul/r_c30_reg[29]' is a constant and will be removed. (OPT-1206)
Information: The register 'u_mac16_top/u_mac/u_mul/r_c30_reg[30]' is a constant and will be removed. (OPT-1206)
Information: The register 'u_mac16_top/u_mac/u_mul/r_c30_reg[31]' is a constant and will be removed. (OPT-1206)
Information: The register 'u_mac16_top/u_mac/u_mul/r_s30_reg[24]' is a constant and will be removed. (OPT-1206)
Information: The register 'u_mac16_top/u_mac/u_mul/r_s30_reg[25]' is a constant and will be removed. (OPT-1206)
Information: The register 'u_mac16_top/u_mac/u_mul/r_s30_reg[26]' is a constant and will be removed. (OPT-1206)
Information: The register 'u_mac16_top/u_mac/u_mul/r_s30_reg[27]' is a constant and will be removed. (OPT-1206)
Information: The register 'u_mac16_top/u_mac/u_mul/r_s30_reg[28]' is a constant and will be removed. (OPT-1206)
Information: The register 'u_mac16_top/u_mac/u_mul/r_s30_reg[29]' is a constant and will be removed. (OPT-1206)
Information: The register 'u_mac16_top/u_mac/u_mul/r_s30_reg[30]' is a constant and will be removed. (OPT-1206)
Information: The register 'u_mac16_top/u_mac/u_mul/r_s30_reg[31]' is a constant and will be removed. (OPT-1206)
Information: The register 'u_mac16_top/u_mac/u_mul/r_c31_reg[0]' is a constant and will be removed. (OPT-1206)
Information: The register 'u_mac16_top/u_mac/u_mul/r_c31_reg[1]' is a constant and will be removed. (OPT-1206)
Information: The register 'u_mac16_top/u_mac/u_mul/r_c31_reg[2]' is a constant and will be removed. (OPT-1206)
Information: The register 'u_mac16_top/u_mac/u_mul/r_c31_reg[3]' is a constant and will be removed. (OPT-1206)
Information: The register 'u_mac16_top/u_mac/u_mul/r_c31_reg[4]' is a constant and will be removed. (OPT-1206)
Information: The register 'u_mac16_top/u_mac/u_mul/r_c31_reg[5]' is a constant and will be removed. (OPT-1206)
Information: The register 'u_mac16_top/u_mac/u_mul/r_c31_reg[6]' is a constant and will be removed. (OPT-1206)
Information: The register 'u_mac16_top/u_mac/u_mul/r_c31_reg[7]' is a constant and will be removed. (OPT-1206)
Information: The register 'u_mac16_top/u_mac/u_mul/r_c31_reg[31]' is a constant and will be removed. (OPT-1206)
Information: The register 'u_mac16_top/u_mac/u_mul/r_s31_reg[0]' is a constant and will be removed. (OPT-1206)
Information: The register 'u_mac16_top/u_mac/u_mul/r_s31_reg[1]' is a constant and will be removed. (OPT-1206)
Information: The register 'u_mac16_top/u_mac/u_mul/r_s31_reg[2]' is a constant and will be removed. (OPT-1206)
Information: The register 'u_mac16_top/u_mac/u_mul/r_s31_reg[3]' is a constant and will be removed. (OPT-1206)
Information: The register 'u_mac16_top/u_mac/u_mul/r_s31_reg[4]' is a constant and will be removed. (OPT-1206)
Information: The register 'u_mac16_top/u_mac/u_mul/r_s31_reg[5]' is a constant and will be removed. (OPT-1206)
Information: The register 'u_mac16_top/u_mac/u_mul/r_s31_reg[6]' is a constant and will be removed. (OPT-1206)
Information: The register 'u_mac16_top/u_mac/u_mul/r_s31_reg[30]' is a constant and will be removed. (OPT-1206)
Information: The register 'u_mac16_top/u_mac/u_mul/r_s31_reg[31]' is a constant and will be removed. (OPT-1206)
Information: The register 'u_mac16_top/u_mac/u_mul/r_c40_reg[0]' is a constant and will be removed. (OPT-1206)
Information: The register 'u_mac16_top/u_mac/u_mul/r_c40_reg[31]' is a constant and will be removed. (OPT-1206)
Information: The register 'u_mac16_top/u_mac/u_mul/r_s40_reg[30]' is a constant and will be removed. (OPT-1206)
Information: The register 'u_mac16_top/u_mac/u_mul/r_s40_reg[31]' is a constant and will be removed. (OPT-1206)
Information: The register 'u_mac16_top/u_mac/u_mul/r_c41_reg[0]' is a constant and will be removed. (OPT-1206)
Information: The register 'u_mac16_top/u_mac/u_mul/r_c41_reg[1]' is a constant and will be removed. (OPT-1206)
Information: The register 'u_mac16_top/u_mac/u_mul/r_c41_reg[2]' is a constant and will be removed. (OPT-1206)
Information: The register 'u_mac16_top/u_mac/u_mul/r_c41_reg[3]' is a constant and will be removed. (OPT-1206)
Information: The register 'u_mac16_top/u_mac/u_mul/r_c41_reg[4]' is a constant and will be removed. (OPT-1206)
Information: The register 'u_mac16_top/u_mac/u_mul/r_c41_reg[5]' is a constant and will be removed. (OPT-1206)
Information: The register 'u_mac16_top/u_mac/u_mul/r_c41_reg[6]' is a constant and will be removed. (OPT-1206)
Information: The register 'u_mac16_top/u_mac/u_mul/r_c41_reg[7]' is a constant and will be removed. (OPT-1206)
Information: The register 'u_mac16_top/u_mac/u_mul/r_c41_reg[8]' is a constant and will be removed. (OPT-1206)
Information: The register 'u_mac16_top/u_mac/u_mul/r_s41_reg[0]' is a constant and will be removed. (OPT-1206)
Information: The register 'u_mac16_top/u_mac/u_mul/r_s41_reg[1]' is a constant and will be removed. (OPT-1206)
Information: The register 'u_mac16_top/u_mac/u_mul/r_s41_reg[2]' is a constant and will be removed. (OPT-1206)
Information: The register 'u_mac16_top/u_mac/u_mul/r_s41_reg[3]' is a constant and will be removed. (OPT-1206)
Information: The register 'u_mac16_top/u_mac/u_mul/r_s41_reg[4]' is a constant and will be removed. (OPT-1206)
Information: The register 'u_mac16_top/u_mac/u_mul/r_s41_reg[5]' is a constant and will be removed. (OPT-1206)
Information: The register 'u_mac16_top/u_mac/u_mul/r_s41_reg[6]' is a constant and will be removed. (OPT-1206)
Information: The register 'u_mac16_top/u_mac/u_mul/r_s41_reg[7]' is a constant and will be removed. (OPT-1206)
Information: The register 'u_mac16_top/u_mac/u_mul/r_s41_reg[31]' is a constant and will be removed. (OPT-1206)
Information: The register 'u_mac16_top/u_mac/u_mul/r_c40_reg[1]' is a constant and will be removed. (OPT-1206)
Information: The register 'u_mac16_top/u_mac/u_mul/r_c30_reg[1]' is a constant and will be removed. (OPT-1206)
Information: The register 'u_mac16_top/u_mac/u_mul/r_c40_reg[2]' is a constant and will be removed. (OPT-1206)
Information: The register 'u_mac16_top/u_mac/u_mul/r_c30_reg[2]' is a constant and will be removed. (OPT-1206)
Information: The register 'u_mac16_top/u_mac/u_mul/r_c40_reg[3]' is a constant and will be removed. (OPT-1206)
Information: The register 'u_mac16_top/u_mac/u_mul/r_c30_reg[3]' is a constant and will be removed. (OPT-1206)
Information: The register 'u_mac16_top/u_mac/u_mul/r_c40_reg[4]' is a constant and will be removed. (OPT-1206)
Information: The register 'u_mac16_top/u_mac/u_mul/r_c31_reg[8]' is a constant and will be removed. (OPT-1206)
Information: The register 'u_mac16_top/u_mac/u_mul/r_s41_reg[8]' is a constant and will be removed. (OPT-1206)
Information: The register 'u_mac16_top/u_mac/u_mul/r_c41_reg[9]' is a constant and will be removed. (OPT-1206)
Information: The register 'u_mac16_top/u_mac/u_mul/r_c31_reg[9]' is a constant and will be removed. (OPT-1206)
Information: The register 'u_mac16_top/u_mac/u_mul/r_s41_reg[9]' is a constant and will be removed. (OPT-1206)
Information: The register 'u_mac16_top/u_mac/u_mul/r_c41_reg[10]' is a constant and will be removed. (OPT-1206)
Information: The register 'u_mac16_top/u_mac/u_mul/r_c30_reg[24]' is a constant and will be removed. (OPT-1206)
Information: The register 'u_mac16_top/u_mac/u_mul/r_c30_reg[23]' is a constant and will be removed. (OPT-1206)
Information: The register 'u_mac16_top/u_mac/u_mul/r_c30_reg[22]' is a constant and will be removed. (OPT-1206)
Information: The register 'u_mac16_top/u_mac/u_mul/r_c41_reg[11]' is a constant and will be removed. (OPT-1206)
Information: The register 'u_mac16_top/u_mac/u_mul/r_c41_reg[12]' is a constant and will be removed. (OPT-1206)
Information: The register 'u_mac16_top/u_mac/u_mul/r_c41_reg[13]' is a constant and will be removed. (OPT-1206)
Information: The register 'u_mac16_top/u_mac/u_mul/r_c41_reg[14]' is a constant and will be removed. (OPT-1206)
Information: The register 'u_mac16_top/u_mac/u_mul/r_c40_reg[30]' is a constant and will be removed. (OPT-1206)
Information: The register 'u_mac16_top/u_mac/u_mul/r_c31_reg[30]' is a constant and will be removed. (OPT-1206)
Information: The register 'u_mac16_top/u_mac/u_mul/r_c40_reg[29]' is a constant and will be removed. (OPT-1206)
Information: The register 'u_mac16_top/u_mac/u_mul/r_c31_reg[29]' is a constant and will be removed. (OPT-1206)
Information: The register 'u_mac16_top/u_mac/u_mul/r_c40_reg[28]' is a constant and will be removed. (OPT-1206)
Information: The register 'u_mac16_top/u_mac/u_mul/r_c40_reg[27]' is a constant and will be removed. (OPT-1206)
Information: The register 'u_mac16_top/u_mac/u_mul/r_c40_reg[26]' is a constant and will be removed. (OPT-1206)
Information: The register 'u_mac16_top/u_mac/u_mul/r_c40_reg[25]' is a constant and will be removed. (OPT-1206)
Information: The register 'u_mac16_top/u_out/shift_reg_reg[0]' is a constant and will be removed. (OPT-1206)
 Implement Synthetic for 'mac16'.
  Processing 'SNPS_CLOCK_GATE_HIGH_mul_wallace_u16_pipe1_0'
  Processing 'SNPS_CLOCK_GATE_HIGH_serial_to_parallel_0_0'
  Processing 'SNPS_CLOCK_GATE_HIGH_parallel_to_serial'
  Processing 'SNPS_CLOCK_GATE_HIGH_mac_core_0'
  Processing 'SNPS_CLOCK_GATE_HIGH_mac16_top_0'
Memory usage for J1 task 513 Mbytes -- main task 513 Mbytes.

  Updating timing information
Information: Updating design information... (UID-85)
Information: The library cell 'TIELOX1H9R' in the library 'ics55_LLSC_H9CR_ss_rcworst_1p08_125' is not characterized for internal power. (PWR-536)
Information: The library cell 'TIEHIX1H9R' in the library 'ics55_LLSC_H9CR_ss_rcworst_1p08_125' is not characterized for internal power. (PWR-536)
Information: The target library(s) contains cell(s), other than black boxes, that are not characterized for internal power. (PWR-24)
Information: Skipping clock gating on design SNPS_CLOCK_GATE_HIGH_mac16_top_13, since there are no registers. (PWR-806)
Information: Skipping clock gating on design SNPS_CLOCK_GATE_HIGH_mac_core_2, since there are no registers. (PWR-806)
Information: Skipping clock gating on design SNPS_CLOCK_GATE_HIGH_parallel_to_serial, since there are no registers. (PWR-806)
Information: Skipping clock gating on design SNPS_CLOCK_GATE_HIGH_serial_to_parallel_0_0, since there are no registers. (PWR-806)
Information: Skipping clock gating on design SNPS_CLOCK_GATE_HIGH_mul_wallace_u16_pipe1_15, since there are no registers. (PWR-806)
Information: Skipping clock gating on design mac16_RSOP_89, since there are no registers. (PWR-806)
Information: Skipping clock gating on design mac16_DW01_add_J1_0, since there are no registers. (PWR-806)
Information: Skipping clock gating on design mac16_DW01_inc_J1_0, since there are no registers. (PWR-806)
Information: Skipping clock gating on design mac16_DW01_inc_J1_1, since there are no registers. (PWR-806)
Information: Skipping clock gating on design mac16_DW01_dec_J1_0, since there are no registers. (PWR-806)
Information: Skipping clock gating on design mac16_DP_OP_37J1_122_8399_J1_0, since there are no registers. (PWR-806)
Information: Skipping clock gating on design SNPS_CLOCK_GATE_HIGH_mul_wallace_u16_pipe1_0, since there are no registers. (PWR-806)
Information: Skipping clock gating on design SNPS_CLOCK_GATE_HIGH_mul_wallace_u16_pipe1_1, since there are no registers. (PWR-806)
Information: Skipping clock gating on design SNPS_CLOCK_GATE_HIGH_mul_wallace_u16_pipe1_2, since there are no registers. (PWR-806)
Information: Skipping clock gating on design SNPS_CLOCK_GATE_HIGH_mul_wallace_u16_pipe1_3, since there are no registers. (PWR-806)
Information: Skipping clock gating on design SNPS_CLOCK_GATE_HIGH_mul_wallace_u16_pipe1_4, since there are no registers. (PWR-806)
Information: Skipping clock gating on design SNPS_CLOCK_GATE_HIGH_mul_wallace_u16_pipe1_5, since there are no registers. (PWR-806)
Information: Skipping clock gating on design SNPS_CLOCK_GATE_HIGH_mul_wallace_u16_pipe1_6, since there are no registers. (PWR-806)
Information: Skipping clock gating on design SNPS_CLOCK_GATE_HIGH_mul_wallace_u16_pipe1_7, since there are no registers. (PWR-806)
Information: Skipping clock gating on design SNPS_CLOCK_GATE_HIGH_mul_wallace_u16_pipe1_8, since there are no registers. (PWR-806)
Information: Skipping clock gating on design SNPS_CLOCK_GATE_HIGH_mul_wallace_u16_pipe1_9, since there are no registers. (PWR-806)
Information: Skipping clock gating on design SNPS_CLOCK_GATE_HIGH_mul_wallace_u16_pipe1_10, since there are no registers. (PWR-806)
Information: Skipping clock gating on design SNPS_CLOCK_GATE_HIGH_mul_wallace_u16_pipe1_11, since there are no registers. (PWR-806)
Information: Skipping clock gating on design SNPS_CLOCK_GATE_HIGH_mul_wallace_u16_pipe1_12, since there are no registers. (PWR-806)
Information: Skipping clock gating on design SNPS_CLOCK_GATE_HIGH_mul_wallace_u16_pipe1_13, since there are no registers. (PWR-806)
Information: Skipping clock gating on design SNPS_CLOCK_GATE_HIGH_mul_wallace_u16_pipe1_14, since there are no registers. (PWR-806)
Information: Skipping clock gating on design SNPS_CLOCK_GATE_HIGH_serial_to_parallel_0_1, since there are no registers. (PWR-806)
Information: Skipping clock gating on design SNPS_CLOCK_GATE_HIGH_mac_core_0, since there are no registers. (PWR-806)
Information: Skipping clock gating on design SNPS_CLOCK_GATE_HIGH_mac_core_1, since there are no registers. (PWR-806)
Information: Skipping clock gating on design SNPS_CLOCK_GATE_HIGH_mac16_top_0, since there are no registers. (PWR-806)
Information: Skipping clock gating on design SNPS_CLOCK_GATE_HIGH_mac16_top_1, since there are no registers. (PWR-806)
Information: Skipping clock gating on design SNPS_CLOCK_GATE_HIGH_mac16_top_2, since there are no registers. (PWR-806)
Information: Skipping clock gating on design SNPS_CLOCK_GATE_HIGH_mac16_top_3, since there are no registers. (PWR-806)
Information: Skipping clock gating on design SNPS_CLOCK_GATE_HIGH_mac16_top_4, since there are no registers. (PWR-806)
Information: Skipping clock gating on design SNPS_CLOCK_GATE_HIGH_mac16_top_5, since there are no registers. (PWR-806)
Information: Skipping clock gating on design SNPS_CLOCK_GATE_HIGH_mac16_top_6, since there are no registers. (PWR-806)
Information: Skipping clock gating on design SNPS_CLOCK_GATE_HIGH_mac16_top_7, since there are no registers. (PWR-806)
Information: Skipping clock gating on design SNPS_CLOCK_GATE_HIGH_mac16_top_8, since there are no registers. (PWR-806)
Information: Skipping clock gating on design SNPS_CLOCK_GATE_HIGH_mac16_top_9, since there are no registers. (PWR-806)
Information: Skipping clock gating on design SNPS_CLOCK_GATE_HIGH_mac16_top_10, since there are no registers. (PWR-806)
Information: Skipping clock gating on design SNPS_CLOCK_GATE_HIGH_mac16_top_11, since there are no registers. (PWR-806)
Information: Skipping clock gating on design SNPS_CLOCK_GATE_HIGH_mac16_top_12, since there are no registers. (PWR-806)
Information: Performing clock-gating on design mac16. (PWR-730)

  Beginning Mapping Optimizations  (Ultra High effort)
  -------------------------------
  Mapping Optimization (Phase 1)
  Mapping Optimization (Phase 2)
Information: The register 'u_mac16_top/u_inA/cnt_reg[4]' is a constant and will be removed. (OPT-1206)
Information: The register 'u_mac16_top/u_inB/cnt_reg[4]' is a constant and will be removed. (OPT-1206)

  Beginning Constant Register Removal
  -----------------------------------

  Beginning Global Optimizations
  ------------------------------
  Numerical Synthesis (Phase 1)
  Numerical Synthesis (Phase 2)
  Global Optimization (Phase 1)
  Global Optimization (Phase 2)
  Global Optimization (Phase 3)
  Global Optimization (Phase 4)
  Global Optimization (Phase 5)
  Global Optimization (Phase 6)
  Global Optimization (Phase 7)
  Global Optimization (Phase 8)
  Global Optimization (Phase 9)
  Global Optimization (Phase 10)
  Global Optimization (Phase 11)
  Global Optimization (Phase 12)
  Global Optimization (Phase 13)
  Global Optimization (Phase 14)
  Global Optimization (Phase 15)
  Global Optimization (Phase 16)
  Global Optimization (Phase 17)
  Global Optimization (Phase 18)
  Global Optimization (Phase 19)
  Global Optimization (Phase 20)
  Global Optimization (Phase 21)
  Global Optimization (Phase 22)
  Global Optimization (Phase 23)
  Global Optimization (Phase 24)
  Global Optimization (Phase 25)
  Global Optimization (Phase 26)
  Global Optimization (Phase 27)
  Global Optimization (Phase 28)
  Global Optimization (Phase 29)
  Global Optimization (Phase 30)
  Global Optimization (Phase 31)

  Beginning Isolate Ports
  -----------------------

  Beginning Delay Optimization
  ----------------------------

                                  TOTAL                                                
   ELAPSED            WORST NEG   SETUP    DESIGN                              LEAKAGE 
    TIME      AREA      SLACK     COST    RULE COST         ENDPOINT            POWER  
  --------- --------- --------- --------- --------- ------------------------- ---------
    0:00:08   11099.2      0.39      21.9       2.0                           11700.2861
    0:00:09   11550.6      0.06       3.4       2.0                           12663.1250
    0:00:09   11550.6      0.06       3.4       2.0                           12663.1250
    0:00:10   11542.3      0.06       3.5       2.0                           12679.1045

  Beginning WLM Backend Optimization
  --------------------------------------
    0:00:10   11528.6      0.05       3.3       2.0                           12631.1904
    0:00:11   11523.6      0.05       2.8       2.0                           12581.0439
    0:00:11   11523.6      0.05       2.8       2.0                           12581.0439
    0:00:11   11525.4      0.05       2.8       2.0                           12584.3525
    0:00:11   11525.4      0.05       2.8       2.0                           12584.3525
    0:00:11   11533.0      0.05       2.8       2.0                           12594.2812
    0:00:11   11533.0      0.05       2.8       2.0                           12594.2812
    0:00:11   11532.6      0.05       2.8       2.0                           12593.2734
    0:00:11   11532.6      0.05       2.8       2.0                           12593.2734
    0:00:11   11602.4      0.04       2.5       2.0                           12694.6875
    0:00:11   11602.4      0.04       2.5       2.0                           12694.6875
    0:00:12   11604.6      0.04       2.5       2.0                           12697.9043
    0:00:12   11604.6      0.04       2.5       2.0                           12697.9043
    0:00:12   11607.1      0.04       2.5       2.0                           12704.7988
    0:00:12   11607.1      0.04       2.5       2.0                           12704.7988
    0:00:12   11607.1      0.04       2.5       2.0                           12704.7988
    0:00:12   11607.1      0.04       2.5       2.0                           12704.7988
    0:00:12   11607.1      0.04       2.5       2.0                           12704.7988
    0:00:12   11607.1      0.04       2.5       2.0                           12704.7988
    0:00:12   11607.1      0.04       2.5       2.0                           12704.7988


  Beginning Design Rule Fixing  (max_fanout)
  ----------------------------

                                  TOTAL                                                
   ELAPSED            WORST NEG   SETUP    DESIGN                              LEAKAGE 
    TIME      AREA      SLACK     COST    RULE COST         ENDPOINT            POWER  
  --------- --------- --------- --------- --------- ------------------------- ---------
    0:00:12   11607.1      0.04       2.5       2.0                           12704.7988
  Global Optimization (Phase 32)
  Global Optimization (Phase 33)
  Global Optimization (Phase 34)
    0:00:12   11606.4      0.04       2.5       0.0                           12704.3359
    0:00:12   11608.6      0.04       2.1       0.0                           12707.3252


  Beginning Leakage Power Optimization  (max_leakage_power 0)
  ------------------------------------

                                  TOTAL                                                
   ELAPSED            WORST NEG   SETUP    DESIGN                              LEAKAGE 
    TIME      AREA      SLACK     COST    RULE COST         ENDPOINT            POWER  
  --------- --------- --------- --------- --------- ------------------------- ---------
    0:00:12   11608.6      0.04       2.1       0.0                           12707.3252
  Global Optimization (Phase 35)
  Global Optimization (Phase 36)
  Global Optimization (Phase 37)
  Global Optimization (Phase 38)
  Global Optimization (Phase 39)
  Global Optimization (Phase 40)
  Global Optimization (Phase 41)
  Global Optimization (Phase 42)
  Global Optimization (Phase 43)
  Global Optimization (Phase 44)
  Global Optimization (Phase 45)
  Global Optimization (Phase 46)
  Global Optimization (Phase 47)
  Global Optimization (Phase 48)
    0:00:13   11479.0      0.07       2.2       0.0                           12336.0713
    0:00:13   11527.9      0.05       2.0       0.0                           12414.9502
    0:00:13   11527.9      0.05       2.0       0.0                           12414.9502
    0:00:14   11491.2      0.05       1.7       0.0                           12369.2881
    0:00:14   11491.2      0.05       1.7       0.0                           12369.2881
    0:00:14   11538.0      0.05       1.7       0.0                           12432.4844
    0:00:14   11538.0      0.05       1.7       0.0                           12432.4844
    0:00:14   11544.1      0.04       1.6       0.0                           12449.4287
    0:00:14   11544.1      0.04       1.6       0.0                           12449.4287
    0:00:14   11557.1      0.04       1.6       0.0                           12467.3770
    0:00:14   11557.1      0.04       1.6       0.0                           12467.3770
    0:00:15   11719.1      0.01       0.1       0.0                           12725.8721
    0:00:15   11719.1      0.01       0.1       0.0                           12725.8721
    0:00:15   11719.1      0.01       0.1       0.0                           12725.8721
    0:00:15   11719.1      0.01       0.1       0.0                           12725.8721
    0:00:15   11719.1      0.01       0.1       0.0                           12725.8721
    0:00:15   11719.1      0.01       0.1       0.0                           12725.8721
    0:00:15   11719.1      0.01       0.1       0.0                           12725.8721
    0:00:15   11719.1      0.01       0.1       0.0                           12725.8721
    0:00:15   11719.1      0.01       0.1       0.0                           12725.8721
    0:00:15   11719.1      0.01       0.1       0.0                           12725.8721
    0:00:15   11719.1      0.01       0.1       0.0                           12725.8721

                                  TOTAL                                                
   ELAPSED            WORST NEG   SETUP    DESIGN                              LEAKAGE 
    TIME      AREA      SLACK     COST    RULE COST         ENDPOINT            POWER  
  --------- --------- --------- --------- --------- ------------------------- ---------
    0:00:15   11719.1      0.01       0.1       0.0                           12725.8721
    0:00:16   11653.2      0.02       0.1       0.0                           12678.3477
    0:00:16   11650.3      0.01       0.0       0.0                           12675.4707
    0:00:16   11650.3      0.01       0.0       0.0                           12675.4707
    0:00:16   11617.9      0.01       0.1       0.0                           12635.2637
    0:00:16   11597.8      0.01       0.1       0.0                           12598.0273
    0:00:16   11638.4      0.00       0.0       0.0                           12664.8330
    0:00:16   11638.4      0.00       0.0       0.0                           12664.8330
    0:00:16   11638.4      0.00       0.0       0.0                           12664.8330
    0:00:16   11536.9      0.00       0.0       0.0                           12475.2656
Loading db file '/home/ICer/work_mac16/lib/ics55_LLSC_H9CR_ss_rcworst_1p08_125_nldm.db'


Note: Symbol # after min delay cost means estimated hold TNS across all active scenarios 


  Optimization Complete
  ---------------------
Information: State dependent leakage is now switched from off to on.
Information: Propagating switching activity (low effort zero delay simulation). (PWR-6)
Warning: The derived static probability value (0.500000) for the clock net 'clk' conflicts with the annotated value (0.020000). Using the annotated value. (PWR-12)
Warning: The derived toggle rate value (2.000000) for the clock net 'clk' conflicts with the annotated value (0.500000). Using the annotated value. (PWR-12)
1
# ------------------------------------------------------------
# 7. 增量功耗优化（正确语法）
# ------------------------------------------------------------
compile -incremental -power_effort high
Information: Performing power optimization. (PWR-850)
Information: Evaluating DesignWare library utilization. (UISN-27)

============================================================================
| DesignWare Building Block Library  |         Version         | Available |
============================================================================
| Basic DW Building Blocks           | O-2018.06-DWBB_201806.1 |     *     |
| Licensed DW Building Blocks        |                         |     *     |
============================================================================


Information: State dependent leakage is now switched from on to off.

  Beginning Pass 1 Mapping  (Incremental)
  ------------------------

  Updating timing information
Information: Updating design information... (UID-85)
Information: The library cell 'TIELOX1H9R' in the library 'ics55_LLSC_H9CR_ss_rcworst_1p08_125' is not characterized for internal power. (PWR-536)
Information: The library cell 'TIEHIX1H9R' in the library 'ics55_LLSC_H9CR_ss_rcworst_1p08_125' is not characterized for internal power. (PWR-536)
Information: The target library(s) contains cell(s), other than black boxes, that are not characterized for internal power. (PWR-24)

  Beginning Mapping Optimizations  (Medium effort)  (Incremental)
  -------------------------------

  Beginning Incremental Implementation Selection
  ----------------------------------------------

                                  TOTAL                                                
   ELAPSED            WORST NEG   SETUP    DESIGN                              LEAKAGE 
    TIME      AREA      SLACK     COST    RULE COST         ENDPOINT            POWER  
  --------- --------- --------- --------- --------- ------------------------- ---------
    0:00:01   11536.9      0.00       0.0       0.0                           12475.2656
    0:00:01   11539.1      0.00       0.0       0.0                           12476.5977
    0:00:01   11539.1      0.00       0.0       0.0                           12476.5977
    0:00:02   11539.1      0.00       0.0       0.0                           12476.5977
    0:00:02   11539.1      0.00       0.0       0.0                           12476.5977
    0:00:02   11485.1      0.16       1.6       0.0                           12268.9023
    0:00:02   11448.4      0.17       2.0       0.0                           12190.1836
    0:00:02   11425.0      0.18       5.4       0.0                           12148.1953
    0:00:02   11425.0      0.18       5.4       0.0                           12147.7305
    0:00:02   11425.0      0.18       5.4       0.0                           12147.7305
    0:00:02   11425.0      0.18       5.4       0.0                           12147.7305
    0:00:02   11425.0      0.18       5.4       0.0                           12147.7305
    0:00:02   11425.0      0.18       5.4       0.0                           12147.7305
    0:00:02   11425.0      0.18       5.4       0.0                           12147.7305
    0:00:02   11425.0      0.18       5.4       0.0                           12147.7305
    0:00:02   11425.0      0.18       5.4       0.0                           12147.7305
    0:00:02   11448.4      0.04       1.2       0.0 u_mac16_top/u_mac/u_mul/product_reg_reg[20]/D 12192.0742
    0:00:02   11458.4      0.03       1.0       0.0 u_mac16_top/u_mac/u_mul/product_reg_reg[23]/D 12205.7949
    0:00:02   11458.1      0.03       1.0       0.0 u_mac16_top/u_mac/u_mul/product_reg_reg[20]/D 12207.0488
    0:00:02   11459.2      0.03       1.0       0.0 u_mac16_top/u_mac/u_mul/product_reg_reg[22]/D 12210.9180
    0:00:02   11463.5      0.03       0.9       0.0 u_mac16_top/u_mac/u_mul/product_reg_reg[23]/D 12217.6211
    0:00:02   11463.8      0.03       0.9       0.0 u_mac16_top/u_mac/u_mul/product_reg_reg[16]/D 12219.8555
    0:00:02   11467.4      0.03       0.9       0.0 u_mac16_top/u_mac/u_mul/product_reg_reg[22]/D 12223.9941
    0:00:02   11471.8      0.03       0.8       0.0 u_mac16_top/u_mac/u_mul/product_reg_reg[23]/D 12227.6514
    0:00:02   11473.6      0.03       0.8       0.0 u_mac16_top/u_mac/u_mul/product_reg_reg[23]/D 12231.7246
    0:00:02   11477.2      0.02       0.7       0.0 u_mac16_top/u_mac/u_mul/product_reg_reg[18]/D 12238.2900
    0:00:02   11484.4      0.02       0.6       0.0 u_mac16_top/u_mac/u_mul/product_reg_reg[22]/D 12246.2627
    0:00:02   11489.0      0.02       0.5       0.0 u_mac16_top/u_mac/u_mul/product_reg_reg[22]/D 12253.4873
    0:00:02   11490.5      0.02       0.5       0.0 u_mac16_top/u_mac/u_mul/product_reg_reg[22]/D 12256.4443
    0:00:02   11490.5      0.02       0.4       0.0 u_mac16_top/u_mac/u_mul/product_reg_reg[20]/D 12256.1807
    0:00:02   11491.9      0.02       0.4       0.0 u_mac16_top/u_mac/u_mul/product_reg_reg[23]/D 12257.3213
    0:00:02   11497.3      0.01       0.4       0.0 u_mac16_top/u_mac/u_mul/product_reg_reg[23]/D 12264.6338
    0:00:02   11500.2      0.01       0.3       0.0 u_mac16_top/u_mac/u_mul/product_reg_reg[20]/D 12272.0234
    0:00:02   11501.3      0.01       0.3       0.0 u_mac16_top/u_mac/u_mul/product_reg_reg[19]/D 12273.3770
    0:00:03   11504.2      0.01       0.3       0.0 u_mac16_top/u_mac/u_mul/product_reg_reg[22]/D 12277.9541
    0:00:03   11504.2      0.01       0.3       0.0                           12278.1416



  Beginning Delay Optimization Phase
  ----------------------------------

                                  TOTAL                                                
   ELAPSED            WORST NEG   SETUP    DESIGN                              LEAKAGE 
    TIME      AREA      SLACK     COST    RULE COST         ENDPOINT            POWER  
  --------- --------- --------- --------- --------- ------------------------- ---------
    0:00:03   11504.2      0.01       0.3       0.0                           12278.1416
    0:00:03   11504.5      0.01       0.3       0.0                           12279.3857
    0:00:04   11511.0      0.01       0.2       0.0                           12290.0225
    0:00:04   11513.9      0.01       0.2       0.0 u_mac16_top/u_mac/u_mul/product_reg_reg[20]/D 12292.0400
    0:00:04   11520.0      0.01       0.2       0.0                           12300.6572
    0:00:05   11523.2      0.01       0.2       0.0 u_mac16_top/u_mac/u_mul/product_reg_reg[23]/D 12307.2490
    0:00:05   11523.6      0.01       0.2       0.0 u_mac16_top/u_mac/u_mul/product_reg_reg[23]/D 12308.3027
    0:00:05   11535.1      0.01       0.1       0.0 u_mac16_top/u_mac/u_mul/product_reg_reg[23]/D 12324.3564
    0:00:05   11535.8      0.01       0.1       0.0 u_mac16_top/u_mac/u_mul/product_reg_reg[22]/D 12325.2070
    0:00:05   11535.8      0.01       0.1       0.0                           12324.3701
    0:00:06   11535.5      0.01       0.1       0.0                           12319.7480
    0:00:06   11538.4      0.01       0.1       2.0                           12322.4375
    0:00:06   11538.4      0.01       0.1       2.0                           12322.4375


  Beginning Design Rule Fixing  (max_transition)  (max_fanout)  (max_capacitance)
  ----------------------------

                                  TOTAL                                                
   ELAPSED            WORST NEG   SETUP    DESIGN                              LEAKAGE 
    TIME      AREA      SLACK     COST    RULE COST         ENDPOINT            POWER  
  --------- --------- --------- --------- --------- ------------------------- ---------
    0:00:06   11538.4      0.01       0.1       2.0                           12322.4375
    0:00:06   11541.6      0.01       0.1       0.0 u_mac16_top/u_mac/u_mul/product_reg_reg[23]/D 12330.2637
    0:00:06   11548.4      0.00       0.1       0.0 u_mac16_top/u_mac/u_mul/product_reg_reg[23]/D 12341.3740
    0:00:06   11556.4      0.00       0.1       0.0 n2341                     12354.4492
    0:00:06   11556.4      0.00       0.1       0.0                           12354.8545
    0:00:06   11556.4      0.00       0.0       0.0                           12354.7891


  Beginning Leakage Power Optimization  (max_leakage_power 0)
  ------------------------------------

                                  TOTAL                                                
   ELAPSED            WORST NEG   SETUP    DESIGN                              LEAKAGE 
    TIME      AREA      SLACK     COST    RULE COST         ENDPOINT            POWER  
  --------- --------- --------- --------- --------- ------------------------- ---------
    0:00:06   11556.4      0.00       0.0       0.0                           12354.7891
    0:00:06   11556.4      0.00       0.0       0.0                           12354.7891
    0:00:06   11547.0      0.00       0.0       0.0                           12338.4062
    0:00:06   11547.0      0.00       0.0       0.0                           12338.4062
    0:00:06   11547.0      0.00       0.0       0.0                           12338.4062
    0:00:06   11547.0      0.00       0.0       0.0                           12338.4062
    0:00:07   11542.7      0.00       0.0       0.0 u_mac16_top/u_mac/u_mul/product_reg_reg[23]/D 12330.2832
    0:00:07   11542.7      0.00       0.0       0.0                           12330.2832
    0:00:08   11533.0      0.00       0.1       0.0                           12273.5977
    0:00:08   11525.0      0.01       0.1       0.0                           12240.7529
    0:00:09   11516.0      0.01       0.1       0.0                           12220.7676
    0:00:09   11513.5      0.01       0.1       0.0                           12210.6426
    0:00:09   11511.7      0.01       0.1       0.0                           12202.2402
    0:00:10   11511.0      0.01       0.1       0.0                           12195.8379
    0:00:10   11509.2      0.01       0.1       0.0                           12188.9502
    0:00:10   11508.1      0.01       0.1       0.0                           12186.2695
    0:00:10   11508.1      0.01       0.1       0.0                           12186.2695
    0:00:10   11508.1      0.01       0.1       0.0                           12186.2695
    0:00:10   11476.4      0.05       1.1       0.0                           12114.1650
    0:00:10   11455.9      0.16       3.6       0.0                           12083.6162
    0:00:10   11455.9      0.16       3.6       0.0                           12083.6162
    0:00:10   11455.9      0.16       3.6       0.0                           12083.6162
    0:00:10   11455.9      0.16       3.6       0.0                           12083.6162
    0:00:10   11455.9      0.16       3.6       0.0                           12083.6162
    0:00:10   11455.9      0.16       3.6       0.0                           12083.6162
    0:00:10   11483.3      0.01       0.2       0.0 u_mac16_top/u_mac/u_mul/product_reg_reg[22]/D 12131.1914
    0:00:10   11483.3      0.01       0.2       0.0 u_mac16_top/u_mac/u_mul/product_reg_reg[23]/D 12131.4746
    0:00:10   11493.0      0.01       0.2       0.0 u_mac16_top/u_mac/u_mul/product_reg_reg[23]/D 12145.4365
    0:00:11   11494.4      0.01       0.1       0.0 u_mac16_top/u_mac/u_mul/product_reg_reg[23]/D 12147.0674
Information: State dependent leakage is now switched from off to on.
Information: Propagating switching activity (low effort zero delay simulation). (PWR-6)
Warning: The derived static probability value (0.500000) for the clock net 'clk' conflicts with the annotated value (0.020000). Using the annotated value. (PWR-12)
Warning: The derived toggle rate value (2.000000) for the clock net 'clk' conflicts with the annotated value (0.500000). Using the annotated value. (PWR-12)
Loading db file '/home/ICer/work_mac16/lib/ics55_LLSC_H9CR_ss_rcworst_1p08_125_nldm.db'


Note: Symbol # after min delay cost means estimated hold TNS across all active scenarios 


  Optimization Complete
  ---------------------
1
# ------------------------------------------------------------
# 8. 面积恢复（在满足时序前提下尽量缩小面积）
# ------------------------------------------------------------
# 如果面积超标，可以运行一次面积优化
compile -incremental -area_effort high
Information: Performing power optimization. (PWR-850)

Information: State dependent leakage is now switched from on to off.

  Beginning Pass 1 Mapping  (Incremental)
  ------------------------

  Updating timing information
Information: Updating design information... (UID-85)
Information: The library cell 'TIELOX1H9R' in the library 'ics55_LLSC_H9CR_ss_rcworst_1p08_125' is not characterized for internal power. (PWR-536)
Information: The library cell 'TIEHIX1H9R' in the library 'ics55_LLSC_H9CR_ss_rcworst_1p08_125' is not characterized for internal power. (PWR-536)
Information: The target library(s) contains cell(s), other than black boxes, that are not characterized for internal power. (PWR-24)

  Beginning Mapping Optimizations  (Medium effort)  (Incremental)
  -------------------------------

  Beginning Incremental Implementation Selection
  ----------------------------------------------

                                  TOTAL                                                
   ELAPSED            WORST NEG   SETUP    DESIGN                              LEAKAGE 
    TIME      AREA      SLACK     COST    RULE COST         ENDPOINT            POWER  
  --------- --------- --------- --------- --------- ------------------------- ---------
    0:00:00   11494.4      0.01       0.1       0.0                           12147.0674
    0:00:00   11494.8      0.01       0.1       0.0                           12147.7588
    0:00:00   11494.8      0.01       0.1       0.0                           12147.7588
    0:00:00   11494.8      0.01       0.1       0.0                           12148.8916
    0:00:00   11494.8      0.01       0.1       0.0                           12148.8916
    0:00:00   11466.4      0.10       1.5       0.0                           12100.8271
    0:00:00   11457.7      0.14       3.3       0.0                           12090.3906
    0:00:00   11455.6      0.14       3.3       0.0                           12088.1299
    0:00:00   11455.6      0.14       3.3       0.0                           12088.1299
    0:00:00   11455.6      0.14       3.3       0.0                           12088.1299
    0:00:00   11455.6      0.14       3.3       0.0                           12088.1299
    0:00:00   11455.6      0.14       3.3       0.0                           12088.1299
    0:00:00   11455.6      0.14       3.3       0.0                           12088.1299
    0:00:00   11455.6      0.14       3.3       0.0                           12088.1299
    0:00:00   11455.6      0.14       3.3       0.0                           12088.1299
    0:00:01   11470.7      0.01       0.2       0.0 u_mac16_top/u_mac/u_mul/product_reg_reg[23]/D 12113.0391
    0:00:01   11472.5      0.01       0.2       0.0 u_mac16_top/u_mac/u_mul/product_reg_reg[23]/D 12115.3750
    0:00:01   11473.2      0.01       0.2       0.0 u_mac16_top/u_mac/accum_reg_reg[19]/D 12117.1689
    0:00:01   11475.0      0.01       0.2       0.0                           12118.4238



  Beginning Delay Optimization Phase
  ----------------------------------

                                  TOTAL                                                
   ELAPSED            WORST NEG   SETUP    DESIGN                              LEAKAGE 
    TIME      AREA      SLACK     COST    RULE COST         ENDPOINT            POWER  
  --------- --------- --------- --------- --------- ------------------------- ---------
    0:00:01   11475.0      0.01       0.2       0.0                           12118.4238
    0:00:01   11475.4      0.01       0.2       0.0                           12119.6680
    0:00:02   11476.8      0.00       0.1       0.0 u_mac16_top/u_mac/u_mul/product_reg_reg[23]/D 12124.6465
    0:00:02   11481.5      0.00       0.1       0.0                           12132.2275
    0:00:02   11483.3      0.00       0.1       0.0 u_mac16_top/u_mac/u_mul/product_reg_reg[20]/D 12135.8018
    0:00:02   11486.9      0.00       0.0       0.0 u_mac16_top/u_mac/u_mul/product_reg_reg[22]/D 12141.6416
    0:00:02   11492.6      0.00       0.0       0.0 u_mac16_top/u_mac/u_mul/product_reg_reg[23]/D 12149.5752
    0:00:02   11503.4      0.00       0.0       0.0 u_mac16_top/u_mac/u_mul/product_reg_reg[23]/D 12166.8975
    0:00:03   11504.2      0.00       0.0       0.0                           12169.2617
    0:00:03   11508.1      0.00       0.0       0.0 u_mac16_top/u_mac/u_mul/product_reg_reg[23]/D 12181.7979
    0:00:03   11508.5      0.00       0.0       0.0                           12183.0430
    0:00:03   11508.5      0.00       0.0       0.0 u_mac16_top/u_mac/u_mul/product_reg_reg[23]/D 12182.8369
    0:00:03   11508.8      0.00       0.0       0.0                           12183.8896
    0:00:03   11509.6      0.00       0.0       0.0                           12187.1279
    0:00:04   11507.4      0.00       0.0       0.0                           12187.4316


  Beginning Leakage Power Optimization  (max_leakage_power 0)
  ------------------------------------

                                  TOTAL                                                
   ELAPSED            WORST NEG   SETUP    DESIGN                              LEAKAGE 
    TIME      AREA      SLACK     COST    RULE COST         ENDPOINT            POWER  
  --------- --------- --------- --------- --------- ------------------------- ---------
    0:00:04   11507.4      0.00       0.0       0.0                           12187.4316
    0:00:04   11507.4      0.00       0.0       0.0                           12187.4316
    0:00:04   11502.7      0.00       0.0       0.0                           12181.1875
    0:00:04   11502.7      0.00       0.0       0.0                           12181.1875
    0:00:04   11502.7      0.00       0.0       0.0                           12181.1875
Information: State dependent leakage is now switched from off to on.
Information: Propagating switching activity (low effort zero delay simulation). (PWR-6)
Warning: The derived static probability value (0.500000) for the clock net 'clk' conflicts with the annotated value (0.020000). Using the annotated value. (PWR-12)
Warning: The derived toggle rate value (2.000000) for the clock net 'clk' conflicts with the annotated value (0.500000). Using the annotated value. (PWR-12)
    0:00:04   11501.6      0.00       0.0       0.0                           11769.5400
Loading db file '/home/ICer/work_mac16/lib/ics55_LLSC_H9CR_ss_rcworst_1p08_125_nldm.db'


Note: Symbol # after min delay cost means estimated hold TNS across all active scenarios 


  Optimization Complete
  ---------------------
1
# ------------------------------------------------------------
# 9. 输出报告
# ------------------------------------------------------------
set output_dir ../out/syn
../out/syn
sh mkdir -p $output_dir
report_timing -delay_type max -max_paths 50 > $output_dir/timing_setup.rpt
report_timing -delay_type min -max_paths 50 > $output_dir/timing_hold.rpt
report_area -hierarchy > $output_dir/area.rpt
report_power -hierarchy > $output_dir/power.rpt
report_constraint -all_violators > $output_dir/constraint.rpt
report_clock_gating -verbose > $output_dir/clock_gating.rpt
# ------------------------------------------------------------
# 10. 输出网表、SDF 和最终 SDC
# ------------------------------------------------------------
write -f verilog -hierarchy -output $output_dir/mac16_netlist.v
Writing verilog file '/home/ICer/work_mac16/out/syn/mac16_netlist.v'.
Warning: Verilog 'assign' or 'tran' statements are written out. (VO-4)
1
write_sdf -version 2.1 $output_dir/mac16.sdf
Information: Annotated 'cell' delays are assumed to include load delay. (UID-282)
Information: Writing timing information to file '/home/ICer/work_mac16/out/syn/mac16.sdf'. (WT-3)
1
write_sdc -version 1.7 $output_dir/mac16.sdc
1
write -f ddc -hierarchy -output $output_dir/mac16.ddc
Writing ddc file '../out/syn/mac16.ddc'.
1
# 关闭 SVF 文件
set_svf -off
1
echo "=========================================="
==========================================
echo "DC Synthesis Completed Successfully!"
DC Synthesis Completed Successfully!
echo "Output files are in: $output_dir"
Output files are in: ../out/syn
echo "=========================================="
==========================================
exit
Memory usage for main task 604 Mbytes.
Memory usage for this session 604 Mbytes.
CPU usage for this session 37 seconds ( 0.01 hours ).

Thank you...
