****************************************
Report : timing
        -path_type full
        -delay_type max
        -max_paths 50
        -report_by design
Design : mac16
Version: V-2023.12
Date   : Tue Aug 18 14:58:22 2026
****************************************

  Startpoint: u_mac16_top/u_mac/last_prod_reg[0] (rising edge-triggered flip-flop clocked by core_clk)
  Endpoint: u_mac16_top/u_mac/sum_out_reg[15] (rising edge-triggered flip-flop clocked by core_clk)
  Mode: default
  Corner: default
  Scenario: default
  Path Group: core_clk
  Path Type: max

  Point                                            Incr      Path  
  ------------------------------------------------------------------------
  clock core_clk (rise edge)                       0.00      0.00
  clock network delay (propagated)                 0.11      0.11

  u_mac16_top/u_mac/last_prod_reg[0]/CK (DFFRPQX0P5H9R)
                                                   0.00      0.11 r
  u_mac16_top/u_mac/last_prod_reg[0]/Q (DFFRPQX0P5H9R)
                                                   0.20      0.31 f
  U1523/Y (NAND2X0P5H9R)                           0.07      0.38 r
  U2134/Y (OAI21X0P5H9R)                           0.08      0.46 f
  U1563/Y (AOI21X0P5H9R)                           0.07      0.53 r
  U1308/Y (OAI21X0P7H9R)                           0.09      0.61 f
  U1197/Y (INVX1H9R)                               0.09      0.70 r
  ctmTdsLR_1_484/Y (NOR2X0P5H9R)                   0.05      0.74 f
  ctmTdsLR_2_485/Y (AOI211X0P5H9R)                 0.10      0.85 r
  U1172/Y (XOR2X0P5H9R)                            0.07      0.91 r
  ctmTdsLR_1_604/Y (AO22X0P5H9R)                   0.13      1.04 r
  u_mac16_top/u_mac/sum_out_reg[15]/D (DFFRPQX0P5H9R)
                                                   0.00      1.04 r
  data arrival time                                          1.04

  clock core_clk (rise edge)                       1.00      1.00
  clock network delay (propagated)                 0.10      1.10
  u_mac16_top/u_mac/sum_out_reg[15]/CK (DFFRPQX0P5H9R)
                                                   0.00      1.10 r
  clock uncertainty                               -0.03      1.07
  library setup time                              -0.04      1.03
  data required time                                         1.03
  ------------------------------------------------------------------------
  data required time                                         1.03
  data arrival time                                         -1.04
  ------------------------------------------------------------------------
  slack (VIOLATED)                                          -0.01



  Startpoint: u_mac16_top/u_mac/u_mul/r_s41_reg[11] (rising edge-triggered flip-flop clocked by core_clk)
  Endpoint: u_mac16_top/u_mac/u_mul/product_reg_reg[16] (rising edge-triggered flip-flop clocked by core_clk)
  Mode: default
  Corner: default
  Scenario: default
  Path Group: core_clk
  Path Type: max

  Point                                            Incr      Path  
  ------------------------------------------------------------------------
  clock core_clk (rise edge)                       0.00      0.00
  clock network delay (propagated)                 0.12      0.12

  u_mac16_top/u_mac/u_mul/r_s41_reg[11]/CK (DFFRPQX0P5H9R)
                                                   0.00      0.12 r
  u_mac16_top/u_mac/u_mul/r_s41_reg[11]/Q (DFFRPQX0P5H9R)
                                                   0.26      0.38 r
  ctmTdsLR_1_592/Y (XOR3X1H9R)                     0.12      0.49 f
  U1647/Y (XNOR2X1H9R)                             0.05      0.55 f
  U1181/Y (NAND2X1P4H9R)                           0.04      0.59 r
  ctmTdsLR_1_603/Y (NOR2XBX1H9R)                   0.07      0.66 r
  U1548/Y (NAND3X2H9R)                             0.04      0.70 f
  U1086/Y (NAND2X3H9R)                             0.05      0.75 r
  U1267/Y (NAND2X1H9R)                             0.03      0.78 f
  U1517/Y (NAND2X0P7H9R)                           0.05      0.83 r
  U2276/Y (XNOR2X1P4H9R)                           0.08      0.91 r
  u_mac16_top/u_mac/u_mul/product_reg_reg[16]/D (DFFRPQX0P5H9R)
                                                   0.00      0.91 r
  data arrival time                                          0.91

  clock core_clk (rise edge)                       1.00      1.00
  clock network delay (propagated)                 0.00      1.00
  u_mac16_top/u_mac/u_mul/product_reg_reg[16]/CK (DFFRPQX0P5H9R)
                                                   0.00      1.00 r
  clock uncertainty                               -0.03      0.98
  library setup time                              -0.07      0.91
  data required time                                         0.91
  ------------------------------------------------------------------------
  data required time                                         0.91
  data arrival time                                         -0.91
  ------------------------------------------------------------------------
  slack (VIOLATED)                                          -0.01



  Startpoint: u_mac16_top/op_fifo_rd_ptr_reg[0] (rising edge-triggered flip-flop clocked by core_clk)
  Endpoint: u_mac16_top/opB_reg_reg[6] (rising edge-triggered flip-flop clocked by core_clk)
  Mode: default
  Corner: default
  Scenario: default
  Path Group: core_clk
  Path Type: max

  Point                                            Incr      Path  
  ------------------------------------------------------------------------
  clock core_clk (rise edge)                       0.00      0.00
  clock network delay (propagated)                 0.11      0.11

  u_mac16_top/op_fifo_rd_ptr_reg[0]/CK (DFFRPQX0P5H9R)
                                                   0.00      0.11 r
  u_mac16_top/op_fifo_rd_ptr_reg[0]/Q (DFFRPQX0P5H9R)
                                                   0.21      0.32 r
  U1162/Y (INVX0P5H9R)                             0.07      0.39 f
  U2130/Y (NOR2X0P5H9R)                            0.11      0.50 r
  U2136/ECK (FREEICGX0P5H9R)                       0.27      0.77 r
  U2245/Y (AOI22X0P5H9R)                           0.12      0.89 f
  U2244/Y (NAND2X0P5H9R)                           0.16      1.05 r
  u_mac16_top/opB_reg_reg[6]/D (DFFRPQX0P5H9R)     0.00      1.05 r
  data arrival time                                          1.05

  clock core_clk (rise edge)                       1.00      1.00
  clock network delay (propagated)                 0.11      1.11
  u_mac16_top/opB_reg_reg[6]/CK (DFFRPQX0P5H9R)    0.00      1.11 r
  clock uncertainty                               -0.03      1.08
  library setup time                              -0.04      1.05
  data required time                                         1.05
  ------------------------------------------------------------------------
  data required time                                         1.05
  data arrival time                                         -1.05
  ------------------------------------------------------------------------
  slack (VIOLATED)                                          -0.00



  Startpoint: u_mac16_top/mode_reg_reg (rising edge-triggered flip-flop clocked by core_clk)
  Endpoint: u_mac16_top/opA_fifo_reg[3][12] (recovery check against rising-edge clock clocked by core_clk)
  Mode: default
  Corner: default
  Scenario: default
  Path Group: core_clk
  Path Type: max

  Point                                            Incr      Path  
  ------------------------------------------------------------------------
  clock core_clk (rise edge)                       0.00      0.00
  clock network delay (propagated)                 0.00      0.00

  u_mac16_top/mode_reg_reg/CK (DFFRPQX0P5H9R)      0.00      0.00 r
  u_mac16_top/mode_reg_reg/Q (DFFRPQX0P5H9R)       0.16      0.16 f
  U1445/Y (XOR2X1H9R)                              0.06      0.22 f
  U1500/Y (NOR2X4H9R)                              0.16      0.38 r
  HFSINV_38054_37/Y (INVX2H9R)                     0.20      0.58 f
  HFSBUF_7640_33/ECK (FREEICGX0P7H9R)              0.38      0.96 f
  u_mac16_top/opA_fifo_reg[3][12]/R (DFFRPQX0P5H9R)
                                                   0.00      0.96 f
  data arrival time                                          0.96

  clock core_clk (rise edge)                       1.00      1.00
  clock network delay (propagated)                 0.09      1.09
  u_mac16_top/opA_fifo_reg[3][12]/CK (DFFRPQX0P5H9R)
                                                   0.00      1.09 r
  clock uncertainty                               -0.03      1.07
  library setup time                              -0.11      0.96
  data required time                                         0.96
  ------------------------------------------------------------------------
  data required time                                         0.96
  data arrival time                                         -0.96
  ------------------------------------------------------------------------
  slack (VIOLATED)                                          -0.00



  Startpoint: u_mac16_top/mode_reg_reg (rising edge-triggered flip-flop clocked by core_clk)
  Endpoint: u_mac16_top/opA_fifo_reg[3][7] (recovery check against rising-edge clock clocked by core_clk)
  Mode: default
  Corner: default
  Scenario: default
  Path Group: core_clk
  Path Type: max

  Point                                            Incr      Path  
  ------------------------------------------------------------------------
  clock core_clk (rise edge)                       0.00      0.00
  clock network delay (propagated)                 0.00      0.00

  u_mac16_top/mode_reg_reg/CK (DFFRPQX0P5H9R)      0.00      0.00 r
  u_mac16_top/mode_reg_reg/Q (DFFRPQX0P5H9R)       0.16      0.16 f
  U1445/Y (XOR2X1H9R)                              0.06      0.22 f
  U1500/Y (NOR2X4H9R)                              0.16      0.38 r
  HFSINV_38054_37/Y (INVX2H9R)                     0.20      0.58 f
  HFSBUF_7640_33/ECK (FREEICGX0P7H9R)              0.38      0.96 f
  u_mac16_top/opA_fifo_reg[3][7]/R (DFFRPQX0P5H9R)
                                                   0.00      0.96 f
  data arrival time                                          0.96

  clock core_clk (rise edge)                       1.00      1.00
  clock network delay (propagated)                 0.09      1.09
  u_mac16_top/opA_fifo_reg[3][7]/CK (DFFRPQX0P5H9R)
                                                   0.00      1.09 r
  clock uncertainty                               -0.03      1.07
  library setup time                              -0.11      0.96
  data required time                                         0.96
  ------------------------------------------------------------------------
  data required time                                         0.96
  data arrival time                                         -0.96
  ------------------------------------------------------------------------
  slack (VIOLATED)                                          -0.00



  Startpoint: u_mac16_top/mode_reg_reg (rising edge-triggered flip-flop clocked by core_clk)
  Endpoint: u_mac16_top/opA_fifo_reg[3][6] (recovery check against rising-edge clock clocked by core_clk)
  Mode: default
  Corner: default
  Scenario: default
  Path Group: core_clk
  Path Type: max

  Point                                            Incr      Path  
  ------------------------------------------------------------------------
  clock core_clk (rise edge)                       0.00      0.00
  clock network delay (propagated)                 0.00      0.00

  u_mac16_top/mode_reg_reg/CK (DFFRPQX0P5H9R)      0.00      0.00 r
  u_mac16_top/mode_reg_reg/Q (DFFRPQX0P5H9R)       0.16      0.16 f
  U1445/Y (XOR2X1H9R)                              0.06      0.22 f
  U1500/Y (NOR2X4H9R)                              0.16      0.38 r
  HFSINV_38054_37/Y (INVX2H9R)                     0.20      0.58 f
  HFSBUF_7640_33/ECK (FREEICGX0P7H9R)              0.38      0.96 f
  u_mac16_top/opA_fifo_reg[3][6]/R (DFFRPQX0P5H9R)
                                                   0.00      0.96 f
  data arrival time                                          0.96

  clock core_clk (rise edge)                       1.00      1.00
  clock network delay (propagated)                 0.09      1.09
  u_mac16_top/opA_fifo_reg[3][6]/CK (DFFRPQX0P5H9R)
                                                   0.00      1.09 r
  clock uncertainty                               -0.03      1.07
  library setup time                              -0.11      0.96
  data required time                                         0.96
  ------------------------------------------------------------------------
  data required time                                         0.96
  data arrival time                                         -0.96
  ------------------------------------------------------------------------
  slack (VIOLATED)                                          -0.00



  Startpoint: u_mac16_top/mode_reg_reg (rising edge-triggered flip-flop clocked by core_clk)
  Endpoint: u_mac16_top/opA_fifo_reg[3][5] (recovery check against rising-edge clock clocked by core_clk)
  Mode: default
  Corner: default
  Scenario: default
  Path Group: core_clk
  Path Type: max

  Point                                            Incr      Path  
  ------------------------------------------------------------------------
  clock core_clk (rise edge)                       0.00      0.00
  clock network delay (propagated)                 0.00      0.00

  u_mac16_top/mode_reg_reg/CK (DFFRPQX0P5H9R)      0.00      0.00 r
  u_mac16_top/mode_reg_reg/Q (DFFRPQX0P5H9R)       0.16      0.16 f
  U1445/Y (XOR2X1H9R)                              0.06      0.22 f
  U1500/Y (NOR2X4H9R)                              0.16      0.38 r
  HFSINV_38054_37/Y (INVX2H9R)                     0.20      0.58 f
  HFSBUF_7640_33/ECK (FREEICGX0P7H9R)              0.38      0.96 f
  u_mac16_top/opA_fifo_reg[3][5]/R (DFFRPQX0P5H9R)
                                                   0.00      0.96 f
  data arrival time                                          0.96

  clock core_clk (rise edge)                       1.00      1.00
  clock network delay (propagated)                 0.09      1.09
  u_mac16_top/opA_fifo_reg[3][5]/CK (DFFRPQX0P5H9R)
                                                   0.00      1.09 r
  clock uncertainty                               -0.03      1.07
  library setup time                              -0.11      0.96
  data required time                                         0.96
  ------------------------------------------------------------------------
  data required time                                         0.96
  data arrival time                                         -0.96
  ------------------------------------------------------------------------
  slack (VIOLATED)                                          -0.00



  Startpoint: u_mac16_top/u_mac/u_mul/r_c40_reg[18] (rising edge-triggered flip-flop clocked by core_clk)
  Endpoint: u_mac16_top/u_mac/u_mul/product_reg_reg[22] (rising edge-triggered flip-flop clocked by core_clk)
  Mode: default
  Corner: default
  Scenario: default
  Path Group: core_clk
  Path Type: max

  Point                                            Incr      Path  
  ------------------------------------------------------------------------
  clock core_clk (rise edge)                       0.00      0.00
  clock network delay (propagated)                 0.11      0.11

  u_mac16_top/u_mac/u_mul/r_c40_reg[18]/CK (DFFRPQX0P5H9R)
                                                   0.00      0.11 r
  u_mac16_top/u_mac/u_mul/r_c40_reg[18]/Q (DFFRPQX0P5H9R)
                                                   0.23      0.33 r
  ctmTdsLR_1_579/Y (XNOR2X0P7H9R)                  0.08      0.41 r
  ctmTdsLR_2_580/Y (XNOR3X0P5H9R)                  0.15      0.56 f
  U2239/Y (NAND2X0P7H9R)                           0.05      0.61 r
  U1098/Y (OAI21X0P5H9R)                           0.06      0.67 f
  U1173/Y (AOI21X2H9R)                             0.05      0.72 r
  U1566/Y (OAI211X1H9R)                            0.04      0.76 f
  U1191/Y (AOI31X1H9R)                             0.05      0.81 r
  U1063/Y (XOR2X0P7H9R)                            0.06      0.87 r
  ZBUF_2_inst_1146/Y (BUFX1P4H9R)                  0.06      0.93 r
  u_mac16_top/u_mac/u_mul/product_reg_reg[22]/D (DFFRPQX0P5H9R)
                                                   0.00      0.93 r
  data arrival time                                          0.93

  clock core_clk (rise edge)                       1.00      1.00
  clock network delay (propagated)                 0.00      1.00
  u_mac16_top/u_mac/u_mul/product_reg_reg[22]/CK (DFFRPQX0P5H9R)
                                                   0.00      1.00 r
  clock uncertainty                               -0.03      0.98
  library setup time                              -0.05      0.93
  data required time                                         0.93
  ------------------------------------------------------------------------
  data required time                                         0.93
  data arrival time                                         -0.93
  ------------------------------------------------------------------------
  slack (VIOLATED)                                          -0.00



  Startpoint: u_mac16_top/mode_reg_reg (rising edge-triggered flip-flop clocked by core_clk)
  Endpoint: u_mac16_top/opA_fifo_reg[3][2] (recovery check against rising-edge clock clocked by core_clk)
  Mode: default
  Corner: default
  Scenario: default
  Path Group: core_clk
  Path Type: max

  Point                                            Incr      Path  
  ------------------------------------------------------------------------
  clock core_clk (rise edge)                       0.00      0.00
  clock network delay (propagated)                 0.00      0.00

  u_mac16_top/mode_reg_reg/CK (DFFRPQX0P5H9R)      0.00      0.00 r
  u_mac16_top/mode_reg_reg/Q (DFFRPQX0P5H9R)       0.16      0.16 f
  U1445/Y (XOR2X1H9R)                              0.06      0.22 f
  U1500/Y (NOR2X4H9R)                              0.16      0.38 r
  HFSINV_38054_37/Y (INVX2H9R)                     0.20      0.58 f
  HFSBUF_7640_33/ECK (FREEICGX0P7H9R)              0.38      0.96 f
  u_mac16_top/opA_fifo_reg[3][2]/R (DFFRPQX0P5H9R)
                                                   0.00      0.96 f
  data arrival time                                          0.96

  clock core_clk (rise edge)                       1.00      1.00
  clock network delay (propagated)                 0.09      1.09
  u_mac16_top/opA_fifo_reg[3][2]/CK (DFFRPQX0P5H9R)
                                                   0.00      1.09 r
  clock uncertainty                               -0.03      1.07
  library setup time                              -0.11      0.96
  data required time                                         0.96
  ------------------------------------------------------------------------
  data required time                                         0.96
  data arrival time                                         -0.96
  ------------------------------------------------------------------------
  slack (VIOLATED)                                          -0.00



  Startpoint: u_mac16_top/fifo_count_reg[1] (rising edge-triggered flip-flop clocked by core_clk)
  Endpoint: u_mac16_top/mac_result_shadow_reg[12] (rising edge-triggered flip-flop clocked by core_clk)
  Mode: default
  Corner: default
  Scenario: default
  Path Group: core_clk
  Path Type: max

  Point                                            Incr      Path  
  ------------------------------------------------------------------------
  clock core_clk (rise edge)                       0.00      0.00
  clock network delay (propagated)                 0.09      0.09

  u_mac16_top/fifo_count_reg[1]/CK (DFFRPQX0P5H9R)
                                                   0.00      0.09 r
  u_mac16_top/fifo_count_reg[1]/Q (DFFRPQX0P5H9R)
                                                   0.18      0.27 r
  U1273/Y (OR2X0P7H9R)                             0.07      0.34 r
  U1058/Y (NAND2XBX0P7H9R)                         0.07      0.41 r
  ctmTdsLR_2_554/Y (NAND2X1H9R)                    0.06      0.47 f
  U1667/Y (NOR2X1H9R)                              0.34      0.81 r
  U2293/Y (AOI22X0P5H9R)                           0.11      0.92 f
  U1627/Y (OAI211X0P5H9R)                          0.12      1.04 r
  u_mac16_top/mac_result_shadow_reg[12]/D (DFFRPQX0P5H9R)
                                                   0.00      1.04 r
  data arrival time                                          1.04

  clock core_clk (rise edge)                       1.00      1.00
  clock network delay (propagated)                 0.10      1.10
  u_mac16_top/mac_result_shadow_reg[12]/CK (DFFRPQX0P5H9R)
                                                   0.00      1.10 r
  clock uncertainty                               -0.03      1.08
  library setup time                              -0.04      1.04
  data required time                                         1.04
  ------------------------------------------------------------------------
  data required time                                         1.04
  data arrival time                                         -1.04
  ------------------------------------------------------------------------
  slack (VIOLATED)                                          -0.00



  Startpoint: u_mac16_top/mode_reg_reg (rising edge-triggered flip-flop clocked by core_clk)
  Endpoint: u_mac16_top/op_fifo_count_reg[2] (recovery check against rising-edge clock clocked by core_clk)
  Mode: default
  Corner: default
  Scenario: default
  Path Group: core_clk
  Path Type: max

  Point                                            Incr      Path  
  ------------------------------------------------------------------------
  clock core_clk (rise edge)                       0.00      0.00
  clock network delay (propagated)                 0.00      0.00

  u_mac16_top/mode_reg_reg/CK (DFFRPQX0P5H9R)      0.00      0.00 r
  u_mac16_top/mode_reg_reg/Q (DFFRPQX0P5H9R)       0.16      0.16 f
  U1445/Y (XOR2X1H9R)                              0.06      0.22 f
  U1500/Y (NOR2X4H9R)                              0.16      0.38 r
  HFSINV_38054_37/Y (INVX2H9R)                     0.20      0.58 f
  HFSBUF_2022_32/ECK (FREEICGX0P8H9R)              0.35      0.93 f
  u_mac16_top/op_fifo_count_reg[2]/R (DFFRPQX0P5H9R)
                                                   0.00      0.93 f
  data arrival time                                          0.93

  clock core_clk (rise edge)                       1.00      1.00
  clock network delay (propagated)                 0.07      1.07
  u_mac16_top/op_fifo_count_reg[2]/CK (DFFRPQX0P5H9R)
                                                   0.00      1.07 r
  clock uncertainty                               -0.03      1.05
  library setup time                              -0.11      0.93
  data required time                                         0.93
  ------------------------------------------------------------------------
  data required time                                         0.93
  data arrival time                                         -0.93
  ------------------------------------------------------------------------
  slack (VIOLATED)                                          -0.00



  Startpoint: u_mac16_top/mode_reg_reg (rising edge-triggered flip-flop clocked by core_clk)
  Endpoint: u_mac16_top/op_fifo_count_reg[1] (recovery check against rising-edge clock clocked by core_clk)
  Mode: default
  Corner: default
  Scenario: default
  Path Group: core_clk
  Path Type: max

  Point                                            Incr      Path  
  ------------------------------------------------------------------------
  clock core_clk (rise edge)                       0.00      0.00
  clock network delay (propagated)                 0.00      0.00

  u_mac16_top/mode_reg_reg/CK (DFFRPQX0P5H9R)      0.00      0.00 r
  u_mac16_top/mode_reg_reg/Q (DFFRPQX0P5H9R)       0.16      0.16 f
  U1445/Y (XOR2X1H9R)                              0.06      0.22 f
  U1500/Y (NOR2X4H9R)                              0.16      0.38 r
  HFSINV_38054_37/Y (INVX2H9R)                     0.20      0.58 f
  HFSBUF_2022_32/ECK (FREEICGX0P8H9R)              0.35      0.93 f
  u_mac16_top/op_fifo_count_reg[1]/R (DFFRPQX0P5H9R)
                                                   0.00      0.93 f
  data arrival time                                          0.93

  clock core_clk (rise edge)                       1.00      1.00
  clock network delay (propagated)                 0.07      1.07
  u_mac16_top/op_fifo_count_reg[1]/CK (DFFRPQX0P5H9R)
                                                   0.00      1.07 r
  clock uncertainty                               -0.03      1.05
  library setup time                              -0.11      0.93
  data required time                                         0.93
  ------------------------------------------------------------------------
  data required time                                         0.93
  data arrival time                                         -0.93
  ------------------------------------------------------------------------
  slack (VIOLATED)                                          -0.00



  Startpoint: u_mac16_top/mode_reg_reg (rising edge-triggered flip-flop clocked by core_clk)
  Endpoint: u_mac16_top/opA_fifo_reg[0][7] (recovery check against rising-edge clock clocked by core_clk)
  Mode: default
  Corner: default
  Scenario: default
  Path Group: core_clk
  Path Type: max

  Point                                            Incr      Path  
  ------------------------------------------------------------------------
  clock core_clk (rise edge)                       0.00      0.00
  clock network delay (propagated)                 0.00      0.00

  u_mac16_top/mode_reg_reg/CK (DFFRPQX0P5H9R)      0.00      0.00 r
  u_mac16_top/mode_reg_reg/Q (DFFRPQX0P5H9R)       0.16      0.16 f
  U1445/Y (XOR2X1H9R)                              0.06      0.22 f
  U1500/Y (NOR2X4H9R)                              0.16      0.38 r
  HFSINV_38054_37/Y (INVX2H9R)                     0.20      0.58 f
  HFSBUF_7640_33/ECK (FREEICGX0P7H9R)              0.38      0.96 f
  u_mac16_top/opA_fifo_reg[0][7]/R (DFFRPQX0P5H9R)
                                                   0.00      0.96 f
  data arrival time                                          0.96

  clock core_clk (rise edge)                       1.00      1.00
  clock network delay (propagated)                 0.10      1.10
  u_mac16_top/opA_fifo_reg[0][7]/CK (DFFRPQX0P5H9R)
                                                   0.00      1.10 r
  clock uncertainty                               -0.03      1.07
  library setup time                              -0.11      0.97
  data required time                                         0.97
  ------------------------------------------------------------------------
  data required time                                         0.97
  data arrival time                                         -0.96
  ------------------------------------------------------------------------
  slack (MET)                                                0.00



  Startpoint: u_mac16_top/u_mac/u_mul/r_s41_reg[11] (rising edge-triggered flip-flop clocked by core_clk)
  Endpoint: u_mac16_top/u_mac/u_mul/product_reg_reg[19] (rising edge-triggered flip-flop clocked by core_clk)
  Mode: default
  Corner: default
  Scenario: default
  Path Group: core_clk
  Path Type: max

  Point                                            Incr      Path  
  ------------------------------------------------------------------------
  clock core_clk (rise edge)                       0.00      0.00
  clock network delay (propagated)                 0.12      0.12

  u_mac16_top/u_mac/u_mul/r_s41_reg[11]/CK (DFFRPQX0P5H9R)
                                                   0.00      0.12 r
  u_mac16_top/u_mac/u_mul/r_s41_reg[11]/Q (DFFRPQX0P5H9R)
                                                   0.26      0.38 r
  ctmTdsLR_1_592/Y (XOR3X1H9R)                     0.12      0.49 f
  U1647/Y (XNOR2X1H9R)                             0.05      0.55 r
  U1181/Y (NAND2X1P4H9R)                           0.04      0.59 f
  ctmTdsLR_1_603/Y (NOR2XBX1H9R)                   0.06      0.65 f
  U1548/Y (NAND3X2H9R)                             0.05      0.70 r
  U1086/Y (NAND2X3H9R)                             0.05      0.75 f
  U1416/Y (AOI21X1H9R)                             0.07      0.82 r
  ctmTdsLR_2_516/Y (XOR2X1P4H9R)                   0.09      0.91 r
  u_mac16_top/u_mac/u_mul/product_reg_reg[19]/D (DFFRPQX0P5H9R)
                                                   0.00      0.91 r
  data arrival time                                          0.91

  clock core_clk (rise edge)                       1.00      1.00
  clock network delay (propagated)                 0.00      1.00
  u_mac16_top/u_mac/u_mul/product_reg_reg[19]/CK (DFFRPQX0P5H9R)
                                                   0.00      1.00 r
  clock uncertainty                               -0.03      0.98
  library setup time                              -0.07      0.91
  data required time                                         0.91
  ------------------------------------------------------------------------
  data required time                                         0.91
  data arrival time                                         -0.91
  ------------------------------------------------------------------------
  slack (MET)                                                0.00



  Startpoint: u_mac16_top/mode_reg_reg (rising edge-triggered flip-flop clocked by core_clk)
  Endpoint: u_mac16_top/opB_fifo_reg[0][11] (recovery check against rising-edge clock clocked by core_clk)
  Mode: default
  Corner: default
  Scenario: default
  Path Group: core_clk
  Path Type: max

  Point                                            Incr      Path  
  ------------------------------------------------------------------------
  clock core_clk (rise edge)                       0.00      0.00
  clock network delay (propagated)                 0.00      0.00

  u_mac16_top/mode_reg_reg/CK (DFFRPQX0P5H9R)      0.00      0.00 r
  u_mac16_top/mode_reg_reg/Q (DFFRPQX0P5H9R)       0.16      0.16 f
  U1445/Y (XOR2X1H9R)                              0.06      0.22 f
  U1500/Y (NOR2X4H9R)                              0.16      0.38 r
  HFSINV_38054_37/Y (INVX2H9R)                     0.20      0.58 f
  HFSBUF_7640_33/ECK (FREEICGX0P7H9R)              0.38      0.96 f
  u_mac16_top/opB_fifo_reg[0][11]/R (DFFRPQX0P5H9R)
                                                   0.00      0.96 f
  data arrival time                                          0.96

  clock core_clk (rise edge)                       1.00      1.00
  clock network delay (propagated)                 0.10      1.10
  u_mac16_top/opB_fifo_reg[0][11]/CK (DFFRPQX0P5H9R)
                                                   0.00      1.10 r
  clock uncertainty                               -0.03      1.07
  library setup time                              -0.11      0.97
  data required time                                         0.97
  ------------------------------------------------------------------------
  data required time                                         0.97
  data arrival time                                         -0.96
  ------------------------------------------------------------------------
  slack (MET)                                                0.00



  Startpoint: u_mac16_top/mode_reg_reg (rising edge-triggered flip-flop clocked by core_clk)
  Endpoint: u_mac16_top/opB_fifo_reg[0][14] (recovery check against rising-edge clock clocked by core_clk)
  Mode: default
  Corner: default
  Scenario: default
  Path Group: core_clk
  Path Type: max

  Point                                            Incr      Path  
  ------------------------------------------------------------------------
  clock core_clk (rise edge)                       0.00      0.00
  clock network delay (propagated)                 0.00      0.00

  u_mac16_top/mode_reg_reg/CK (DFFRPQX0P5H9R)      0.00      0.00 r
  u_mac16_top/mode_reg_reg/Q (DFFRPQX0P5H9R)       0.16      0.16 f
  U1445/Y (XOR2X1H9R)                              0.06      0.22 f
  U1500/Y (NOR2X4H9R)                              0.16      0.38 r
  HFSINV_38054_37/Y (INVX2H9R)                     0.20      0.58 f
  HFSBUF_7640_33/ECK (FREEICGX0P7H9R)              0.38      0.96 f
  u_mac16_top/opB_fifo_reg[0][14]/R (DFFRPQX0P5H9R)
                                                   0.00      0.96 f
  data arrival time                                          0.96

  clock core_clk (rise edge)                       1.00      1.00
  clock network delay (propagated)                 0.10      1.10
  u_mac16_top/opB_fifo_reg[0][14]/CK (DFFRPQX0P5H9R)
                                                   0.00      1.10 r
  clock uncertainty                               -0.03      1.07
  library setup time                              -0.11      0.97
  data required time                                         0.97
  ------------------------------------------------------------------------
  data required time                                         0.97
  data arrival time                                         -0.96
  ------------------------------------------------------------------------
  slack (MET)                                                0.00



  Startpoint: u_mac16_top/mode_reg_reg (rising edge-triggered flip-flop clocked by core_clk)
  Endpoint: u_mac16_top/opB_fifo_reg[0][7] (recovery check against rising-edge clock clocked by core_clk)
  Mode: default
  Corner: default
  Scenario: default
  Path Group: core_clk
  Path Type: max

  Point                                            Incr      Path  
  ------------------------------------------------------------------------
  clock core_clk (rise edge)                       0.00      0.00
  clock network delay (propagated)                 0.00      0.00

  u_mac16_top/mode_reg_reg/CK (DFFRPQX0P5H9R)      0.00      0.00 r
  u_mac16_top/mode_reg_reg/Q (DFFRPQX0P5H9R)       0.16      0.16 f
  U1445/Y (XOR2X1H9R)                              0.06      0.22 f
  U1500/Y (NOR2X4H9R)                              0.16      0.38 r
  HFSINV_38054_37/Y (INVX2H9R)                     0.20      0.58 f
  HFSBUF_7640_33/ECK (FREEICGX0P7H9R)              0.38      0.96 f
  u_mac16_top/opB_fifo_reg[0][7]/R (DFFRPQX0P5H9R)
                                                   0.00      0.96 f
  data arrival time                                          0.96

  clock core_clk (rise edge)                       1.00      1.00
  clock network delay (propagated)                 0.10      1.10
  u_mac16_top/opB_fifo_reg[0][7]/CK (DFFRPQX0P5H9R)
                                                   0.00      1.10 r
  clock uncertainty                               -0.03      1.07
  library setup time                              -0.11      0.97
  data required time                                         0.97
  ------------------------------------------------------------------------
  data required time                                         0.97
  data arrival time                                         -0.96
  ------------------------------------------------------------------------
  slack (MET)                                                0.00



  Startpoint: u_mac16_top/mode_reg_reg (rising edge-triggered flip-flop clocked by core_clk)
  Endpoint: u_mac16_top/opA_fifo_reg[0][6] (recovery check against rising-edge clock clocked by core_clk)
  Mode: default
  Corner: default
  Scenario: default
  Path Group: core_clk
  Path Type: max

  Point                                            Incr      Path  
  ------------------------------------------------------------------------
  clock core_clk (rise edge)                       0.00      0.00
  clock network delay (propagated)                 0.00      0.00

  u_mac16_top/mode_reg_reg/CK (DFFRPQX0P5H9R)      0.00      0.00 r
  u_mac16_top/mode_reg_reg/Q (DFFRPQX0P5H9R)       0.16      0.16 f
  U1445/Y (XOR2X1H9R)                              0.06      0.22 f
  U1500/Y (NOR2X4H9R)                              0.16      0.38 r
  HFSINV_38054_37/Y (INVX2H9R)                     0.20      0.58 f
  HFSBUF_7640_33/ECK (FREEICGX0P7H9R)              0.38      0.96 f
  u_mac16_top/opA_fifo_reg[0][6]/R (DFFRPQX0P5H9R)
                                                   0.00      0.96 f
  data arrival time                                          0.96

  clock core_clk (rise edge)                       1.00      1.00
  clock network delay (propagated)                 0.10      1.10
  u_mac16_top/opA_fifo_reg[0][6]/CK (DFFRPQX0P5H9R)
                                                   0.00      1.10 r
  clock uncertainty                               -0.03      1.07
  library setup time                              -0.11      0.97
  data required time                                         0.97
  ------------------------------------------------------------------------
  data required time                                         0.97
  data arrival time                                         -0.96
  ------------------------------------------------------------------------
  slack (MET)                                                0.00



  Startpoint: u_mac16_top/mode_reg_reg (rising edge-triggered flip-flop clocked by core_clk)
  Endpoint: u_mac16_top/opA_fifo_reg[0][5] (recovery check against rising-edge clock clocked by core_clk)
  Mode: default
  Corner: default
  Scenario: default
  Path Group: core_clk
  Path Type: max

  Point                                            Incr      Path  
  ------------------------------------------------------------------------
  clock core_clk (rise edge)                       0.00      0.00
  clock network delay (propagated)                 0.00      0.00

  u_mac16_top/mode_reg_reg/CK (DFFRPQX0P5H9R)      0.00      0.00 r
  u_mac16_top/mode_reg_reg/Q (DFFRPQX0P5H9R)       0.16      0.16 f
  U1445/Y (XOR2X1H9R)                              0.06      0.22 f
  U1500/Y (NOR2X4H9R)                              0.16      0.38 r
  HFSINV_38054_37/Y (INVX2H9R)                     0.20      0.58 f
  HFSBUF_7640_33/ECK (FREEICGX0P7H9R)              0.38      0.96 f
  u_mac16_top/opA_fifo_reg[0][5]/R (DFFRPQX0P5H9R)
                                                   0.00      0.96 f
  data arrival time                                          0.96

  clock core_clk (rise edge)                       1.00      1.00
  clock network delay (propagated)                 0.10      1.10
  u_mac16_top/opA_fifo_reg[0][5]/CK (DFFRPQX0P5H9R)
                                                   0.00      1.10 r
  clock uncertainty                               -0.03      1.07
  library setup time                              -0.11      0.97
  data required time                                         0.97
  ------------------------------------------------------------------------
  data required time                                         0.97
  data arrival time                                         -0.96
  ------------------------------------------------------------------------
  slack (MET)                                                0.00



  Startpoint: u_mac16_top/mode_reg_reg (rising edge-triggered flip-flop clocked by core_clk)
  Endpoint: u_mac16_top/opB_fifo_reg[0][6] (recovery check against rising-edge clock clocked by core_clk)
  Mode: default
  Corner: default
  Scenario: default
  Path Group: core_clk
  Path Type: max

  Point                                            Incr      Path  
  ------------------------------------------------------------------------
  clock core_clk (rise edge)                       0.00      0.00
  clock network delay (propagated)                 0.00      0.00

  u_mac16_top/mode_reg_reg/CK (DFFRPQX0P5H9R)      0.00      0.00 r
  u_mac16_top/mode_reg_reg/Q (DFFRPQX0P5H9R)       0.16      0.16 f
  U1445/Y (XOR2X1H9R)                              0.06      0.22 f
  U1500/Y (NOR2X4H9R)                              0.16      0.38 r
  HFSINV_38054_37/Y (INVX2H9R)                     0.20      0.58 f
  HFSBUF_7640_33/ECK (FREEICGX0P7H9R)              0.38      0.96 f
  u_mac16_top/opB_fifo_reg[0][6]/R (DFFRPQX0P5H9R)
                                                   0.00      0.96 f
  data arrival time                                          0.96

  clock core_clk (rise edge)                       1.00      1.00
  clock network delay (propagated)                 0.10      1.10
  u_mac16_top/opB_fifo_reg[0][6]/CK (DFFRPQX0P5H9R)
                                                   0.00      1.10 r
  clock uncertainty                               -0.03      1.07
  library setup time                              -0.11      0.97
  data required time                                         0.97
  ------------------------------------------------------------------------
  data required time                                         0.97
  data arrival time                                         -0.96
  ------------------------------------------------------------------------
  slack (MET)                                                0.00



  Startpoint: u_mac16_top/mode_reg_reg (rising edge-triggered flip-flop clocked by core_clk)
  Endpoint: u_mac16_top/opB_fifo_reg[0][12] (recovery check against rising-edge clock clocked by core_clk)
  Mode: default
  Corner: default
  Scenario: default
  Path Group: core_clk
  Path Type: max

  Point                                            Incr      Path  
  ------------------------------------------------------------------------
  clock core_clk (rise edge)                       0.00      0.00
  clock network delay (propagated)                 0.00      0.00

  u_mac16_top/mode_reg_reg/CK (DFFRPQX0P5H9R)      0.00      0.00 r
  u_mac16_top/mode_reg_reg/Q (DFFRPQX0P5H9R)       0.16      0.16 f
  U1445/Y (XOR2X1H9R)                              0.06      0.22 f
  U1500/Y (NOR2X4H9R)                              0.16      0.38 r
  HFSINV_38054_37/Y (INVX2H9R)                     0.20      0.58 f
  HFSBUF_7640_33/ECK (FREEICGX0P7H9R)              0.38      0.96 f
  u_mac16_top/opB_fifo_reg[0][12]/R (DFFRPQX0P5H9R)
                                                   0.00      0.96 f
  data arrival time                                          0.96

  clock core_clk (rise edge)                       1.00      1.00
  clock network delay (propagated)                 0.10      1.10
  u_mac16_top/opB_fifo_reg[0][12]/CK (DFFRPQX0P5H9R)
                                                   0.00      1.10 r
  clock uncertainty                               -0.03      1.07
  library setup time                              -0.11      0.97
  data required time                                         0.97
  ------------------------------------------------------------------------
  data required time                                         0.97
  data arrival time                                         -0.96
  ------------------------------------------------------------------------
  slack (MET)                                                0.00



  Startpoint: u_mac16_top/mode_reg_reg (rising edge-triggered flip-flop clocked by core_clk)
  Endpoint: u_mac16_top/opB_fifo_reg[0][15] (recovery check against rising-edge clock clocked by core_clk)
  Mode: default
  Corner: default
  Scenario: default
  Path Group: core_clk
  Path Type: max

  Point                                            Incr      Path  
  ------------------------------------------------------------------------
  clock core_clk (rise edge)                       0.00      0.00
  clock network delay (propagated)                 0.00      0.00

  u_mac16_top/mode_reg_reg/CK (DFFRPQX0P5H9R)      0.00      0.00 r
  u_mac16_top/mode_reg_reg/Q (DFFRPQX0P5H9R)       0.16      0.16 f
  U1445/Y (XOR2X1H9R)                              0.06      0.22 f
  U1500/Y (NOR2X4H9R)                              0.16      0.38 r
  HFSINV_38054_37/Y (INVX2H9R)                     0.20      0.58 f
  HFSBUF_7640_33/ECK (FREEICGX0P7H9R)              0.38      0.96 f
  u_mac16_top/opB_fifo_reg[0][15]/R (DFFRPQX0P5H9R)
                                                   0.00      0.96 f
  data arrival time                                          0.96

  clock core_clk (rise edge)                       1.00      1.00
  clock network delay (propagated)                 0.10      1.10
  u_mac16_top/opB_fifo_reg[0][15]/CK (DFFRPQX0P5H9R)
                                                   0.00      1.10 r
  clock uncertainty                               -0.03      1.07
  library setup time                              -0.11      0.97
  data required time                                         0.97
  ------------------------------------------------------------------------
  data required time                                         0.97
  data arrival time                                         -0.96
  ------------------------------------------------------------------------
  slack (MET)                                                0.00



  Startpoint: u_mac16_top/mode_reg_reg (rising edge-triggered flip-flop clocked by core_clk)
  Endpoint: u_mac16_top/opB_fifo_reg[0][5] (recovery check against rising-edge clock clocked by core_clk)
  Mode: default
  Corner: default
  Scenario: default
  Path Group: core_clk
  Path Type: max

  Point                                            Incr      Path  
  ------------------------------------------------------------------------
  clock core_clk (rise edge)                       0.00      0.00
  clock network delay (propagated)                 0.00      0.00

  u_mac16_top/mode_reg_reg/CK (DFFRPQX0P5H9R)      0.00      0.00 r
  u_mac16_top/mode_reg_reg/Q (DFFRPQX0P5H9R)       0.16      0.16 f
  U1445/Y (XOR2X1H9R)                              0.06      0.22 f
  U1500/Y (NOR2X4H9R)                              0.16      0.38 r
  HFSINV_38054_37/Y (INVX2H9R)                     0.20      0.58 f
  HFSBUF_7640_33/ECK (FREEICGX0P7H9R)              0.38      0.96 f
  u_mac16_top/opB_fifo_reg[0][5]/R (DFFRPQX0P5H9R)
                                                   0.00      0.96 f
  data arrival time                                          0.96

  clock core_clk (rise edge)                       1.00      1.00
  clock network delay (propagated)                 0.10      1.10
  u_mac16_top/opB_fifo_reg[0][5]/CK (DFFRPQX0P5H9R)
                                                   0.00      1.10 r
  clock uncertainty                               -0.03      1.07
  library setup time                              -0.11      0.97
  data required time                                         0.97
  ------------------------------------------------------------------------
  data required time                                         0.97
  data arrival time                                         -0.96
  ------------------------------------------------------------------------
  slack (MET)                                                0.00



  Startpoint: u_mac16_top/mode_reg_reg (rising edge-triggered flip-flop clocked by core_clk)
  Endpoint: u_mac16_top/opA_fifo_reg[0][2] (recovery check against rising-edge clock clocked by core_clk)
  Mode: default
  Corner: default
  Scenario: default
  Path Group: core_clk
  Path Type: max

  Point                                            Incr      Path  
  ------------------------------------------------------------------------
  clock core_clk (rise edge)                       0.00      0.00
  clock network delay (propagated)                 0.00      0.00

  u_mac16_top/mode_reg_reg/CK (DFFRPQX0P5H9R)      0.00      0.00 r
  u_mac16_top/mode_reg_reg/Q (DFFRPQX0P5H9R)       0.16      0.16 f
  U1445/Y (XOR2X1H9R)                              0.06      0.22 f
  U1500/Y (NOR2X4H9R)                              0.16      0.38 r
  HFSINV_38054_37/Y (INVX2H9R)                     0.20      0.58 f
  HFSBUF_7640_33/ECK (FREEICGX0P7H9R)              0.38      0.96 f
  u_mac16_top/opA_fifo_reg[0][2]/R (DFFRPQX0P5H9R)
                                                   0.00      0.96 f
  data arrival time                                          0.96

  clock core_clk (rise edge)                       1.00      1.00
  clock network delay (propagated)                 0.10      1.10
  u_mac16_top/opA_fifo_reg[0][2]/CK (DFFRPQX0P5H9R)
                                                   0.00      1.10 r
  clock uncertainty                               -0.03      1.07
  library setup time                              -0.11      0.97
  data required time                                         0.97
  ------------------------------------------------------------------------
  data required time                                         0.97
  data arrival time                                         -0.96
  ------------------------------------------------------------------------
  slack (MET)                                                0.00



  Startpoint: u_mac16_top/mode_reg_reg (rising edge-triggered flip-flop clocked by core_clk)
  Endpoint: u_mac16_top/opA_fifo_reg[0][4] (recovery check against rising-edge clock clocked by core_clk)
  Mode: default
  Corner: default
  Scenario: default
  Path Group: core_clk
  Path Type: max

  Point                                            Incr      Path  
  ------------------------------------------------------------------------
  clock core_clk (rise edge)                       0.00      0.00
  clock network delay (propagated)                 0.00      0.00

  u_mac16_top/mode_reg_reg/CK (DFFRPQX0P5H9R)      0.00      0.00 r
  u_mac16_top/mode_reg_reg/Q (DFFRPQX0P5H9R)       0.16      0.16 f
  U1445/Y (XOR2X1H9R)                              0.06      0.22 f
  U1500/Y (NOR2X4H9R)                              0.16      0.38 r
  HFSINV_38054_37/Y (INVX2H9R)                     0.20      0.58 f
  HFSBUF_7640_33/ECK (FREEICGX0P7H9R)              0.38      0.96 f
  u_mac16_top/opA_fifo_reg[0][4]/R (DFFRPQX0P5H9R)
                                                   0.00      0.96 f
  data arrival time                                          0.96

  clock core_clk (rise edge)                       1.00      1.00
  clock network delay (propagated)                 0.10      1.10
  u_mac16_top/opA_fifo_reg[0][4]/CK (DFFRPQX0P5H9R)
                                                   0.00      1.10 r
  clock uncertainty                               -0.03      1.07
  library setup time                              -0.11      0.97
  data required time                                         0.97
  ------------------------------------------------------------------------
  data required time                                         0.97
  data arrival time                                         -0.96
  ------------------------------------------------------------------------
  slack (MET)                                                0.00



  Startpoint: u_mac16_top/u_mac/u_mul/r_c40_reg[9] (rising edge-triggered flip-flop clocked by core_clk)
  Endpoint: u_mac16_top/u_mac/u_mul/product_reg_reg[13] (rising edge-triggered flip-flop clocked by core_clk)
  Mode: default
  Corner: default
  Scenario: default
  Path Group: core_clk
  Path Type: max

  Point                                            Incr      Path  
  ------------------------------------------------------------------------
  clock core_clk (rise edge)                       0.00      0.00
  clock network delay (propagated)                 0.12      0.12

  u_mac16_top/u_mac/u_mul/r_c40_reg[9]/CK (DFFRPQX0P5H9R)
                                                   0.00      0.12 r
  u_mac16_top/u_mac/u_mul/r_c40_reg[9]/Q (DFFRPQX0P5H9R)
                                                   0.19      0.30 f
  ZBUF_54_inst_1155/Y (BUFX1P7H9R)                 0.05      0.36 f
  U1075/Y (NAND2X2H9R)                             0.04      0.39 r
  U1229/Y (OAI21X2H9R)                             0.05      0.44 f
  U1648/Y (NOR2X3H9R)                              0.04      0.48 r
  ctmTdsLR_1_469/Y (AOI21X2H9R)                    0.03      0.51 f
  U1096/Y (NOR2X1H9R)                              0.06      0.57 r
  U1571/Y (NOR2X1P4H9R)                            0.04      0.61 f
  U1134/Y (NAND2X2H9R)                             0.03      0.64 r
  U1126/Y (NAND2X1H9R)                             0.04      0.68 f
  ctmTdsLR_1_631/Y (NAND3X1H9R)                    0.04      0.72 r
  U2178/Y (NAND2X0P7H9R)                           0.04      0.76 f
  U1834/Y (XNOR2X0P5H9R)                           0.13      0.89 r
  u_mac16_top/u_mac/u_mul/product_reg_reg[13]/D (DFFRPQX0P5H9R)
                                                   0.00      0.89 r
  data arrival time                                          0.89

  clock core_clk (rise edge)                       1.00      1.00
  clock network delay (propagated)                 0.00      1.00
  u_mac16_top/u_mac/u_mul/product_reg_reg[13]/CK (DFFRPQX0P5H9R)
                                                   0.00      1.00 r
  clock uncertainty                               -0.03      0.98
  library setup time                              -0.08      0.90
  data required time                                         0.90
  ------------------------------------------------------------------------
  data required time                                         0.90
  data arrival time                                         -0.89
  ------------------------------------------------------------------------
  slack (MET)                                                0.00



  Startpoint: u_mac16_top/mode_reg_reg (rising edge-triggered flip-flop clocked by core_clk)
  Endpoint: u_mac16_top/opA_fifo_reg[3][11] (recovery check against rising-edge clock clocked by core_clk)
  Mode: default
  Corner: default
  Scenario: default
  Path Group: core_clk
  Path Type: max

  Point                                            Incr      Path  
  ------------------------------------------------------------------------
  clock core_clk (rise edge)                       0.00      0.00
  clock network delay (propagated)                 0.00      0.00

  u_mac16_top/mode_reg_reg/CK (DFFRPQX0P5H9R)      0.00      0.00 r
  u_mac16_top/mode_reg_reg/Q (DFFRPQX0P5H9R)       0.16      0.16 f
  U1445/Y (XOR2X1H9R)                              0.06      0.22 f
  U1500/Y (NOR2X4H9R)                              0.16      0.38 r
  HFSINV_38054_37/Y (INVX2H9R)                     0.20      0.58 f
  HFSBUF_4899_34/ECK (FREEICGX0P7H9R)              0.38      0.96 f
  u_mac16_top/opA_fifo_reg[3][11]/R (DFFRPQX0P5H9R)
                                                   0.00      0.96 f
  data arrival time                                          0.96

  clock core_clk (rise edge)                       1.00      1.00
  clock network delay (propagated)                 0.09      1.09
  u_mac16_top/opA_fifo_reg[3][11]/CK (DFFRPQX0P5H9R)
                                                   0.00      1.09 r
  clock uncertainty                               -0.03      1.07
  library setup time                              -0.11      0.96
  data required time                                         0.96
  ------------------------------------------------------------------------
  data required time                                         0.96
  data arrival time                                         -0.96
  ------------------------------------------------------------------------
  slack (MET)                                                0.00



  Startpoint: u_mac16_top/mode_reg_reg (rising edge-triggered flip-flop clocked by core_clk)
  Endpoint: u_mac16_top/opA_fifo_reg[3][10] (recovery check against rising-edge clock clocked by core_clk)
  Mode: default
  Corner: default
  Scenario: default
  Path Group: core_clk
  Path Type: max

  Point                                            Incr      Path  
  ------------------------------------------------------------------------
  clock core_clk (rise edge)                       0.00      0.00
  clock network delay (propagated)                 0.00      0.00

  u_mac16_top/mode_reg_reg/CK (DFFRPQX0P5H9R)      0.00      0.00 r
  u_mac16_top/mode_reg_reg/Q (DFFRPQX0P5H9R)       0.16      0.16 f
  U1445/Y (XOR2X1H9R)                              0.06      0.22 f
  U1500/Y (NOR2X4H9R)                              0.16      0.38 r
  HFSINV_38054_37/Y (INVX2H9R)                     0.20      0.58 f
  HFSBUF_4899_34/ECK (FREEICGX0P7H9R)              0.38      0.96 f
  u_mac16_top/opA_fifo_reg[3][10]/R (DFFRPQX0P5H9R)
                                                   0.00      0.96 f
  data arrival time                                          0.96

  clock core_clk (rise edge)                       1.00      1.00
  clock network delay (propagated)                 0.09      1.09
  u_mac16_top/opA_fifo_reg[3][10]/CK (DFFRPQX0P5H9R)
                                                   0.00      1.09 r
  clock uncertainty                               -0.03      1.07
  library setup time                              -0.11      0.96
  data required time                                         0.96
  ------------------------------------------------------------------------
  data required time                                         0.96
  data arrival time                                         -0.96
  ------------------------------------------------------------------------
  slack (MET)                                                0.00



  Startpoint: u_mac16_top/u_mac/last_prod_reg[0] (rising edge-triggered flip-flop clocked by core_clk)
  Endpoint: u_mac16_top/u_mac/sum_out_reg[17] (rising edge-triggered flip-flop clocked by core_clk)
  Mode: default
  Corner: default
  Scenario: default
  Path Group: core_clk
  Path Type: max

  Point                                            Incr      Path  
  ------------------------------------------------------------------------
  clock core_clk (rise edge)                       0.00      0.00
  clock network delay (propagated)                 0.11      0.11

  u_mac16_top/u_mac/last_prod_reg[0]/CK (DFFRPQX0P5H9R)
                                                   0.00      0.11 r
  u_mac16_top/u_mac/last_prod_reg[0]/Q (DFFRPQX0P5H9R)
                                                   0.21      0.32 r
  U1523/Y (NAND2X0P5H9R)                           0.06      0.38 f
  U2134/Y (OAI21X0P5H9R)                           0.09      0.47 r
  U1563/Y (AOI21X0P5H9R)                           0.07      0.54 f
  U1308/Y (OAI21X0P7H9R)                           0.10      0.64 r
  ctmTdsLR_2_1264/Y (NAND2X0P5H9R)                 0.05      0.69 f
  ctmTdsLR_1_1263/Y (AND3X1H9R)                    0.10      0.79 f
  ctmTdsLR_1_570/Y (OAI21X0P7H9R)                  0.07      0.86 r
  ctmTdsLR_2_571/Y (XNOR2X0P5H9R)                  0.05      0.92 r
  ctmTdsLR_1_586/Y (AO22X0P5H9R)                   0.12      1.03 r
  u_mac16_top/u_mac/sum_out_reg[17]/D (DFFRPQX0P5H9R)
                                                   0.00      1.03 r
  data arrival time                                          1.03

  clock core_clk (rise edge)                       1.00      1.00
  clock network delay (propagated)                 0.10      1.10
  u_mac16_top/u_mac/sum_out_reg[17]/CK (DFFRPQX0P5H9R)
                                                   0.00      1.10 r
  clock uncertainty                               -0.03      1.07
  library setup time                              -0.03      1.04
  data required time                                         1.04
  ------------------------------------------------------------------------
  data required time                                         1.04
  data arrival time                                         -1.03
  ------------------------------------------------------------------------
  slack (MET)                                                0.00



  Startpoint: u_mac16_top/u_mac/last_prod_reg[0] (rising edge-triggered flip-flop clocked by core_clk)
  Endpoint: u_mac16_top/u_mac/sum_out_reg[23] (rising edge-triggered flip-flop clocked by core_clk)
  Mode: default
  Corner: default
  Scenario: default
  Path Group: core_clk
  Path Type: max

  Point                                            Incr      Path  
  ------------------------------------------------------------------------
  clock core_clk (rise edge)                       0.00      0.00
  clock network delay (propagated)                 0.11      0.11

  u_mac16_top/u_mac/last_prod_reg[0]/CK (DFFRPQX0P5H9R)
                                                   0.00      0.11 r
  u_mac16_top/u_mac/last_prod_reg[0]/Q (DFFRPQX0P5H9R)
                                                   0.21      0.32 r
  U1523/Y (NAND2X0P5H9R)                           0.06      0.38 f
  U2134/Y (OAI21X0P5H9R)                           0.09      0.47 r
  U1563/Y (AOI21X0P5H9R)                           0.07      0.54 f
  U1308/Y (OAI21X0P7H9R)                           0.10      0.64 r
  ctmTdsLR_2_1264/Y (NAND2X0P5H9R)                 0.05      0.69 f
  ctmTdsLR_1_1263/Y (AND3X1H9R)                    0.10      0.79 f
  ctmTdsLR_2_496/Y (OAI211X0P7H9R)                 0.08      0.87 r
  ctmTdsLR_2_531/Y (XOR2X0P5H9R)                   0.05      0.92 r
  U2522/Y (AO22X0P5H9R)                            0.11      1.03 r
  u_mac16_top/u_mac/sum_out_reg[23]/D (DFFRPQX0P5H9R)
                                                   0.00      1.03 r
  data arrival time                                          1.03

  clock core_clk (rise edge)                       1.00      1.00
  clock network delay (propagated)                 0.10      1.10
  u_mac16_top/u_mac/sum_out_reg[23]/CK (DFFRPQX0P5H9R)
                                                   0.00      1.10 r
  clock uncertainty                               -0.03      1.07
  library setup time                              -0.03      1.04
  data required time                                         1.04
  ------------------------------------------------------------------------
  data required time                                         1.04
  data arrival time                                         -1.03
  ------------------------------------------------------------------------
  slack (MET)                                                0.01



  Startpoint: u_mac16_top/mode_reg_reg (rising edge-triggered flip-flop clocked by core_clk)
  Endpoint: u_mac16_top/opA_fifo_reg[0][11] (recovery check against rising-edge clock clocked by core_clk)
  Mode: default
  Corner: default
  Scenario: default
  Path Group: core_clk
  Path Type: max

  Point                                            Incr      Path  
  ------------------------------------------------------------------------
  clock core_clk (rise edge)                       0.00      0.00
  clock network delay (propagated)                 0.00      0.00

  u_mac16_top/mode_reg_reg/CK (DFFRPQX0P5H9R)      0.00      0.00 r
  u_mac16_top/mode_reg_reg/Q (DFFRPQX0P5H9R)       0.16      0.16 f
  U1445/Y (XOR2X1H9R)                              0.06      0.22 f
  U1500/Y (NOR2X4H9R)                              0.16      0.38 r
  HFSINV_38054_37/Y (INVX2H9R)                     0.20      0.58 f
  HFSBUF_4899_34/ECK (FREEICGX0P7H9R)              0.38      0.96 f
  u_mac16_top/opA_fifo_reg[0][11]/R (DFFRPQX0P5H9R)
                                                   0.00      0.96 f
  data arrival time                                          0.96

  clock core_clk (rise edge)                       1.00      1.00
  clock network delay (propagated)                 0.10      1.10
  u_mac16_top/opA_fifo_reg[0][11]/CK (DFFRPQX0P5H9R)
                                                   0.00      1.10 r
  clock uncertainty                               -0.03      1.07
  library setup time                              -0.11      0.97
  data required time                                         0.97
  ------------------------------------------------------------------------
  data required time                                         0.97
  data arrival time                                         -0.96
  ------------------------------------------------------------------------
  slack (MET)                                                0.01



  Startpoint: u_mac16_top/mode_reg_reg (rising edge-triggered flip-flop clocked by core_clk)
  Endpoint: u_mac16_top/opA_fifo_reg[0][10] (recovery check against rising-edge clock clocked by core_clk)
  Mode: default
  Corner: default
  Scenario: default
  Path Group: core_clk
  Path Type: max

  Point                                            Incr      Path  
  ------------------------------------------------------------------------
  clock core_clk (rise edge)                       0.00      0.00
  clock network delay (propagated)                 0.00      0.00

  u_mac16_top/mode_reg_reg/CK (DFFRPQX0P5H9R)      0.00      0.00 r
  u_mac16_top/mode_reg_reg/Q (DFFRPQX0P5H9R)       0.16      0.16 f
  U1445/Y (XOR2X1H9R)                              0.06      0.22 f
  U1500/Y (NOR2X4H9R)                              0.16      0.38 r
  HFSINV_38054_37/Y (INVX2H9R)                     0.20      0.58 f
  HFSBUF_4899_34/ECK (FREEICGX0P7H9R)              0.38      0.96 f
  u_mac16_top/opA_fifo_reg[0][10]/R (DFFRPQX0P5H9R)
                                                   0.00      0.96 f
  data arrival time                                          0.96

  clock core_clk (rise edge)                       1.00      1.00
  clock network delay (propagated)                 0.10      1.10
  u_mac16_top/opA_fifo_reg[0][10]/CK (DFFRPQX0P5H9R)
                                                   0.00      1.10 r
  clock uncertainty                               -0.03      1.07
  library setup time                              -0.11      0.97
  data required time                                         0.97
  ------------------------------------------------------------------------
  data required time                                         0.97
  data arrival time                                         -0.96
  ------------------------------------------------------------------------
  slack (MET)                                                0.01



  Startpoint: u_mac16_top/op_fifo_rd_ptr_reg[1] (rising edge-triggered flip-flop clocked by core_clk)
  Endpoint: u_mac16_top/opB_reg_reg[13] (rising edge-triggered flip-flop clocked by core_clk)
  Mode: default
  Corner: default
  Scenario: default
  Path Group: core_clk
  Path Type: max

  Point                                            Incr      Path  
  ------------------------------------------------------------------------
  clock core_clk (rise edge)                       0.00      0.00
  clock network delay (propagated)                 0.12      0.12

  u_mac16_top/op_fifo_rd_ptr_reg[1]/CK (DFFRPQX0P5H9R)
                                                   0.00      0.12 r
  u_mac16_top/op_fifo_rd_ptr_reg[1]/Q (DFFRPQX0P5H9R)
                                                   0.22      0.33 f
  U1898/Y (INVX0P5H9R)                             0.05      0.38 r
  U2139/Y (NOR2X0P5H9R)                            0.04      0.42 f
  gre_a_BUF_6646_inst_1308/ECK (FREEICGX1P2H9R)    0.31      0.73 f
  U2197/Y (AOI22X0P5H9R)                           0.16      0.89 r
  U2195/Y (NAND2X0P5H9R)                           0.15      1.03 f
  u_mac16_top/opB_reg_reg[13]/D (DFFRPQX0P5H9R)    0.00      1.04 f
  data arrival time                                          1.04

  clock core_clk (rise edge)                       1.00      1.00
  clock network delay (propagated)                 0.11      1.11
  u_mac16_top/opB_reg_reg[13]/CK (DFFRPQX0P5H9R)   0.00      1.11 r
  clock uncertainty                               -0.03      1.08
  library setup time                              -0.04      1.04
  data required time                                         1.04
  ------------------------------------------------------------------------
  data required time                                         1.04
  data arrival time                                         -1.04
  ------------------------------------------------------------------------
  slack (MET)                                                0.01



  Startpoint: u_mac16_top/fifo_count_reg[1] (rising edge-triggered flip-flop clocked by core_clk)
  Endpoint: u_mac16_top/mac_result_shadow_reg[15] (rising edge-triggered flip-flop clocked by core_clk)
  Mode: default
  Corner: default
  Scenario: default
  Path Group: core_clk
  Path Type: max

  Point                                            Incr      Path  
  ------------------------------------------------------------------------
  clock core_clk (rise edge)                       0.00      0.00
  clock network delay (propagated)                 0.09      0.09

  u_mac16_top/fifo_count_reg[1]/CK (DFFRPQX0P5H9R)
                                                   0.00      0.09 r
  u_mac16_top/fifo_count_reg[1]/Q (DFFRPQX0P5H9R)
                                                   0.18      0.27 r
  U1273/Y (OR2X0P7H9R)                             0.07      0.34 r
  U1058/Y (NAND2XBX0P7H9R)                         0.07      0.41 r
  ctmTdsLR_2_554/Y (NAND2X1H9R)                    0.06      0.47 f
  U1667/Y (NOR2X1H9R)                              0.34      0.81 r
  U2301/Y (AOI22X0P5H9R)                           0.11      0.92 f
  U1643/Y (OAI211X0P5H9R)                          0.11      1.03 r
  u_mac16_top/mac_result_shadow_reg[15]/D (DFFRPQX0P5H9R)
                                                   0.00      1.03 r
  data arrival time                                          1.03

  clock core_clk (rise edge)                       1.00      1.00
  clock network delay (propagated)                 0.10      1.10
  u_mac16_top/mac_result_shadow_reg[15]/CK (DFFRPQX0P5H9R)
                                                   0.00      1.10 r
  clock uncertainty                               -0.03      1.08
  library setup time                              -0.04      1.04
  data required time                                         1.04
  ------------------------------------------------------------------------
  data required time                                         1.04
  data arrival time                                         -1.03
  ------------------------------------------------------------------------
  slack (MET)                                                0.01



  Startpoint: u_mac16_top/op_fifo_rd_ptr_reg[0] (rising edge-triggered flip-flop clocked by core_clk)
  Endpoint: u_mac16_top/opB_reg_reg[14] (rising edge-triggered flip-flop clocked by core_clk)
  Mode: default
  Corner: default
  Scenario: default
  Path Group: core_clk
  Path Type: max

  Point                                            Incr      Path  
  ------------------------------------------------------------------------
  clock core_clk (rise edge)                       0.00      0.00
  clock network delay (propagated)                 0.11      0.11

  u_mac16_top/op_fifo_rd_ptr_reg[0]/CK (DFFRPQX0P5H9R)
                                                   0.00      0.11 r
  u_mac16_top/op_fifo_rd_ptr_reg[0]/Q (DFFRPQX0P5H9R)
                                                   0.21      0.32 r
  U1162/Y (INVX0P5H9R)                             0.07      0.39 f
  U2130/Y (NOR2X0P5H9R)                            0.11      0.50 r
  U2136/ECK (FREEICGX0P5H9R)                       0.27      0.77 r
  U2625/Y (AOI22X0P5H9R)                           0.11      0.88 f
  U2624/Y (NAND2X0P5H9R)                           0.16      1.04 r
  u_mac16_top/opB_reg_reg[14]/D (DFFRPQX0P5H9R)    0.00      1.04 r
  data arrival time                                          1.04

  clock core_clk (rise edge)                       1.00      1.00
  clock network delay (propagated)                 0.11      1.11
  u_mac16_top/opB_reg_reg[14]/CK (DFFRPQX0P5H9R)   0.00      1.11 r
  clock uncertainty                               -0.03      1.08
  library setup time                              -0.04      1.05
  data required time                                         1.05
  ------------------------------------------------------------------------
  data required time                                         1.05
  data arrival time                                         -1.04
  ------------------------------------------------------------------------
  slack (MET)                                                0.01



  Startpoint: u_mac16_top/opB_reg_reg[7] (rising edge-triggered flip-flop clocked by core_clk)
  Endpoint: u_mac16_top/u_mac/u_mul/r_s21_reg[7] (rising edge-triggered flip-flop clocked by core_clk)
  Mode: default
  Corner: default
  Scenario: default
  Path Group: core_clk
  Path Type: max

  Point                                            Incr      Path  
  ------------------------------------------------------------------------
  clock core_clk (rise edge)                       0.00      0.00
  clock network delay (propagated)                 0.12      0.12

  u_mac16_top/opB_reg_reg[7]/CK (DFFRPQX0P5H9R)    0.00      0.12 r
  u_mac16_top/opB_reg_reg[7]/Q (DFFRPQX0P5H9R)     0.21      0.33 r
  U1741/Y (INVX0P5H9R)                             0.19      0.52 f
  U1742/Y (NOR2X0P5H9R)                            0.16      0.67 r
  U2043/Y (AND2X0P5H9R)                            0.11      0.79 r
  U2053/Y (NOR2X0P5H9R)                            0.05      0.84 f
  U2565/Y (AND2X0P5H9R)                            0.10      0.94 f
  U1484/ZN (AOI2BB1X0P5H9R)                        0.11      1.04 r
  u_mac16_top/u_mac/u_mul/r_s21_reg[7]/D (DFFRPQX0P5H9R)
                                                   0.00      1.04 r
  data arrival time                                          1.04

  clock core_clk (rise edge)                       1.00      1.00
  clock network delay (propagated)                 0.11      1.11
  u_mac16_top/u_mac/u_mul/r_s21_reg[7]/CK (DFFRPQX0P5H9R)
                                                   0.00      1.11 r
  clock uncertainty                               -0.03      1.08
  library setup time                              -0.03      1.05
  data required time                                         1.05
  ------------------------------------------------------------------------
  data required time                                         1.05
  data arrival time                                         -1.04
  ------------------------------------------------------------------------
  slack (MET)                                                0.01



  Startpoint: u_mac16_top/mode_reg_reg (rising edge-triggered flip-flop clocked by core_clk)
  Endpoint: u_mac16_top/opA_fifo_reg[1][6] (recovery check against rising-edge clock clocked by core_clk)
  Mode: default
  Corner: default
  Scenario: default
  Path Group: core_clk
  Path Type: max

  Point                                            Incr      Path  
  ------------------------------------------------------------------------
  clock core_clk (rise edge)                       0.00      0.00
  clock network delay (propagated)                 0.00      0.00

  u_mac16_top/mode_reg_reg/CK (DFFRPQX0P5H9R)      0.00      0.00 r
  u_mac16_top/mode_reg_reg/Q (DFFRPQX0P5H9R)       0.16      0.16 f
  U1445/Y (XOR2X1H9R)                              0.06      0.22 f
  U1500/Y (NOR2X4H9R)                              0.16      0.38 r
  HFSINV_38054_37/Y (INVX2H9R)                     0.20      0.58 f
  HFSBUF_7640_33/ECK (FREEICGX0P7H9R)              0.38      0.96 f
  u_mac16_top/opA_fifo_reg[1][6]/R (DFFRPQX0P5H9R)
                                                   0.00      0.96 f
  data arrival time                                          0.96

  clock core_clk (rise edge)                       1.00      1.00
  clock network delay (propagated)                 0.10      1.10
  u_mac16_top/opA_fifo_reg[1][6]/CK (DFFRPQX0P5H9R)
                                                   0.00      1.10 r
  clock uncertainty                               -0.03      1.08
  library setup time                              -0.11      0.97
  data required time                                         0.97
  ------------------------------------------------------------------------
  data required time                                         0.97
  data arrival time                                         -0.96
  ------------------------------------------------------------------------
  slack (MET)                                                0.01



  Startpoint: u_mac16_top/mode_reg_reg (rising edge-triggered flip-flop clocked by core_clk)
  Endpoint: u_mac16_top/opA_fifo_reg[1][5] (recovery check against rising-edge clock clocked by core_clk)
  Mode: default
  Corner: default
  Scenario: default
  Path Group: core_clk
  Path Type: max

  Point                                            Incr      Path  
  ------------------------------------------------------------------------
  clock core_clk (rise edge)                       0.00      0.00
  clock network delay (propagated)                 0.00      0.00

  u_mac16_top/mode_reg_reg/CK (DFFRPQX0P5H9R)      0.00      0.00 r
  u_mac16_top/mode_reg_reg/Q (DFFRPQX0P5H9R)       0.16      0.16 f
  U1445/Y (XOR2X1H9R)                              0.06      0.22 f
  U1500/Y (NOR2X4H9R)                              0.16      0.38 r
  HFSINV_38054_37/Y (INVX2H9R)                     0.20      0.58 f
  HFSBUF_7640_33/ECK (FREEICGX0P7H9R)              0.38      0.96 f
  u_mac16_top/opA_fifo_reg[1][5]/R (DFFRPQX0P5H9R)
                                                   0.00      0.96 f
  data arrival time                                          0.96

  clock core_clk (rise edge)                       1.00      1.00
  clock network delay (propagated)                 0.10      1.10
  u_mac16_top/opA_fifo_reg[1][5]/CK (DFFRPQX0P5H9R)
                                                   0.00      1.10 r
  clock uncertainty                               -0.03      1.08
  library setup time                              -0.11      0.97
  data required time                                         0.97
  ------------------------------------------------------------------------
  data required time                                         0.97
  data arrival time                                         -0.96
  ------------------------------------------------------------------------
  slack (MET)                                                0.01



  Startpoint: u_mac16_top/u_mac/u_mul/r_c40_reg[18] (rising edge-triggered flip-flop clocked by core_clk)
  Endpoint: u_mac16_top/u_mac/u_mul/product_reg_reg[20] (rising edge-triggered flip-flop clocked by core_clk)
  Mode: default
  Corner: default
  Scenario: default
  Path Group: core_clk
  Path Type: max

  Point                                            Incr      Path  
  ------------------------------------------------------------------------
  clock core_clk (rise edge)                       0.00      0.00
  clock network delay (propagated)                 0.11      0.11

  u_mac16_top/u_mac/u_mul/r_c40_reg[18]/CK (DFFRPQX0P5H9R)
                                                   0.00      0.11 r
  u_mac16_top/u_mac/u_mul/r_c40_reg[18]/Q (DFFRPQX0P5H9R)
                                                   0.23      0.33 r
  ctmTdsLR_1_579/Y (XNOR2X0P7H9R)                  0.08      0.41 r
  ctmTdsLR_2_580/Y (XNOR3X0P5H9R)                  0.15      0.56 f
  U2239/Y (NAND2X0P7H9R)                           0.05      0.61 r
  U1098/Y (OAI21X0P5H9R)                           0.06      0.67 f
  U1173/Y (AOI21X2H9R)                             0.05      0.72 r
  U1179/Y (INVX2H9R)                               0.03      0.75 f
  U1498/Y (AOI21X1H9R)                             0.04      0.79 r
  U1122/Y (OAI21X1P4H9R)                           0.04      0.83 f
  ctmTdsLR_2_546/Y (XNOR2X1H9R)                    0.04      0.87 r
  ZBUF_2_inst_1152/Y (BUFX1P4H9R)                  0.05      0.92 r
  u_mac16_top/u_mac/u_mul/product_reg_reg[20]/D (DFFRPQX0P5H9R)
                                                   0.00      0.92 r
  data arrival time                                          0.92

  clock core_clk (rise edge)                       1.00      1.00
  clock network delay (propagated)                 0.00      1.00
  u_mac16_top/u_mac/u_mul/product_reg_reg[20]/CK (DFFRPQX0P5H9R)
                                                   0.00      1.00 r
  clock uncertainty                               -0.03      0.98
  library setup time                              -0.04      0.93
  data required time                                         0.93
  ------------------------------------------------------------------------
  data required time                                         0.93
  data arrival time                                         -0.92
  ------------------------------------------------------------------------
  slack (MET)                                                0.01



  Startpoint: u_mac16_top/u_mac/u_mul/r_c40_reg[9] (rising edge-triggered flip-flop clocked by core_clk)
  Endpoint: u_mac16_top/u_mac/u_mul/product_reg_reg[11] (rising edge-triggered flip-flop clocked by core_clk)
  Mode: default
  Corner: default
  Scenario: default
  Path Group: core_clk
  Path Type: max

  Point                                            Incr      Path  
  ------------------------------------------------------------------------
  clock core_clk (rise edge)                       0.00      0.00
  clock network delay (propagated)                 0.12      0.12

  u_mac16_top/u_mac/u_mul/r_c40_reg[9]/CK (DFFRPQX0P5H9R)
                                                   0.00      0.12 r
  u_mac16_top/u_mac/u_mul/r_c40_reg[9]/Q (DFFRPQX0P5H9R)
                                                   0.19      0.30 f
  ZBUF_54_inst_1155/Y (BUFX1P7H9R)                 0.05      0.36 f
  U1075/Y (NAND2X2H9R)                             0.04      0.39 r
  U1229/Y (OAI21X2H9R)                             0.05      0.44 f
  U1648/Y (NOR2X3H9R)                              0.04      0.48 r
  ctmTdsLR_1_469/Y (AOI21X2H9R)                    0.03      0.51 f
  U1096/Y (NOR2X1H9R)                              0.06      0.57 r
  U1571/Y (NOR2X1P4H9R)                            0.04      0.61 f
  U1134/Y (NAND2X2H9R)                             0.03      0.64 r
  U1126/Y (NAND2X1H9R)                             0.04      0.68 f
  U1240/Y (INVX0P5H9R)                             0.05      0.73 r
  ctmTdsLR_2_473/Y (XOR2X0P5H9R)                   0.16      0.88 r
  u_mac16_top/u_mac/u_mul/product_reg_reg[11]/D (DFFRPQX0P5H9R)
                                                   0.00      0.88 r
  data arrival time                                          0.88

  clock core_clk (rise edge)                       1.00      1.00
  clock network delay (propagated)                 0.00      1.00
  u_mac16_top/u_mac/u_mul/product_reg_reg[11]/CK (DFFRPQX0P5H9R)
                                                   0.00      1.00 r
  clock uncertainty                               -0.03      0.98
  library setup time                              -0.08      0.89
  data required time                                         0.89
  ------------------------------------------------------------------------
  data required time                                         0.89
  data arrival time                                         -0.88
  ------------------------------------------------------------------------
  slack (MET)                                                0.01



  Startpoint: u_mac16_top/u_mac/u_mul/r_s41_reg[11] (rising edge-triggered flip-flop clocked by core_clk)
  Endpoint: u_mac16_top/u_mac/u_mul/product_reg_reg[18] (rising edge-triggered flip-flop clocked by core_clk)
  Mode: default
  Corner: default
  Scenario: default
  Path Group: core_clk
  Path Type: max

  Point                                            Incr      Path  
  ------------------------------------------------------------------------
  clock core_clk (rise edge)                       0.00      0.00
  clock network delay (propagated)                 0.12      0.12

  u_mac16_top/u_mac/u_mul/r_s41_reg[11]/CK (DFFRPQX0P5H9R)
                                                   0.00      0.12 r
  u_mac16_top/u_mac/u_mul/r_s41_reg[11]/Q (DFFRPQX0P5H9R)
                                                   0.26      0.38 r
  ctmTdsLR_1_592/Y (XOR3X1H9R)                     0.12      0.49 f
  U1647/Y (XNOR2X1H9R)                             0.05      0.55 f
  U1181/Y (NAND2X1P4H9R)                           0.04      0.59 r
  ctmTdsLR_1_603/Y (NOR2XBX1H9R)                   0.07      0.66 r
  U1548/Y (NAND3X2H9R)                             0.04      0.70 f
  U1086/Y (NAND2X3H9R)                             0.05      0.75 r
  U1061/Y (INVX3H9R)                               0.03      0.78 f
  ctmTdsLR_1_1259/Y (OAI21X1P4H9R)                 0.05      0.83 r
  ctmTdsLR_2_518/Y (XNOR2X1P4H9R)                  0.07      0.90 r
  u_mac16_top/u_mac/u_mul/product_reg_reg[18]/D (DFFRPQX0P5H9R)
                                                   0.00      0.90 r
  data arrival time                                          0.90

  clock core_clk (rise edge)                       1.00      1.00
  clock network delay (propagated)                 0.00      1.00
  u_mac16_top/u_mac/u_mul/product_reg_reg[18]/CK (DFFRPQX0P5H9R)
                                                   0.00      1.00 r
  clock uncertainty                               -0.03      0.98
  library setup time                              -0.07      0.91
  data required time                                         0.91
  ------------------------------------------------------------------------
  data required time                                         0.91
  data arrival time                                         -0.90
  ------------------------------------------------------------------------
  slack (MET)                                                0.01



  Startpoint: u_mac16_top/mode_reg_reg (rising edge-triggered flip-flop clocked by core_clk)
  Endpoint: u_mac16_top/opA_fifo_reg[2][6] (recovery check against rising-edge clock clocked by core_clk)
  Mode: default
  Corner: default
  Scenario: default
  Path Group: core_clk
  Path Type: max

  Point                                            Incr      Path  
  ------------------------------------------------------------------------
  clock core_clk (rise edge)                       0.00      0.00
  clock network delay (propagated)                 0.00      0.00

  u_mac16_top/mode_reg_reg/CK (DFFRPQX0P5H9R)      0.00      0.00 r
  u_mac16_top/mode_reg_reg/Q (DFFRPQX0P5H9R)       0.16      0.16 f
  U1445/Y (XOR2X1H9R)                              0.06      0.22 f
  U1500/Y (NOR2X4H9R)                              0.16      0.38 r
  HFSINV_38054_37/Y (INVX2H9R)                     0.20      0.58 f
  HFSBUF_7640_33/ECK (FREEICGX0P7H9R)              0.38      0.96 f
  u_mac16_top/opA_fifo_reg[2][6]/R (DFFRPQX0P5H9R)
                                                   0.00      0.96 f
  data arrival time                                          0.96

  clock core_clk (rise edge)                       1.00      1.00
  clock network delay (propagated)                 0.11      1.11
  u_mac16_top/opA_fifo_reg[2][6]/CK (DFFRPQX0P5H9R)
                                                   0.00      1.11 r
  clock uncertainty                               -0.03      1.08
  library setup time                              -0.10      0.98
  data required time                                         0.98
  ------------------------------------------------------------------------
  data required time                                         0.98
  data arrival time                                         -0.96
  ------------------------------------------------------------------------
  slack (MET)                                                0.01



  Startpoint: u_mac16_top/mode_reg_reg (rising edge-triggered flip-flop clocked by core_clk)
  Endpoint: u_mac16_top/opA_fifo_reg[2][5] (recovery check against rising-edge clock clocked by core_clk)
  Mode: default
  Corner: default
  Scenario: default
  Path Group: core_clk
  Path Type: max

  Point                                            Incr      Path  
  ------------------------------------------------------------------------
  clock core_clk (rise edge)                       0.00      0.00
  clock network delay (propagated)                 0.00      0.00

  u_mac16_top/mode_reg_reg/CK (DFFRPQX0P5H9R)      0.00      0.00 r
  u_mac16_top/mode_reg_reg/Q (DFFRPQX0P5H9R)       0.16      0.16 f
  U1445/Y (XOR2X1H9R)                              0.06      0.22 f
  U1500/Y (NOR2X4H9R)                              0.16      0.38 r
  HFSINV_38054_37/Y (INVX2H9R)                     0.20      0.58 f
  HFSBUF_7640_33/ECK (FREEICGX0P7H9R)              0.38      0.96 f
  u_mac16_top/opA_fifo_reg[2][5]/R (DFFRPQX0P5H9R)
                                                   0.00      0.96 f
  data arrival time                                          0.96

  clock core_clk (rise edge)                       1.00      1.00
  clock network delay (propagated)                 0.11      1.11
  u_mac16_top/opA_fifo_reg[2][5]/CK (DFFRPQX0P5H9R)
                                                   0.00      1.11 r
  clock uncertainty                               -0.03      1.08
  library setup time                              -0.10      0.98
  data required time                                         0.98
  ------------------------------------------------------------------------
  data required time                                         0.98
  data arrival time                                         -0.96
  ------------------------------------------------------------------------
  slack (MET)                                                0.01



  Startpoint: u_mac16_top/u_mac/u_mul/r_s41_reg[11] (rising edge-triggered flip-flop clocked by core_clk)
  Endpoint: u_mac16_top/u_mac/u_mul/product_reg_reg[21] (rising edge-triggered flip-flop clocked by core_clk)
  Mode: default
  Corner: default
  Scenario: default
  Path Group: core_clk
  Path Type: max

  Point                                            Incr      Path  
  ------------------------------------------------------------------------
  clock core_clk (rise edge)                       0.00      0.00
  clock network delay (propagated)                 0.12      0.12

  u_mac16_top/u_mac/u_mul/r_s41_reg[11]/CK (DFFRPQX0P5H9R)
                                                   0.00      0.12 r
  u_mac16_top/u_mac/u_mul/r_s41_reg[11]/Q (DFFRPQX0P5H9R)
                                                   0.26      0.38 r
  ctmTdsLR_1_592/Y (XOR3X1H9R)                     0.12      0.49 f
  U1647/Y (XNOR2X1H9R)                             0.05      0.55 f
  U1181/Y (NAND2X1P4H9R)                           0.04      0.59 r
  ctmTdsLR_1_603/Y (NOR2XBX1H9R)                   0.07      0.66 r
  U1548/Y (NAND3X2H9R)                             0.04      0.70 f
  U1086/Y (NAND2X3H9R)                             0.05      0.75 r
  U1061/Y (INVX3H9R)                               0.03      0.78 f
  U1212/Y (OAI21X1P4H9R)                           0.05      0.83 r
  ctmTdsLR_2_548/Y (XNOR2X1P4H9R)                  0.07      0.90 r
  u_mac16_top/u_mac/u_mul/product_reg_reg[21]/D (DFFRPQX0P5H9R)
                                                   0.00      0.90 r
  data arrival time                                          0.90

  clock core_clk (rise edge)                       1.00      1.00
  clock network delay (propagated)                 0.00      1.00
  u_mac16_top/u_mac/u_mul/product_reg_reg[21]/CK (DFFRPQX0P5H9R)
                                                   0.00      1.00 r
  clock uncertainty                               -0.03      0.98
  library setup time                              -0.07      0.91
  data required time                                         0.91
  ------------------------------------------------------------------------
  data required time                                         0.91
  data arrival time                                         -0.90
  ------------------------------------------------------------------------
  slack (MET)                                                0.01



  Startpoint: u_mac16_top/u_mac/u_mul/r_c40_reg[9] (rising edge-triggered flip-flop clocked by core_clk)
  Endpoint: u_mac16_top/u_mac/u_mul/product_reg_reg[12] (rising edge-triggered flip-flop clocked by core_clk)
  Mode: default
  Corner: default
  Scenario: default
  Path Group: core_clk
  Path Type: max

  Point                                            Incr      Path  
  ------------------------------------------------------------------------
  clock core_clk (rise edge)                       0.00      0.00
  clock network delay (propagated)                 0.12      0.12

  u_mac16_top/u_mac/u_mul/r_c40_reg[9]/CK (DFFRPQX0P5H9R)
                                                   0.00      0.12 r
  u_mac16_top/u_mac/u_mul/r_c40_reg[9]/Q (DFFRPQX0P5H9R)
                                                   0.19      0.30 r
  ZBUF_54_inst_1155/Y (BUFX1P7H9R)                 0.05      0.36 r
  U1189/Y (NAND2X1H9R)                             0.03      0.39 f
  U1150/Y (NAND2X1H9R)                             0.03      0.42 r
  U1605/Y (OAI21X1H9R)                             0.05      0.46 f
  U1258/Y (XOR2X0P7H9R)                            0.05      0.51 r
  U1748/Y (NOR2X1P4H9R)                            0.05      0.56 f
  U1571/Y (NOR2X1P4H9R)                            0.04      0.61 r
  U1134/Y (NAND2X2H9R)                             0.03      0.63 f
  U1126/Y (NAND2X1H9R)                             0.04      0.67 r
  U1240/Y (INVX0P5H9R)                             0.04      0.72 f
  ctmTdsLR_1_513/Y (OAI21X0P7H9R)                  0.06      0.78 r
  ctmTdsLR_2_514/Y (XNOR2X0P5H9R)                  0.11      0.89 r
  u_mac16_top/u_mac/u_mul/product_reg_reg[12]/D (DFFRPQX0P5H9R)
                                                   0.00      0.89 r
  data arrival time                                          0.89

  clock core_clk (rise edge)                       1.00      1.00
  clock network delay (propagated)                 0.00      1.00
  u_mac16_top/u_mac/u_mul/product_reg_reg[12]/CK (DFFRPQX0P5H9R)
                                                   0.00      1.00 r
  clock uncertainty                               -0.03      0.98
  library setup time                              -0.08      0.90
  data required time                                         0.90
  ------------------------------------------------------------------------
  data required time                                         0.90
  data arrival time                                         -0.89
  ------------------------------------------------------------------------
  slack (MET)                                                0.01



  Startpoint: u_mac16_top/opA_reg_reg[2] (rising edge-triggered flip-flop clocked by core_clk)
  Endpoint: u_mac16_top/u_mac/u_mul/r_s23_reg[16] (rising edge-triggered flip-flop clocked by core_clk)
  Mode: default
  Corner: default
  Scenario: default
  Path Group: core_clk
  Path Type: max

  Point                                            Incr      Path  
  ------------------------------------------------------------------------
  clock core_clk (rise edge)                       0.00      0.00
  clock network delay (propagated)                 0.11      0.11

  u_mac16_top/opA_reg_reg[2]/CK (DFFRPQX0P5H9R)    0.00      0.11 r
  u_mac16_top/opA_reg_reg[2]/Q (DFFRPQX0P5H9R)     0.23      0.34 f
  U1711/Y (INVX1H9R)                               0.15      0.49 r
  U1233/Y (NOR2X1H9R)                              0.10      0.59 f
  ctmTdsLR_2_1253/CON (CGENCONAX1H9R)              0.08      0.67 r
  U2442/Y (NOR3X0P7H9R)                            0.12      0.79 f
  U1423/ZN (OAOI211X0P5H9R)                        0.22      1.01 r
  u_mac16_top/u_mac/u_mul/r_s23_reg[16]/D (DFFRPQX0P5H9R)
                                                   0.00      1.01 r
  data arrival time                                          1.01

  clock core_clk (rise edge)                       1.00      1.00
  clock network delay (propagated)                 0.10      1.10
  u_mac16_top/u_mac/u_mul/r_s23_reg[16]/CK (DFFRPQX0P5H9R)
                                                   0.00      1.10 r
  clock uncertainty                               -0.03      1.07
  library setup time                              -0.05      1.02
  data required time                                         1.02
  ------------------------------------------------------------------------
  data required time                                         1.02
  data arrival time                                         -1.01
  ------------------------------------------------------------------------
  slack (MET)                                                0.01



  Startpoint: u_mac16_top/opA_reg_reg[1] (rising edge-triggered flip-flop clocked by core_clk)
  Endpoint: u_mac16_top/u_mac/u_mul/r_s23_reg[15] (rising edge-triggered flip-flop clocked by core_clk)
  Mode: default
  Corner: default
  Scenario: default
  Path Group: core_clk
  Path Type: max

  Point                                            Incr      Path  
  ------------------------------------------------------------------------
  clock core_clk (rise edge)                       0.00      0.00
  clock network delay (propagated)                 0.11      0.11

  u_mac16_top/opA_reg_reg[1]/CK (DFFRPQX0P5H9R)    0.00      0.11 r
  u_mac16_top/opA_reg_reg[1]/Q (DFFRPQX0P5H9R)     0.26      0.38 r
  U1424/Y (INVX1H9R)                               0.13      0.50 f
  U1764/Y (NOR2X0P5H9R)                            0.12      0.62 r
  ctmTdsLR_2_1241/CON (CGENCONAX1H9R)              0.07      0.69 f
  U2444/Y (NOR3X0P5H9R)                            0.21      0.91 r
  U1384/ZN (OAOI211X1H9R)                          0.11      1.02 f
  u_mac16_top/u_mac/u_mul/r_s23_reg[15]/D (DFFRPQX0P5H9R)
                                                   0.00      1.02 f
  data arrival time                                          1.02

  clock core_clk (rise edge)                       1.00      1.00
  clock network delay (propagated)                 0.10      1.10
  u_mac16_top/u_mac/u_mul/r_s23_reg[15]/CK (DFFRPQX0P5H9R)
                                                   0.00      1.10 r
  clock uncertainty                               -0.03      1.07
  library setup time                              -0.04      1.03
  data required time                                         1.03
  ------------------------------------------------------------------------
  data required time                                         1.03
  data arrival time                                         -1.02
  ------------------------------------------------------------------------
  slack (MET)                                                0.01



  Startpoint: u_mac16_top/mode_reg_reg (rising edge-triggered flip-flop clocked by core_clk)
  Endpoint: u_mac16_top/opA_fifo_reg[3][15] (recovery check against rising-edge clock clocked by core_clk)
  Mode: default
  Corner: default
  Scenario: default
  Path Group: core_clk
  Path Type: max

  Point                                            Incr      Path  
  ------------------------------------------------------------------------
  clock core_clk (rise edge)                       0.00      0.00
  clock network delay (propagated)                 0.00      0.00

  u_mac16_top/mode_reg_reg/CK (DFFRPQX0P5H9R)      0.00      0.00 r
  u_mac16_top/mode_reg_reg/Q (DFFRPQX0P5H9R)       0.16      0.16 f
  U1445/Y (XOR2X1H9R)                              0.06      0.22 f
  U1500/Y (NOR2X4H9R)                              0.16      0.38 r
  HFSINV_38054_37/Y (INVX2H9R)                     0.20      0.58 f
  HFSBUF_922_29/ECK (FREEICGX1H9R)                 0.37      0.95 f
  u_mac16_top/opA_fifo_reg[3][15]/R (DFFRPQX0P5H9R)
                                                   0.00      0.95 f
  data arrival time                                          0.95

  clock core_clk (rise edge)                       1.00      1.00
  clock network delay (propagated)                 0.09      1.09
  u_mac16_top/opA_fifo_reg[3][15]/CK (DFFRPQX0P5H9R)
                                                   0.00      1.09 r
  clock uncertainty                               -0.03      1.07
  library setup time                              -0.10      0.97
  data required time                                         0.97
  ------------------------------------------------------------------------
  data required time                                         0.97
  data arrival time                                         -0.95
  ------------------------------------------------------------------------
  slack (MET)                                                0.01



  Startpoint: u_mac16_top/fifo_count_reg[1] (rising edge-triggered flip-flop clocked by core_clk)
  Endpoint: u_mac16_top/mac_result_shadow_reg[16] (rising edge-triggered flip-flop clocked by core_clk)
  Mode: default
  Corner: default
  Scenario: default
  Path Group: core_clk
  Path Type: max

  Point                                            Incr      Path  
  ------------------------------------------------------------------------
  clock core_clk (rise edge)                       0.00      0.00
  clock network delay (propagated)                 0.09      0.09

  u_mac16_top/fifo_count_reg[1]/CK (DFFRPQX0P5H9R)
                                                   0.00      0.09 r
  u_mac16_top/fifo_count_reg[1]/Q (DFFRPQX0P5H9R)
                                                   0.18      0.27 r
  U1273/Y (OR2X0P7H9R)                             0.07      0.34 r
  U1058/Y (NAND2XBX0P7H9R)                         0.07      0.41 r
  ctmTdsLR_2_554/Y (NAND2X1H9R)                    0.06      0.47 f
  U1667/Y (NOR2X1H9R)                              0.34      0.81 r
  U2302/Y (AOI22X0P5H9R)                           0.11      0.92 f
  U1644/Y (OAI211X0P5H9R)                          0.10      1.03 r
  u_mac16_top/mac_result_shadow_reg[16]/D (DFFRPQX0P5H9R)
                                                   0.00      1.03 r
  data arrival time                                          1.03

  clock core_clk (rise edge)                       1.00      1.00
  clock network delay (propagated)                 0.10      1.10
  u_mac16_top/mac_result_shadow_reg[16]/CK (DFFRPQX0P5H9R)
                                                   0.00      1.10 r
  clock uncertainty                               -0.03      1.08
  library setup time                              -0.04      1.04
  data required time                                         1.04
  ------------------------------------------------------------------------
  data required time                                         1.04
  data arrival time                                         -1.03
  ------------------------------------------------------------------------
  slack (MET)                                                0.01



  Startpoint: u_mac16_top/mode_reg_reg (rising edge-triggered flip-flop clocked by core_clk)
  Endpoint: u_mac16_top/opA_fifo_reg[3][9] (recovery check against rising-edge clock clocked by core_clk)
  Mode: default
  Corner: default
  Scenario: default
  Path Group: core_clk
  Path Type: max

  Point                                            Incr      Path  
  ------------------------------------------------------------------------
  clock core_clk (rise edge)                       0.00      0.00
  clock network delay (propagated)                 0.00      0.00

  u_mac16_top/mode_reg_reg/CK (DFFRPQX0P5H9R)      0.00      0.00 r
  u_mac16_top/mode_reg_reg/Q (DFFRPQX0P5H9R)       0.16      0.16 f
  U1445/Y (XOR2X1H9R)                              0.06      0.22 f
  U1500/Y (NOR2X4H9R)                              0.16      0.38 r
  HFSINV_38054_37/Y (INVX2H9R)                     0.20      0.58 f
  HFSBUF_922_29/ECK (FREEICGX1H9R)                 0.37      0.95 f
  u_mac16_top/opA_fifo_reg[3][9]/R (DFFRPQX0P5H9R)
                                                   0.00      0.95 f
  data arrival time                                          0.95

  clock core_clk (rise edge)                       1.00      1.00
  clock network delay (propagated)                 0.09      1.09
  u_mac16_top/opA_fifo_reg[3][9]/CK (DFFRPQX0P5H9R)
                                                   0.00      1.09 r
  clock uncertainty                               -0.03      1.07
  library setup time                              -0.10      0.97
  data required time                                         0.97
  ------------------------------------------------------------------------
  data required time                                         0.97
  data arrival time                                         -0.95
  ------------------------------------------------------------------------
  slack (MET)                                                0.01


1
