


                              Fusion Compiler (TM)

                  Version V-2023.12 for linux64 - Nov 23, 2023
  This release has significant feature enhancements. Please review the Release
                       Notes associated with this release.

                    Copyright (c) 1988 - 2023 Synopsys, Inc.
   This software and the associated documentation are proprietary to Synopsys,
 Inc. This software may only be used in accordance with the terms and conditions
 of a written license agreement with Synopsys, Inc. All other use, reproduction,
   or distribution of this software is strictly prohibited.  Licensed Products
     communicate with Synopsys servers for the purpose of providing software
    updates, detecting software piracy and verifying that customers are using
    Licensed Products in conformity with the applicable License Key for such
  Licensed Products. Synopsys will use information gathered in connection with
    this process to deliver software updates and pursue software pirates and
                                   infringers.

 Inclusivity & Diversity - Visit SolvNetPlus to read the "Synopsys Statement on
            Inclusivity and Diversity" (Refer to article 000036315 at
                        https://solvnetplus.synopsys.com)
 
# =====================================================================
# MAC16 布局布线脚本 — Fusion Compiler V-2023.12
# ---------------------------------------------------------------------
# 用法:
#   cd script
#   fc_shell -batch -f fc_apr.tcl | tee ../out/apr/fc_apr.log
#
# 流程: 打开/构建NDM库 -> 读网表 -> 约束 -> 布线层限制(M1~M4+TM2)
#       -> Floorplan(100umx100um die / 90umx90um core)
#       -> 电源地 -> place_opt -> clock_opt -> route_opt
#       -> 报告 -> 输出网表/SDF/SPEF/GDS
#
# 说明: NDM 参考库已由 tech/ics55.tf(Synopsys格式技术文件) + 单元LEF + 时序DB
#       预先构建到 out/apr/ndm/mac16_ndm(2026-08-19)。若该库不存在，
#       本脚本会用相同输入自动重建，因此可直接重复运行。
# =====================================================================
set DESIGN_NAME mac16
mac16
set PROJ_ROOT [file normalize [file dirname [info script]]/..]
/mnt/hgfs/Rockys/mac16
set PDK_ROOT  "$PROJ_ROOT/lib/PDK/Common/ics55_LLSC_H9CR_0917"
/mnt/hgfs/Rockys/mac16/lib/PDK/Common/ics55_LLSC_H9CR_0917
set OUTDIR    "$PROJ_ROOT/out/apr"
/mnt/hgfs/Rockys/mac16/out/apr
file mkdir "$OUTDIR/ndm"
# ---- 输入文件 ----
set TECH_TF   "$OUTDIR/tech/ics55.tf"                ;# Synopsys格式技术文件(由工艺LEF生成)
/mnt/hgfs/Rockys/mac16/out/apr/tech/ics55.tf
set CELL_LEF "$PDK_ROOT/lef/ics55_LLSC_H9CR.lef"      ;# 单元LEF (973个macro)
/mnt/hgfs/Rockys/mac16/lib/PDK/Common/ics55_LLSC_H9CR_0917/lef/ics55_LLSC_H9CR.lef
set LIB_DB   "$PDK_ROOT/liberty/db/ics55_LLSC_H9CR_typ_tt_1p2_25_nldm.db"
/mnt/hgfs/Rockys/mac16/lib/PDK/Common/ics55_LLSC_H9CR_0917/liberty/db/ics55_LLSC_H9CR_typ_tt_1p2_25_nldm.db
set NETLIST  "$PROJ_ROOT/out/syn/mac16_netlist.v"     ;# DC 综合网表
/mnt/hgfs/Rockys/mac16/out/syn/mac16_netlist.v
set SDC_DC   "$PROJ_ROOT/out/syn/mac16.sdc"
/mnt/hgfs/Rockys/mac16/out/syn/mac16.sdc
set SDC_FC   "$OUTDIR/mac16_fc.sdc"                   ;# FC 可用约束(过滤DC专用语句)
/mnt/hgfs/Rockys/mac16/out/apr/mac16_fc.sdc
set GDS_MAP  "$OUTDIR/tech/gds_icc.map"              ;# GDS layer map (ICC2格式, 由Cadence map转换)
/mnt/hgfs/Rockys/mac16/out/apr/tech/gds_icc.map
set NDM_LIB  "$OUTDIR/ndm/mac16_ndm"
/mnt/hgfs/Rockys/mac16/out/apr/ndm/mac16_ndm
set TLUPLUS  "$OUTDIR/tech/ics55_typ.tlup"           ;# TLU+ 寄生参数(由手写ITF生成)
/mnt/hgfs/Rockys/mac16/out/apr/tech/ics55_typ.tlup
set TLU_MAP  "$OUTDIR/tech/tlu_map.map"              ;# NDM层名 -> ITF层名映射
/mnt/hgfs/Rockys/mac16/out/apr/tech/tlu_map.map
# ---- 生成 FC 可读 SDC：剔除 DC 的多行 set_clock_gating_check 命令 ----
set fin  [open $SDC_DC r]
file28
set fout [open $SDC_FC w]
file29
set in_cmd 0
0
foreach line [split [read $fin] "\n"] {
    if {[regexp {set_clock_gating_check} $line]} { set in_cmd 1 }
    if {!$in_cmd} { puts $fout $line }
    if {$in_cmd && ![regexp {\\$} $line]} { set in_cmd 0 }
}
close $fout
close $fin
puts "== 已生成 FC 约束文件: $SDC_FC"
== 已生成 FC 约束文件: /mnt/hgfs/Rockys/mac16/out/apr/mac16_fc.sdc
# ---- 1) NDM 参考库：存在则打开，不存在则自动构建 ----
if {[file exists "$NDM_LIB/lib.ndm"]} {
    puts "== open_lib $NDM_LIB =="
    open_lib $NDM_LIB
} else {
    puts "== [clock format [clock seconds] -format %Y-%m-%d_%H:%M:%S] create_lib =="
    set_app_var link_library [list $LIB_DB]
    create_lib $NDM_LIB -technology $TECH_TF -ref_libs [list $CELL_LEF]
    save_lib
}
== open_lib /mnt/hgfs/Rockys/mac16/out/apr/ndm/mac16_ndm ==
Information: Loading library file '/mnt/hgfs/Rockys/mac16/out/apr/ndm/mac16_ndm' (FILE-007)
Information: Loading library file '/mnt/hgfs/Rockys/mac16/out/apr/CLIBs/ics55_LLSC_H9CR_typ_tt_1p2_25.ndm' (FILE-007)
Information: Loading library file '/mnt/hgfs/Rockys/mac16/out/apr/CLIBs/ics55_LLSC_H9CR_typ_tt_1p2_25_physical_only.ndm' (FILE-007)
Information: Auto created reference libraries are up-to-date, no need to rebuild. (LIB-084)
{mac16_ndm}
set_app_var link_library [list $NDM_LIB]
/mnt/hgfs/Rockys/mac16/out/apr/ndm/mac16_ndm
# ---- 1.5) 寄生参数（TLU+）----
read_parasitic_tech -tlup $TLUPLUS
1
# ---- 2) 读入综合网表并链接 ----
read_verilog $NETLIST
Loading verilog file '/mnt/hgfs/Rockys/mac16/out/syn/mac16_netlist.v'
Information: Reading Verilog into new design 'mac16' in library 'mac16_ndm'. (VR-012)
Number of modules read: 31
Top level ports: 9
Total ports in all modules: 129
Total nets in all modules: 3474
Total instances in all modules: 2595
Elapsed = 00:00:00.06, CPU = 00:00:00.02
1
link_design
Using libraries: mac16_ndm ics55_LLSC_H9CR_typ_tt_1p2_25 ics55_LLSC_H9CR_typ_tt_1p2_25_physical_only
Linking block mac16_ndm:mac16.design
Information: User units loaded from library 'ics55_LLSC_H9CR_typ_tt_1p2_25' (LNK-040)
Design 'mac16' was successfully linked.
1
# ---- 2.5) 寄生参数绑定到默认 corner ----
set_parasitic_parameters -early_spec ics55_typ.tlup -early_temperature 25 \
                         -late_spec ics55_typ.tlup -late_temperature 25
1
# ---- 3) 读入约束 ----
read_sdc $SDC_FC
Information: Loading SDC version 2.1 file '/mnt/hgfs/Rockys/mac16/out/apr/mac16_fc.sdc' (FILE-007)
Warning: SDC version in file (1.7) does not match the version you requested
        	from read_sdc (2.1).  Some constraints and options may not function. (SDC-2)
Warning: The 'set_max_fanout' command is not supported in this program.  The command will be ignored. (CSTR-011)
Information: Timer using 1 threads
1
# ---- 4) 布线层限制：仅 M1~M4 + TM2（MET5/RDL 不参与布线）----
set_ignored_layers -min_routing_layer MET1 -max_routing_layer T4M2
1
# ---- 5) Floorplan：DIE 144um x 144um，core 134um x 134um（利用率约65%）----
initialize_floorplan -control_type die -side_length {144 144} \
    -core_offset {5 5 5 5}
Warning: The routing directions for layer 'MET1 MET2 MET3 MET4 MET5 T4M2 ' are missing. Auto deriving 'horizontal' routing direction for layer 'MET1'. (DPUI-924)
Warning: The routing directions for layer 'MET1 MET2 MET3 MET4 MET5 T4M2 ' are missing. Auto deriving 'vertical' routing direction for layer 'MET2'. (DPUI-924)
Warning: The routing directions for layer 'MET1 MET2 MET3 MET4 MET5 T4M2 ' are missing. Auto deriving 'horizontal' routing direction for layer 'MET3'. (DPUI-924)
Warning: The routing directions for layer 'MET1 MET2 MET3 MET4 MET5 T4M2 ' are missing. Auto deriving 'vertical' routing direction for layer 'MET4'. (DPUI-924)
Warning: The routing directions for layer 'MET1 MET2 MET3 MET4 MET5 T4M2 ' are missing. Auto deriving 'horizontal' routing direction for layer 'MET5'. (DPUI-924)
Warning: The routing directions for layer 'MET1 MET2 MET3 MET4 MET5 T4M2 ' are missing. Auto deriving 'vertical' routing direction for layer 'T4M2'. (DPUI-924)
Removing existing floorplan objects
Creating core...
Core utilization ratio = 64.44%
Unplacing all cells...
Creating site array...
Creating routing tracks...
Initializing floorplan completed.
# ---- 6) 电源地连接与环（FC 原生 PG pattern 流程）----
connect_pg_net -automatic
****************************************
Report : Power/Ground Connection Summary
Design : mac16
Version: V-2023.12
Date   : Tue Aug 18 14:56:44 2026
****************************************
P/G net name                  P/G pin count(previous/current)
--------------------------------------------------------------------------------
Power net VDD                 0/2565
Ground net VSS                0/2565
--------------------------------------------------------------------------------
Information: connections of 5130 power/ground pin(s) are created or changed.
1
create_pg_ring_pattern pg_ring \
    -horizontal_layer T4M2 -vertical_layer MET3 \
    -horizontal_width {1.2} -vertical_width {1.2} \
    -horizontal_spacing {0.5} -vertical_spacing {0.5} \
    -corner_bridge true
Information: The command 'create_pg_ring_pattern' cleared the undo history. (UNDO-016)
Successfully create PG ring pattern pg_ring.
set_pg_strategy pg_ring_strategy -core \
    -pattern {{name: pg_ring} {nets: {VDD VSS VDD VSS}} {offset: {0 0}}}
Successfully set PG strategy pg_ring_strategy.
compile_pg -strategies pg_ring_strategy
Sanity check for inputs.
No strategy-level via rule is specified, the default rule will be applied.
Automatic PG net connection through connect_pg_net is disabled.
Updating PG strategies.
Updating strategy pg_ring_strategy.
Loading library and design information.
Number of Standard Cells: 0
Number of Hard Macros: 0
Number of Pads: 0
Creating rings.
Creating via connection between strategies and existing shapes.
Via DRC checking runtime 0.00 seconds.
via connection runtime: 0 seconds.
Removing dangling/floating wire/vias after DRC check.
Start iteration 1:
Checking potential dangling/floating power plan wires.
Checking dangling/floating vias inside strategy pg_ring_strategy.
Checking 20 stacked vias:0% 10% 20% 30% 40% 50% 60% 70% 80% 90% 100%
Finish removing all dangling or floating wires and vias.
Commiting wires and vias.
Committing wires takes 0.00 seconds.
Committing vias takes 0.00 seconds.
Committed 16 wires.
Committed 60 vias.
Committed 0 wires for via creation.
Overall PG creation runtime: 0 seconds.
Successfully compiled PG.
Overall runtime: 0 seconds.
1
# ---- 7) 布局 / 时钟树 / 布线 ----
puts "== place_opt =="
== place_opt ==
place_opt
Information: Starting 'place_opt' (FLW-8000)
Information: Time: 2026-08-18 14:56:44 / Session:  00:00:17 / Command:  00:00:00 / CPU:  00:00:00 / Memory: 1801 MB (FLW-8100)
INFO: place_opt is running in balanced flow mode
Warning: Cannot find any max transition constraint on the design. (OPT-070)
INFO: Total Power Aware Optimization Enabled (Dynamic + Leakage)
Information: Corner default: no PVT mismatches. (PVT-032)
INFO: EarlyGR flow is not enabled.
.INFO: disable CRPR-based timing. 
Information: The stitching and editing of coupling caps is turned OFF for design 'mac16_ndm:mac16.design'. (TIM-125)
Warning: Technology layer 'RDL' setting 'routing-direction' is not valid (NEX-001)
Warning: Missing layer mapping for VIA. Please check layer mapping file. (NEX-045)
Information: Design Average RC for design mac16  (NEX-011)
Information: r = 0.922675 ohm/um, via_r = 0.000000 ohm/cut, c = 0.098401 ff/um, cc = 0.000000 ff/um (X dir) (NEX-017)
Information: r = 0.820126 ohm/um, via_r = 0.000000 ohm/cut, c = 0.102003 ff/um, cc = 0.000000 ff/um (Y dir) (NEX-017)
Number of Site types in the design = 1
Setting up Chip Core
Chip Core shape: (50000 50000) (1390000 1382000)
Number of VARs = 1
Number of unique PDs = 1
Number of Power Domains = 1
Number of Voltage Areas = 1
Number of supply Nets = 2
Number of used supplies = 0
Blocked VAs: 
INFO: Running power improvement flow (1)
Warning: Technology layer 'RDL' setting 'routing-direction' is not valid (NEX-001)
Warning: Technology layer 'RDL' setting 'routing-direction' is not valid (NEX-001)
Warning: Technology layer 'RDL' setting 'routing-direction' is not valid (NEX-001)
Warning: Technology layer 'RDL' setting 'routing-direction' is not valid (NEX-001)
Warning: Technology layer 'RDL' setting 'routing-direction' is not valid (NEX-001)
Warning: Technology layer 'RDL' setting 'routing-direction' is not valid (NEX-001)
Warning: Technology layer 'RDL' setting 'routing-direction' is not valid (NEX-001)
Warning: Technology layer 'RDL' setting 'routing-direction' is not valid (NEX-001)
Warning: Technology layer 'RDL' setting 'routing-direction' is not valid (NEX-001)
Warning: Technology layer 'RDL' setting 'routing-direction' is not valid (NEX-001)
Warning: Technology layer 'RDL' setting 'routing-direction' is not valid (NEX-001)
Warning: Technology layer 'RDL' setting 'routing-direction' is not valid (NEX-001)
Warning: Technology layer 'RDL' setting 'routing-direction' is not valid (NEX-001)
Warning: Technology layer 'RDL' setting 'routing-direction' is not valid (NEX-001)
Warning: Technology layer 'RDL' setting 'routing-direction' is not valid (NEX-001)
Warning: No clock routing rules were specified. Use set_clock_routing_rules to specify routing rules for accurate clock latency estimation. (OPT-902)
Warning: No clock routing rules were specified. Use set_clock_routing_rules to specify routing rules for accurate clock latency estimation. (OPT-902)
Information: Estimating clock gate latencies for scenario 'default'. (OPT-909)
Warning: Technology layer 'RDL' setting 'routing-direction' is not valid (NEX-001)

----------------------------------------------------------------------------------------------------------
Information: Starting place_opt / initial_place (FLW-8000)
Information: Time: 2026-08-18 14:56:46 / Session:  00:00:18 / Command:  00:00:01 / CPU:  00:00:00 / Memory: 1801 MB (FLW-8100)
----------------------------------------------------------------------------------------------------------


Information: Starting place_opt / initial_place / Initial Placement (FLW-8000)
Information: Time: 2026-08-18 14:56:46 / Session:  00:00:18 / Command:  00:00:01 / CPU:  00:00:00 / Memory: 1801 MB (FLW-8100)
Information: The RC mode used is VR for design 'mac16'. (NEX-022)
Information: Update timing completed net estimation for all the timing graph nets (TIM-111)
Information: Net estimation statistics: timing graph nets = 2699, routed nets = 0, across physical hierarchy nets = 0, parasitics cached nets = 0, delay annotated nets = 0, parasitics annotated nets = 0, multi-voltage nets = 0. (TIM-112)
************************************************************
Timer Settings:
Delay Calculation Style:                   auto
Signal Integrity Analysis:                 disabled
Timing Window Analysis:                    disabled
Advanced Waveform Propagation:             disabled
Variation Type:                            fixed_derate
Clock Reconvergence Pessimism Removal:     disabled
Advanced Receiver Model:                   disabled
LLE:                                       disabled
ML Acceleration:                           off
************************************************************
Running merge clock gates
************************************************************
* CTS STEP: Clock Gate Merging
************************************************************
Setting for clock gate merging......
Setting all modes active.
Information: CTS will work on the following scenarios. (CTS-101)
   default	(Mode: default; Corner: default)
Information: CTS will work on all clocks in active scenarios, including 1 master clocks and 0 generated clocks. (CTS-107)
Output units used in this log:
   Time        : 1.00ns
   Resistance  : 1.00kOhm
   Capacitance : 1.00pF
   Power       : 1.00nW
   Length      : 1.00um
Information: Clock derating is enabled

CTS related app options set by user:
   No CTS related app option is set.

Collecting ICGs in clock trees......

Searching for equivalent ICGs......
Warning: Cannot infer functionality of libcell 'ics55_LLSC_H9CR_typ_tt_1p2_25/POSTICGX0P5H9R' and will be excluded from sequential mapping. (SQM-1061)
Warning: Cannot infer functionality of libcell 'ics55_LLSC_H9CR_typ_tt_1p2_25/POSTICGX0P6H9R' and will be excluded from sequential mapping. (SQM-1061)
Warning: Cannot infer functionality of libcell 'ics55_LLSC_H9CR_typ_tt_1p2_25/POSTICGX0P7H9R' and will be excluded from sequential mapping. (SQM-1061)
Warning: Cannot infer functionality of libcell 'ics55_LLSC_H9CR_typ_tt_1p2_25/POSTICGX0P8H9R' and will be excluded from sequential mapping. (SQM-1061)
Warning: Cannot infer functionality of libcell 'ics55_LLSC_H9CR_typ_tt_1p2_25/POSTICGX11H9R' and will be excluded from sequential mapping. (SQM-1061)
Warning: Cannot infer functionality of libcell 'ics55_LLSC_H9CR_typ_tt_1p2_25/POSTICGX13H9R' and will be excluded from sequential mapping. (SQM-1061)
Warning: Cannot infer functionality of libcell 'ics55_LLSC_H9CR_typ_tt_1p2_25/POSTICGX1H9R' and will be excluded from sequential mapping. (SQM-1061)
Warning: Cannot infer functionality of libcell 'ics55_LLSC_H9CR_typ_tt_1p2_25/POSTICGX1P2H9R' and will be excluded from sequential mapping. (SQM-1061)
Warning: Cannot infer functionality of libcell 'ics55_LLSC_H9CR_typ_tt_1p2_25/POSTICGX1P4H9R' and will be excluded from sequential mapping. (SQM-1061)
Warning: Cannot infer functionality of libcell 'ics55_LLSC_H9CR_typ_tt_1p2_25/POSTICGX1P7H9R' and will be excluded from sequential mapping. (SQM-1061)

Merging equivalent ICGs......

Clearing settings of clock gate merging......
Clearing enable all modes setting.

Information: Total 0 ICGs are not considered in merging for reasons: don't touch - 0; fixed - 0; other reasons - 0. (CTS-124)
 - message 'CTS-125' limit is (10).

Information: Total 0 ICGs are unique in the design. (CTS-126)
 - message 'CTS-127' limit is (10).

************************************************************
* CTS STEP: Summary
************************************************************
merge_clock_gates Statistics: Total
    ICG                       0
    Merged                    0
    Survived                  0
    Removed                   0
    ICG at the end            0


Summary of messages during CTS:
===============================================================
  Tag   Count  Type           Description
---------------------------------------------------------------
 No error or warning message.
Number of Site types in the design = 1
Setting up Chip Core
Chip Core shape: (50000 50000) (1390000 1382000)
Number of VARs = 1
Number of unique PDs = 1
Number of Power Domains = 1
Number of Voltage Areas = 1
Number of supply Nets = 2
Number of used supplies = 0
Blocked VAs: 
INFO: sweep stats: 0 gates / 0 nets gobbled, 0 gates (0 seq) simplified
Running initial placement
----------------------------------------------------------------
running create_placement
Warning: Technology layer 'RDL' setting 'routing-direction' is not valid (NEX-001)
Warning: Technology layer 'RDL' setting 'routing-direction' is not valid (NEX-001)
Warning: Technology layer 'RDL' setting 'routing-direction' is not valid (NEX-001)
Warning: Technology layer 'RDL' setting 'routing-direction' is not valid (NEX-001)
Warning: Technology layer 'RDL' setting 'routing-direction' is not valid (NEX-001)
Warning: Technology layer 'RDL' setting 'routing-direction' is not valid (NEX-001)
Warning: Technology layer 'RDL' setting 'routing-direction' is not valid (NEX-001)
Warning: Technology layer 'RDL' setting 'routing-direction' is not valid (NEX-001)
Warning: Technology layer 'RDL' setting 'routing-direction' is not valid (NEX-001)
Warning: Technology layer 'RDL' setting 'routing-direction' is not valid (NEX-001)
Warning: Technology layer 'RDL' setting 'routing-direction' is not valid (NEX-001)
Warning: Technology layer 'RDL' setting 'routing-direction' is not valid (NEX-001)
Warning: Technology layer 'RDL' setting 'routing-direction' is not valid (NEX-001)
Warning: Technology layer 'RDL' setting 'routing-direction' is not valid (NEX-001)
Warning: Technology layer 'RDL' setting 'routing-direction' is not valid (NEX-001)
Warning: No clock routing rules were specified. Use set_clock_routing_rules to specify routing rules for accurate clock latency estimation. (OPT-902)
CGRW: permuting timing equivalent pins only
Corner Scaling is off, multiplier is 1.000000
Warning: Technology layer 'RDL' setting 'routing-direction' is not valid (NEX-001)
ORB: timingScenario default timingCorner default
INFO: Using corner default for worst leakage corner
Using default layer MET4
new cutoff lpd: 4.91218e-07
corner scaling: maxCornerId = 0
corner=default, tran factor=1.000000 (0.208726 / 0.208726)
ORB: Nominal = 0.0399576  Design MT = inf  Target = 0.2087259 (5.224 nominal)  MaxRC = 0.111780
ORB: Fast Target = 0.083561 ( 2.091 nominal )
ORB: stageDelay=0.10345, stageLength=4528989
nplLib: default vr hor dist = 906
nplLib: default vr ver dist = 906
nplLib: default vr buf size = 6
nplLib: default vr buf size = 2
Info: embedded eLpp will optimize for scenario default
Information: Activity propagation will be performed for scenario default.
Information: Doing activity propagation for mode 'default' and corner 'default' with effort level 'medium'. (POW-024)
Information: Timer-derived activity data is cached on scenario default (POW-052)
Information: Running switching activity propagation in scalar mode!

 **** Information : No. of simulation cycles = 7 ****
Info: e-eLpp used with low effort

Placement Options:
Effort:                        high_effort         
Timing Driven:                 true                
Buffering Aware Timing Driven: true                
Seed locs:                     false               
Incremental:                   false               
Congestion:                    false               
Fix Macros:                    true                
Place Macros:                  false               
Channel Size Macros:           false               


Start transferring placement data.
****** eLpp estimated wire length 
3.2091% of the net wire length are clock nets
25.0311% of the clock net wire length has no activity
Clock net wire length: 1.5253e+06
Total net wire length: 4.75305e+07
****** eLpp weights (no caps)
Number of nets: 2699, of which 2668 non-clock nets
Number of nets with 0 toggle rate: 793
Max toggle rate = 2, average toggle rate = 0.0065978
Max non-clock toggle rate = 0.314872
eLpp weight range = (0, 303.132)
*** 537 nets are filtered out
****** Net weight manager: report ******
Weights included: eLpp  PostEffort  
Number of nets with non-default weights: 2699
Amt power = 0.1
Non-default weight range: (0.9, 24)
Information: Automatic repeater spreading is enabled.
Restructuring in 31 hierarchies
CGRW: importing permutable pins & pairs, size 8 and above
Information: Automatic timing control is enabled.
checking app option clockgate_objective_weight : none
Information: Clock gate latency aware placement is enabled. (PLACE-085)
Warning: Technology layer 'RDL' setting 'routing-direction' is not valid (NEX-001)
Warning: Technology layer 'RDL' setting 'routing-direction' is not valid (NEX-001)
Warning: Technology layer 'RDL' setting 'routing-direction' is not valid (NEX-001)
Warning: Technology layer 'RDL' setting 'routing-direction' is not valid (NEX-001)
Warning: Technology layer 'RDL' setting 'routing-direction' is not valid (NEX-001)
Using worst RC corner 'default' for buffer aware analysis.
Warning: Technology layer 'RDL' setting 'routing-direction' is not valid (NEX-001)
Warning: Technology layer 'RDL' setting 'routing-direction' is not valid (NEX-001)
Warning: Technology layer 'RDL' setting 'routing-direction' is not valid (NEX-001)
DTDP placement: scenario=default
Warning: Technology layer 'RDL' setting 'routing-direction' is not valid (NEX-001)
Warning: Technology layer 'RDL' setting 'routing-direction' is not valid (NEX-001)
Warning: Technology layer 'RDL' setting 'routing-direction' is not valid (NEX-001)
Warning: Technology layer 'RDL' setting 'routing-direction' is not valid (NEX-001)
Factor(0) = 1
Factor(BASE) = 1
Warning: Technology layer 'RDL' setting 'routing-direction' is not valid (NEX-001)
Warning: Technology layer 'RDL' setting 'routing-direction' is not valid (NEX-001)
Warning: Technology layer 'RDL' setting 'routing-direction' is not valid (NEX-001)
Warning: Technology layer 'RDL' setting 'routing-direction' is not valid (NEX-001)
skew 0 name=clk included=1
Completed transferring placement data.
Running placement using 1 thread(s)
Information: Enhanced Auto Density Control is used. (PLACE-098)
Information: Enhanced auto density configuration is 13179.
Information: Automatic density control has selected the following settings: max_density 0.60, congestion_driven_max_util 0.87. (PLACE-027)
Information: HFW control 'on' invoked.
Creating placement from scratch.
coarse place 0% done.
Selected 602 sequential cells for slack balancing.
coarse place 10% done.
coarse place 20% done.
coarse place 30% done.
coarse place 40% done.
coarse place 50% done.
coarse place 60% done.
coarse place 70% done.
coarse place 80% done.
coarse place 90% done.
coarse place 100% done.
Information: Coarse placer weighted wire length estimate = 8.27082e+08
Information: Extraction observers are detached as design net change threshold is reached.
Stored 0 bounds for preserving balanced registers 
Information: The value of option cts.compile.enable_cell_relocation has been overridden to "leaf_only" to support latency-driven placement. (CTS-973)
Warning: Technology layer 'RDL' setting 'routing-direction' is not valid (NEX-001)
Warning: Technology layer 'RDL' setting 'routing-direction' is not valid (NEX-001)
Warning: Technology layer 'RDL' setting 'routing-direction' is not valid (NEX-001)
Warning: Technology layer 'RDL' setting 'routing-direction' is not valid (NEX-001)
Warning: Technology layer 'RDL' setting 'routing-direction' is not valid (NEX-001)
Warning: Technology layer 'RDL' setting 'routing-direction' is not valid (NEX-001)
Warning: Technology layer 'RDL' setting 'routing-direction' is not valid (NEX-001)
Warning: Technology layer 'RDL' setting 'routing-direction' is not valid (NEX-001)
Warning: Technology layer 'RDL' setting 'routing-direction' is not valid (NEX-001)
Warning: Technology layer 'RDL' setting 'routing-direction' is not valid (NEX-001)
Warning: Technology layer 'RDL' setting 'routing-direction' is not valid (NEX-001)
Warning: Technology layer 'RDL' setting 'routing-direction' is not valid (NEX-001)
Warning: Technology layer 'RDL' setting 'routing-direction' is not valid (NEX-001)
Warning: Technology layer 'RDL' setting 'routing-direction' is not valid (NEX-001)
Warning: Technology layer 'RDL' setting 'routing-direction' is not valid (NEX-001)
Warning: No clock routing rules were specified. Use set_clock_routing_rules to specify routing rules for accurate clock latency estimation. (OPT-902)
Warning: No clock routing rules were specified. Use set_clock_routing_rules to specify routing rules for accurate clock latency estimation. (OPT-902)
Information: Estimating clock gate latencies for scenario 'default'. (OPT-909)
Warning: Technology layer 'RDL' setting 'routing-direction' is not valid (NEX-001)
START_CMD: optimize_dft        CPU:     18 s ( 0.00 hr) ELAPSE:     29 s ( 0.01 hr) MEM-PEAK:  1801 Mb Tue Aug 18 14:56:56 2026
END_CMD: optimize_dft          CPU:     18 s ( 0.00 hr) ELAPSE:     29 s ( 0.01 hr) MEM-PEAK:  1801 Mb Tue Aug 18 14:56:56 2026
----------------------------------------------------------------
Information: Ending   place_opt / initial_place / Initial Placement (FLW-8001)
Information: Time: 2026-08-18 14:56:56 / Session:  00:00:28 / Command:  00:00:11 / CPU:  00:00:10 / Memory: 1801 MB (FLW-8100)


Information: Ending   place_opt / initial_place (FLW-8001)
Information: Time: 2026-08-18 14:56:56 / Session:  00:00:28 / Command:  00:00:11 / CPU:  00:00:10 / Memory: 1801 MB (FLW-8100)

----------------------------------------------------------------------------------------------------------
Information: Starting place_opt / initial_drc (FLW-8000)
Information: Time: 2026-08-18 14:56:56 / Session:  00:00:28 / Command:  00:00:11 / CPU:  00:00:10 / Memory: 1801 MB (FLW-8100)
----------------------------------------------------------------------------------------------------------


Information: Starting place_opt / initial_drc / High Fanout Synthesis (FLW-8000)
Information: Time: 2026-08-18 14:56:56 / Session:  00:00:28 / Command:  00:00:11 / CPU:  00:00:10 / Memory: 1801 MB (FLW-8100)
Information: The stitching and editing of coupling caps is turned OFF for design 'mac16_ndm:mac16.design'. (TIM-125)
Warning: Technology layer 'RDL' setting 'routing-direction' is not valid (NEX-001)
Information: Design Average RC for design mac16  (NEX-011)
Information: r = 0.918637 ohm/um, via_r = 0.000000 ohm/cut, c = 0.165102 ff/um, cc = 0.000000 ff/um (X dir) (NEX-017)
Information: r = 0.820126 ohm/um, via_r = 0.000000 ohm/cut, c = 0.175216 ff/um, cc = 0.000000 ff/um (Y dir) (NEX-017)
Information: The RC mode used is VR for design 'mac16'. (NEX-022)
Information: Update timing completed net estimation for all the timing graph nets (TIM-111)
Information: Net estimation statistics: timing graph nets = 2699, routed nets = 0, across physical hierarchy nets = 0, parasitics cached nets = 2699, delay annotated nets = 0, parasitics annotated nets = 0, multi-voltage nets = 0. (TIM-112)
Running initial HFS and DRC step.
Information: Initializing classic cellmap without advanced rules enabled and without PDC enabled
Information: The following app options are used in cellmap
        place.legalize.enable_color_aware_placement : false
        place.legalize.use_nll_query_cm : false
        place.legalize.enable_advanced_legalizer : false
        place.legalize.enable_prerouted_net_check : true
        place.legalize.enable_advanced_prerouted_net_check : false
        place.legalize.always_continue : true
        place.legalize.limit_legality_checks : false
        place.common.pnet_aware_density : 1.0000
        place.common.pnet_aware_min_width : 0.0000
        place.common.pnet_aware_layers : {}
        place.common.use_placement_model : false
        place.common.enable_advanced_placement_model : true
        cts.placement.cell_spacing_rule_style : maximum
Total 0.0240 seconds to build cellmap data
INFO: creating 16(r) x 16(c) GridCells YDim 9 XDim 9
INFO: number of GridCells (0x9d18f380): 256
INFO: creating 16(r) x 16(c) GridCells YDim 9 XDim 9
INFO: number of GridCells (0x9d18f380): 256
Total 0.0144 seconds to load 2565 cell instances into cellmap, 2565 cells are off site row
Moveable cells: 2565; Application fixed cells: 0; Macro cells: 0; User fixed cells: 0
Average cell width 2.4912, cell height 1.8000, cell area 4.4841 for total 2565 placed and application fixed cells
Information: Current block utilization is '0.64440', effective utilization is '0.64439'. (OPT-055)

    Scenario default  WNS = 1.438815, TNS = 674.544192, NVP = 759

     ELAPSED  WORST NEG TOTAL NEG              MAX       MAX     BUFFER    INVERTER   LVTH      LVTH      PEAK   
      TIME      SLACK     SLACK     AREA    TRAN COST CAP COST    COUNT     COUNT     COUNT    PERCENT   MEMORY  
    --------- --------- --------- --------- --------- --------- --------- --------- --------- --------- ---------
      0:00:28     1.439   674.544 11501.640     0.027     0.012        70       205         0     0.000      1801 

Warning: Technology layer 'RDL' setting 'routing-direction' is not valid (NEX-001)
APSINFO: No multi-Vth libcells found, turning off percentage LVT optimization flow
APS-CHARZ: Performing leakage analysis
START_FUNC: psynopt_delay_opto CPU:     21 s ( 0.01 hr) ELAPSE:     32 s ( 0.01 hr) MEM-PEAK:  1801 Mb Tue Aug 18 14:56:59 2026

    Processing cells .....10%.....20%.....30%.....40%.....50%.....60%.....70%.....80%.....90%.....100%
INFO: sweep stats: 0 gates / 535 nets gobbled, 0 gates (0 seq) simplified
Information: The value of option cts.compile.enable_cell_relocation has been overridden to "leaf_only" to support latency-driven placement. (CTS-973)
Isolated 0 ports, skipped 0 ports
Already Isolated 0 ports, Deleted 0 existing Isolation cells 

    Processing cells .....10%.....20%.....30%.....40%.....50%.....60%.....70%.....80%.....90%.....100%

    Scenario default  WNS = 1.438815, TNS = 674.544192, NVP = 759

     ELAPSED  WORST NEG TOTAL NEG              MAX       MAX     BUFFER    INVERTER   LVTH      LVTH      PEAK   
      TIME      SLACK     SLACK     AREA    TRAN COST CAP COST    COUNT     COUNT     COUNT    PERCENT   MEMORY  
    --------- --------- --------- --------- --------- --------- --------- --------- --------- --------- ---------
      0:00:31     1.439   674.544 11501.640     0.027     0.012        70       205         0     0.000      1801 

END_FUNC: psynopt_delay_opto   CPU:     21 s ( 0.01 hr) ELAPSE:     32 s ( 0.01 hr) MEM-PEAK:  1801 Mb Tue Aug 18 14:56:59 2026
min assign layer = T4M2
Corner Scaling is off, multiplier is 1.000000

    Scenario default  WNS = 1.438815, TNS = 674.544192, NVP = 759
    Scenario default  WNHS = 0.000000, TNHS = 0.000000, NHVP = 0

     ELAPSED  WORST NEG TOTAL NEG              MAX       MAX     BUFFER    INVERTER   LVTH      LVTH      PEAK     MIN DELAY 
      TIME      SLACK     SLACK     AREA    TRAN COST CAP COST    COUNT     COUNT     COUNT    PERCENT   MEMORY       COST   
    --------- --------- --------- --------- --------- --------- --------- --------- --------- --------- --------- -----------
      0:00:31     1.439   674.544 11501.640     0.027     0.012        70       205         0     0.000      1801     0.030

Zbuf-HFS: gathering all scenarios
orb constraints: using power mt scenarios
Warning: Technology layer 'RDL' setting 'routing-direction' is not valid (NEX-001)
ORB: timingScenario default timingCorner default
INFO: Using corner default for worst leakage corner
Using default layer MET4
new cutoff lpd: 4.91218e-07
corner scaling: maxCornerId = 0
corner=default, tran factor=1.000000 (0.208726 / 0.208726)
ORB: Nominal = 0.0399576  Design MT = inf  Target = 0.2087259 (5.224 nominal)  MaxRC = 0.111780
ORB: Fast Target = 0.083561 ( 2.091 nominal )
ORB: stageDelay=0.10345, stageLength=4528989
Collecting Drivers ...  
Design max_transition = inf
Design max_capacitance = inf
GRE layer bins: None, MET2
WINFO: 2699 None; 0 MET2; 0 Total
Warning: The routing direction of layer RDL is not defined.
Running clock data isolation flow.
Information: The value of option cts.compile.enable_cell_relocation has been overridden to "leaf_only" to support latency-driven placement. (CTS-973)
Found 0 buffer-tree drivers
No violators found
Running tristate isolation flow.
TSI: added 0 repeaters
Running mv isolation flow.
Found 0 buffer-tree drivers
No violators found
Warning: Port out_ready does not have valid locaiton, buffer-tree root u_mac16_top/u_out/out_ready_reg/Q skipped
Warning: Port sum_out does not have valid locaiton, buffer-tree root u_mac16_top/u_out/serial_out_reg/Q skipped
Warning: Port carry does not have valid locaiton, buffer-tree root u_mac16_top/u_mac/carry_reg/Q skipped
Warning: Buffer-tree root rst_n skipped, because it has no valid location
Warning: Buffer-tree root inB skipped, because it has no valid location
Warning: Buffer-tree root in_ready skipped, because it has no valid location
Warning: Buffer-tree root mode skipped, because it has no valid location
Warning: Buffer-tree root inA skipped, because it has no valid location
Found 1 buffer-tree drivers

Roi-HfsDrc SN: 1798569713 435980330 0 1 (951.479492)

Processing Buffer Trees  (ROI) ... 

    [1]  10% ...
    [1] 100% Done

                  Deleted        Added
------------ ------------ ------------
    Buffers:           47           12
  Inverters:            3           27
------------ ------------ ------------
      Total:           50           39
------------ ------------ ------------

Number of Drivers Sized: 1 [100.00%]

                      P: 1 [100.00%]
                      N: 0 [0.00%]

WINFO: 2688 None; 0 MET2; 0 Total
Zbuf-RUNTIME (Hr:Min:Sec)  CPU 0 hr : 0 min : 0.63 sec ELAPSE 0 hr : 0 min : 0.67 sec
Zbuf-RUNTIME         (Min) CPU 0 min ELAPSE 0 min
ZBuf-MEM(max-mem) total 1844348 K / inuse 739892 K
Information: The net parasitics of block mac16 are cleared. (TIM-123)
Information: The stitching and editing of coupling caps is turned OFF for design 'mac16_ndm:mac16.design'. (TIM-125)
Warning: Technology layer 'RDL' setting 'routing-direction' is not valid (NEX-001)
Information: Design Average RC for design mac16  (NEX-011)
Information: r = 0.918568 ohm/um, via_r = 0.000000 ohm/cut, c = 0.163363 ff/um, cc = 0.000000 ff/um (X dir) (NEX-017)
Information: r = 0.820126 ohm/um, via_r = 0.000000 ohm/cut, c = 0.173184 ff/um, cc = 0.000000 ff/um (Y dir) (NEX-017)
Information: The RC mode used is VR for design 'mac16'. (NEX-022)
Information: Update timing completed net estimation for all the timing graph nets (TIM-111)
Information: Net estimation statistics: timing graph nets = 2688, routed nets = 0, across physical hierarchy nets = 0, parasitics cached nets = 2688, delay annotated nets = 0, parasitics annotated nets = 0, multi-voltage nets = 0. (TIM-112)

    Scenario default  WNS = 0.183182, TNS = 0.664950, NVP = 10

     ELAPSED  WORST NEG TOTAL NEG              MAX       MAX     BUFFER    INVERTER   LVTH      LVTH      PEAK   
      TIME      SLACK     SLACK     AREA    TRAN COST CAP COST    COUNT     COUNT     COUNT    PERCENT   MEMORY  
    --------- --------- --------- --------- --------- --------- --------- --------- --------- --------- ---------
      0:00:32     0.183     0.665 11644.200     0.000     0.000        35       229         0     0.000      1801 


    Scenario default  WNS = 0.183182, TNS = 0.664950, NVP = 10

     ELAPSED  WORST NEG TOTAL NEG              MAX       MAX     BUFFER    INVERTER   LVTH      LVTH      PEAK   
      TIME      SLACK     SLACK     AREA    TRAN COST CAP COST    COUNT     COUNT     COUNT    PERCENT   MEMORY  
    --------- --------- --------- --------- --------- --------- --------- --------- --------- --------- ---------
      0:00:32     0.183     0.665 11644.200     0.000     0.000        35       229         0     0.000      1801 

Warning: Technology layer 'RDL' setting 'routing-direction' is not valid (NEX-001)
Information: Ending   place_opt / initial_drc / High Fanout Synthesis (FLW-8001)
Information: Time: 2026-08-18 14:57:00 / Session:  00:00:32 / Command:  00:00:15 / CPU:  00:00:13 / Memory: 1801 MB (FLW-8100)


Information: Ending   place_opt / initial_drc (FLW-8001)
Information: Time: 2026-08-18 14:57:00 / Session:  00:00:32 / Command:  00:00:15 / CPU:  00:00:13 / Memory: 1801 MB (FLW-8100)

----------------------------------------------------------------------------------------------------------
Information: Starting place_opt / initial_opto (FLW-8000)
Information: Time: 2026-08-18 14:57:00 / Session:  00:00:32 / Command:  00:00:15 / CPU:  00:00:13 / Memory: 1801 MB (FLW-8100)
----------------------------------------------------------------------------------------------------------


Information: Starting place_opt / initial_opto / Optimization (FLW-8000)
Information: Time: 2026-08-18 14:57:00 / Session:  00:00:32 / Command:  00:00:15 / CPU:  00:00:13 / Memory: 1801 MB (FLW-8100)

Information: The net parasitics of block mac16 are cleared. (TIM-123)
Information: The stitching and editing of coupling caps is turned OFF for design 'mac16_ndm:mac16.design'. (TIM-125)
Warning: Technology layer 'RDL' setting 'routing-direction' is not valid (NEX-001)
Information: Design Average RC for design mac16  (NEX-011)
Information: r = 0.918568 ohm/um, via_r = 0.000000 ohm/cut, c = 0.163363 ff/um, cc = 0.000000 ff/um (X dir) (NEX-017)
Information: r = 0.820126 ohm/um, via_r = 0.000000 ohm/cut, c = 0.173184 ff/um, cc = 0.000000 ff/um (Y dir) (NEX-017)
Number of Site types in the design = 1
Setting up Chip Core
Chip Core shape: (50000 50000) (1390000 1382000)
Number of VARs = 1
Number of unique PDs = 1
Number of Power Domains = 1
Number of Voltage Areas = 1
Number of supply Nets = 2
Number of used supplies = 0
Blocked VAs: 
Information: The RC mode used is VR for design 'mac16'. (NEX-022)
Information: Update timing completed net estimation for all the timing graph nets (TIM-111)
Information: Net estimation statistics: timing graph nets = 2688, routed nets = 0, across physical hierarchy nets = 0, parasitics cached nets = 2688, delay annotated nets = 0, parasitics annotated nets = 0, multi-voltage nets = 0. (TIM-112)

    Scenario default  WNS = 0.183085, TNS = 0.663841, NVP = 10

     ELAPSED  WORST NEG TOTAL NEG              MAX       MAX     BUFFER    INVERTER   LVTH      LVTH      PEAK   
      TIME      SLACK     SLACK     AREA    TRAN COST CAP COST    COUNT     COUNT     COUNT    PERCENT   MEMORY  
    --------- --------- --------- --------- --------- --------- --------- --------- --------- --------- ---------
      0:00:32     0.183     0.664 11644.200     0.000     0.000        35       229         0     0.000      1801 

Running initial optimization step.
Place-opt command begin                   CPU:    19 s (  0.01 hr )  ELAPSE:    33 s (  0.01 hr )  MEM-PEAK:  1801 MB
Warning: Cannot find any max transition constraint on the design. (OPT-070)
Info: update em.

Place-opt timing update complete          CPU:    19 s (  0.01 hr )  ELAPSE:    33 s (  0.01 hr )  MEM-PEAK:  1801 MB
INFO: Propagating Switching Activities
Information: Activity propagation will be performed for scenario default.
Information: Doing activity propagation for mode 'default' and corner 'default' with effort level 'medium'. (POW-024)
Information: Timer-derived activity data is cached on scenario default (POW-052)
Information: Running switching activity propagation in scalar mode!

 **** Information : No. of simulation cycles = 7 ****
INFO: Switching Activity propagation took     0.00023 sec
INFO: Propagating Switching Activity for all power flows 

Place-opt initial QoR
_____________________
Scenario Mapping Table
1: default

Pathgroup Mapping Table
1: **default**
2: **async_default**
3: **clock_gating_default**
4: **in2reg_default**
5: **reg2out_default**
6: **in2out_default**
7: core_clk

-------------------------------------------------------------------------------------------------------------------------------------------------------------
PATHGROUP QOR 
-------------------------------------------------------------------------------------------------------------------------------------------------------------
Scene  PG      WNS        TNS    NSV      WHV        THV    NHV
    1   1   0.0000     0.0000      0        -          -      -
    1   2   0.0000     0.0000      0        -          -      -
    1   3   0.0000     0.0000      0        -          -      -
    1   4   0.0000     0.0000      0        -          -      -
    1   5   0.0000     0.0000      0        -          -      -
    1   6   0.0000     0.0000      0        -          -      -
    1   7   0.1831     0.6638     10        -          -      -
----------------------------------------------------------------------------------------------------------------------------------------------------------------------
SCENARIO QOR 
----------------------------------------------------------------------------------------------------------------------------------------------------------------------
Scene  PG      WNS        TNS   R2RTNS    NSV      WHV        THV    NHV  MaxTrnV   MaxTranC  MaxCapV    Leakage
    1   *   0.1831     0.6638   0.6638     10        -          -      -        0     0.0000        0    698.545
----------------------------------------------------------------------------------------------------------------------------------------------------------------------
DESIGN QOR 
----------------------------------------------------------------------------------------------------------------------------------------------------------------------
Scene  PG      WNS        TNS   R2RTNS    NSV      WHV        THV    NHV  MaxTrnV   MaxTranC  MaxCapV    Leakage         Area    InstCnt     BufCnt     InvCnt
    *   *   0.1831     0.6638   0.6638     10   0.0000     0.0000      0        0     0.0000        0    698.545     11644.20       2554         35        229
----------------------------------------------------------------------------------------------------------------------------------------------------------------------

Place-opt initial QoR Summary       WNS        TNS   R2RTNS    NSV      WHV        THV    NHV  MaxTrnV  MaxCapV    Leakage         Area    InstCnt
Place-opt initial QoR Summary    0.1831     0.6638   0.6638     10   0.0000     0.0000      0        0        0    698.545     11644.20       2554
Information: The netlist change observers are disabled for incremental extraction. (TIM-126)
INFO: using 1 threads
Warning: Technology layer 'RDL' setting 'routing-direction' is not valid (NEX-001)
Place-opt initialization complete         CPU:    22 s (  0.01 hr )  ELAPSE:    36 s (  0.01 hr )  MEM-PEAK:  1801 MB
Place-opt optimization summary            SETUP-COST    R2R-COST HOLD-COST LDRC-COST          AREA     LEAKAGE     INSTCNT            ELAPSE       MEM
Warning: Cannot find any max transition constraint on the design. (OPT-070)
Information: The netlist change observers are enabled for incremental extraction. (TIM-127)
Warning: Technology layer 'RDL' setting 'routing-direction' is not valid (NEX-001)

Place-opt optimization Phase 15 Iter  1         0.66        0.66      0.00         0      11644.20      698.54        2554              0.01      1801

Information: Initializing classic cellmap without advanced rules enabled and without PDC enabled
Information: The following app options are used in cellmap
        place.legalize.enable_color_aware_placement : false
        place.legalize.use_nll_query_cm : false
        place.legalize.enable_advanced_legalizer : false
        place.legalize.enable_prerouted_net_check : true
        place.legalize.enable_advanced_prerouted_net_check : false
        place.legalize.always_continue : true
        place.legalize.limit_legality_checks : false
        place.common.pnet_aware_density : 1.0000
        place.common.pnet_aware_min_width : 0.0000
        place.common.pnet_aware_layers : {}
        place.common.use_placement_model : false
        place.common.enable_advanced_placement_model : true
        cts.placement.cell_spacing_rule_style : maximum
Total 0.0123 seconds to build cellmap data
INFO: creating 27(r) x 27(c) GridCells YDim 5.4 XDim 5.4
INFO: number of GridCells (0xa106e700): 729
INFO: creating 27(r) x 27(c) GridCells YDim 5.4 XDim 5.4
INFO: number of GridCells (0xa106e700): 729
Total 0.0131 seconds to load 2554 cell instances into cellmap, 2515 cells are off site row
Moveable cells: 2554; Application fixed cells: 0; Macro cells: 0; User fixed cells: 0
Average cell width 2.5329, cell height 1.8000, cell area 4.5592 for total 2554 placed and application fixed cells
Place-opt optimization Phase 16 Iter  1         0.66        0.66      0.00         0      11644.20      698.54        2554              0.01      1801

Place-opt optimization Phase 17 Iter  1         0.66        0.66      0.00         0      11644.20      698.54        2554              0.01      1801

Place-opt optimization Phase 18 Iter  1         0.66        0.66      0.00         0      11285.64      615.37        2554              0.01      1801
INFO: New Levelizer turned on
Place-opt optimization Phase 18 Iter  2         0.66        0.66      0.00         0      11285.64      615.37        2554              0.01      1801
Place-opt optimization Phase 18 Iter  3         0.66        0.66      0.00         0      11285.64      615.37        2554              0.01      1801

CCL: Total Usage Adjustment : 1
Calling route_global to generate congestion map
Multi-thread GR for layer opto ...
Start Global Route ... 
[Init] Elapsed real time: 0:00:00 
[Init] Elapsed cpu  time: sys=0:00:00 usr=0:00:00 total=0:00:00
[Init] Stage (MB): Used    0  Alloctr    0  Proc    0 
[Init] Total (MB): Used    7  Alloctr    7  Proc 7059 
Printing options for 'route.common.*'
common.advance_node_timing_driven_mode                  :	 false               
common.allow_pg_as_shield                               :	 true                
common.check_shield                                     :	 true                
common.clock_net_max_layer_mode                         :	 unknown             
common.clock_net_min_layer_mode                         :	 unknown             
common.clock_topology                                   :	 normal              
common.color_based_dpt_flow                             :	 false               
common.comb_distance                                    :	 2                   
common.concurrent_redundant_via_effort_level            :	 low                 
common.concurrent_redundant_via_mode                    :	 off                 
common.connect_floating_shapes                          :	 false               
common.connect_within_pins_by_layer_name                :	                     
common.create_nets_for_floating_pins_pattern_must_join_via_ladder:	 false               
common.debug_read_patterned_metal_shapes                :	 true                
common.eco_fix_drc_in_changed_area_only                 :	 false               
common.eco_route_concurrent_redundant_via_effort_level  :	 low                 
common.eco_route_concurrent_redundant_via_mode          :	 off                 
common.eco_route_fix_existing_drc                       :	 true                
common.enable_explicit_cut_metal_generation             :	 false               
common.enable_multi_thread                              :	 true                
common.extra_nonpreferred_direction_wire_cost_multiplier_by_layer_name:	                     
common.extra_preferred_direction_wire_cost_multiplier_by_layer_name:	                     
common.extra_via_cost_multiplier_by_layer_name          :	                     
common.extra_via_off_grid_cost_multiplier_by_layer_name :	                     
common.filter_redundant_via_mapping                     :	 true                
common.focus_scenario                                   :	 none                
common.forbid_new_metal_by_layer_name                   :	                     
common.freeze_layer_by_layer_name                       :	                     
common.freeze_via_to_frozen_layer_by_layer_name         :	                     
common.global_backside_max_layer_mode                   :	 soft                
common.global_backside_min_layer_mode                   :	 soft                
common.global_max_layer_mode                            :	 soft                
common.global_min_layer_mode                            :	 soft                
common.high_resistance_flow                             :	 true                
common.ignore_var_spacing_to_blockage                   :	 false               
common.ignore_var_spacing_to_pg                         :	 false               
common.ignore_var_spacing_to_shield                     :	 true                
common.mark_clock_nets_minor_change                     :	 true                
common.min_edge_offset_for_macro_pin_connection_by_layer_name:	                     
common.min_edge_offset_for_top_level_pin_connection_by_layer_name:	                     
common.min_max_layer_distance_threshold                 :	 0                   
common.min_shield_length_by_layer_name                  :	                     
common.ndr_by_delta_voltage                             :	 false               
common.net_max_layer_mode                               :	 hard                
common.net_max_layer_mode_soft_cost                     :	 medium              
common.net_min_layer_mode                               :	 soft                
common.net_min_layer_mode_soft_cost                     :	 medium              
common.number_of_secondary_pg_pin_connections           :	 0                   
common.number_of_vias_over_global_backside_max_layer    :	 1                   
common.number_of_vias_over_global_max_layer             :	 1                   
common.number_of_vias_over_net_max_layer                :	 1                   
common.number_of_vias_under_global_backside_min_layer   :	 1                   
common.number_of_vias_under_global_min_layer            :	 1                   
common.number_of_vias_under_net_min_layer               :	 1                   
common.pg_shield_distance_threshold                     :	 0                   
common.post_detail_route_fix_soft_violations            :	 false               
common.post_detail_route_redundant_via_insertion        :	 off                 
common.post_eco_route_fix_soft_violations               :	 false               
common.post_group_route_fix_soft_violations             :	 false               
common.post_incremental_detail_route_fix_soft_violations:	 false               
common.rc_driven_setup_effort_level                     :	 medium              
common.redundant_via_exclude_weight_group_by_layer_name :	                     
common.redundant_via_include_weight_group_by_layer_name :	                     
common.relax_soft_spacing_outside_min_max_layer         :	 true                
common.reroute_clock_shapes                             :	 false               
common.reroute_user_shapes                              :	 false               
common.reshield_modified_nets                           :	 off                 
common.rotate_default_vias                              :	 true                
common.route_soft_rule_effort_level                     :	 medium              
common.route_top_boundary_mode                          :	 stay_inside         
common.routing_rule_effort_level                        :	                     
common.separate_tie_off_from_secondary_pg               :	 false               
common.shielding_nets                                   :	                     
common.single_connection_to_pins                        :	 off                 
common.soft_rule_weight_to_effort_level_map             :	 {low low} {medium medium} {high high}
common.threshold_noise_ratio                            :	 0.35                
common.tie_off_mode                                     :	 all                 
common.track_auto_fill                                  :	 true                
common.treat_all_cover_cells_as_lib_cells_for_routing   :	 false               
common.treat_via_array_as_big_via                       :	 false               
common.verbose_level                                    :	 1                   
common.via_array_mode                                   :	 all                 
common.via_ladder_top_layer_overrides_net_min_layer     :	 false               
common.via_on_grid_by_layer_name                        :	                     
common.wide_macro_pin_as_fat_wire                       :	 false               
common.wire_on_grid_by_layer_name                       :	                     
common.write_instance_via_color                         :	 false               

Printing options for 'route.global.*'
global.coarse_grid_refinement                           :	 true                
global.connect_pins_outside_routing_corridor            :	 true                
global.crosstalk_driven                                 :	 false               
global.custom_track_modeling_enhancement                :	 false               
global.deterministic                                    :	 on                  
global.double_pattern_utilization_by_layer_name         :	                     
global.eco_honor_target_dly                             :	 false               
global.effort_level                                     :	 medium              
global.enable_gr_graph_lock                             :	 true                
global.exclude_blocked_gcells_from_congestion_report    :	 false               
global.export_soft_congestion_maps                      :	 false               
global.extra_blocked_layer_utilization_reduction        :	 0                   
global.force_earlygr_flow                               :	 auto                
global.force_full_effort                                :	 false               
global.force_rerun_after_global_route_opt               :	 false               
global.insert_gr_via_ladders                            :	 false               
global.interactive_multithread_mode                     :	 true                
global.macro_area_iterations                            :	 0                   
global.macro_area_track_utilization                     :	 0                   
global.macro_boundary_track_utilization                 :	 100                 
global.macro_boundary_width                             :	 5                   
global.macro_corner_track_utilization                   :	 100                 
global.net_type_based_blockage_boundary_gcell_enhancement:	 false               
global.report_congestion_enable_cell_snapping           :	 false               
global.timing_driven                                    :	 false               
global.timing_driven_effort_level                       :	 high                
global.via_cut_modeling                                 :	 false               
global.voltage_area_corner_track_utilization            :	 100                 

Begin global routing.
Message ZRT-030 is limited to 10 by default. Use set_message_info to see more messages of this type.
Message ZRT-539 is limited to 10 by default. Use set_message_info to see more messages of this type.
Message ZRT-780 is limited to 10 by default. Use set_message_info to see more messages of this type.
Warning: Layer RDL does not have a preferred direction, assigning to horizontal. (ZRT-025)
Successfully added cut lay VIA1
Successfully added cut lay VIA2
Successfully added cut lay VIA3
Successfully added cut lay VIA4
Successfully added cut lay T4V2
Successfully added cut lay RV
Cell Min-Routing-Layer = MET1
Cell Max-Routing-Layer = T4M2
Turn off antenna since no rule is specified
Information: Option route.detail.force_end_on_preferred_grid will be ignored since none of the layers have preferred grid. (ZRT-703)
track auto-fill added 2 tracks on MET1
track auto-fill added 0 tracks on MET2
track auto-fill added 0 tracks on MET3
track auto-fill added 0 tracks on MET4
track auto-fill added 0 tracks on MET5
track auto-fill added 1 tracks on T4M2
track auto-fill added 1 tracks on RDL
Found 0 pin access route guide groups.
Warning: Port mode of cell mac16
        is unplaced.  This may impact routing result. (ZRT-740)
Warning: Port inA of cell mac16
        is unplaced.  This may impact routing result. (ZRT-740)
Warning: Port inB of cell mac16
        is unplaced.  This may impact routing result. (ZRT-740)
Warning: Port in_ready of cell mac16
        is unplaced.  This may impact routing result. (ZRT-740)
Warning: Port clk of cell mac16
        is unplaced.  This may impact routing result. (ZRT-740)
Warning: Port rst_n of cell mac16
        is unplaced.  This may impact routing result. (ZRT-740)
Warning: Port sum_out of cell mac16
        is unplaced.  This may impact routing result. (ZRT-740)
Warning: Port carry of cell mac16
        is unplaced.  This may impact routing result. (ZRT-740)
Warning: Port out_ready of cell mac16
        is unplaced.  This may impact routing result. (ZRT-740)
Warning: Port VDD of cell mac16
        is unplaced.  This may impact routing result. (ZRT-740)
Warning: Port VSS of cell mac16
        is unplaced.  This may impact routing result. (ZRT-740)
Warning: Ignore 11 top cell ports with no pins. (ZRT-027)
Info: number of net_type_blockage: 0 
Information: Via ladder engine would be activated for pattern must join connection in certain commands. Please refer to man-page for the command list. (ZRT-619)
Wire on layer (MET2) needs more than one tracks
Via on layer (VIA1) needs more than one tracks
Via on layer (VIA2) needs more than one tracks
Warning: Layer MET2 default pitch 0.200 may be too small to handle up/down via. Note, that minimum requirements are "wire/via-down 0.215" & "wire/via-up 0.225". (ZRT-026)
Wire on layer (MET4) needs more than one tracks
Via on layer (VIA3) needs more than one tracks
Via on layer (VIA4) needs more than one tracks
Warning: Layer MET4 default pitch 0.200 may be too small to handle up/down via. Note, that minimum requirements are "wire/via-down 0.215" & "wire/via-up 0.225". (ZRT-026)
Via on layer (T4V2) needs more than one tracks
Warning: Layer MET5 default pitch 0.200 may be too small to handle up/down via. Note, that minimum requirements are "wire/via-down 0.200" & "wire/via-up 0.380". (ZRT-026)
Via on layer (RV) needs more than one tracks
Warning: Layer T4M2 default pitch 0.800 may be too small to handle up/down via. Note, that minimum requirements are "wire/via-down 0.800" & "wire/via-up 3.600". (ZRT-026)
Via on layer (RV) needs more than one tracks
Warning: Layer RDL default pitch 5.000 may be too small to handle up/down via. Note, that minimum requirements are "wire/via-down 6.500" & "wire/via-up 5.000". (ZRT-026)
Transition layer name: MET2(1)
Transition layer name: MET4(3)
Information: When applicable Min-max layer allow_pin_connection mode will allow paths of length 2.97 outside the layer range. (ZRT-707)
Information: When applicable Min-max layer allow_pin_connection mode will allow paths of length 2.97 outside the layer range on clock nets. (ZRT-718)
Information: When applicable layer based tapering will taper up to 0.00 in distance from the pin. (ZRT-706)
Warning: Cell U2501 is placed overlapping with other cells at {{34.971 6.676} {36.771 8.476}}. (ZRT-763)
Warning: Cell u_mac16_top/u_out/shift_reg_reg[19] is placed overlapping with other cells at {{95.650 6.657} {100.450 8.457}}. (ZRT-763)
Warning: Cell U2744 is placed overlapping with other cells at {{10.711 84.083} {15.111 85.883}}. (ZRT-763)
Warning: Cell U1302 is placed overlapping with other cells at {{122.463 84.250} {123.263 86.050}}. (ZRT-763)
Total number of nets = 2690, of which 0 are not extracted
Total number of open nets = 2678, of which 0 are frozen
[DBIn Done] Elapsed real time: 0:00:00 
[DBIn Done] Elapsed cpu  time: sys=0:00:00 usr=0:00:00 total=0:00:00
[DBIn Done] Stage (MB): Used   14  Alloctr   14  Proc    0 
[DBIn Done] Total (MB): Used   25  Alloctr   25  Proc 7059 
Current Stage stats:
[End of Read DB] Elapsed real time: 0:00:00 
[End of Read DB] Elapsed cpu  time: sys=0:00:00 usr=0:00:00 total=0:00:00
[End of Read DB] Stage (MB): Used   17  Alloctr   17  Proc    0 
[End of Read DB] Total (MB): Used   24  Alloctr   25  Proc 7059 
Constructing data structure ...
Design statistics:
Design Bounding Box (0.00um,0.00um,144.00um,143.20um)
Number of routing layers = 7
layer MET1, dir Hor, min width = 0.09um, min space = 0.09um pitch = 0.18um
layer MET2, dir Ver, min width = 0.1um, min space = 0.1um pitch = 0.2um
layer MET3, dir Hor, min width = 0.1um, min space = 0.1um pitch = 0.2um
layer MET4, dir Ver, min width = 0.1um, min space = 0.1um pitch = 0.2um
layer MET5, dir Hor, min width = 0.1um, min space = 0.1um pitch = 0.2um
layer T4M2, dir Ver, min width = 0.4um, min space = 0.4um pitch = 0.8um
layer RDL, dir Hor, min width = 3um, min space = 2um pitch = 5um
Current Stage stats:
[End of Build Tech Data] Elapsed real time: 0:00:00 
[End of Build Tech Data] Elapsed cpu  time: sys=0:00:00 usr=0:00:00 total=0:00:00
[End of Build Tech Data] Stage (MB): Used    0  Alloctr    0  Proc    0 
[End of Build Tech Data] Total (MB): Used   25  Alloctr   25  Proc 7059 
Net statistics:
Total number of nets     = 2690
Number of nets to route  = 2678
Number of single or zero port nets = 2
10 nets are fully connected,
 of which 10 are detail routed and 0 are global routed.
Net length statistics: 
Net Count(Ignore Fully Rted) 2678, Total Half Perimeter Wire Length (HPWL) 44299 microns
HPWL   0 ~   50 microns: Net Count     2473	Total HPWL        29908 microns
HPWL  50 ~  100 microns: Net Count      189	Total HPWL        12367 microns
HPWL 100 ~  200 microns: Net Count       16	Total HPWL         2023 microns
HPWL 200 ~  300 microns: Net Count        0	Total HPWL            0 microns
HPWL 300 ~  400 microns: Net Count        0	Total HPWL            0 microns
HPWL 400 ~  500 microns: Net Count        0	Total HPWL            0 microns
HPWL 500 ~  600 microns: Net Count        0	Total HPWL            0 microns
HPWL 600 ~  700 microns: Net Count        0	Total HPWL            0 microns
HPWL 700 ~  800 microns: Net Count        0	Total HPWL            0 microns
HPWL 800 ~  900 microns: Net Count        0	Total HPWL            0 microns
HPWL 900 ~ 1000 microns: Net Count        0	Total HPWL            0 microns
HPWL     > 1000 microns: Net Count        0	Total HPWL            0 microns
Current Stage stats:
[End of Build All Nets] Elapsed real time: 0:00:00 
[End of Build All Nets] Elapsed cpu  time: sys=0:00:00 usr=0:00:00 total=0:00:00
[End of Build All Nets] Stage (MB): Used    1  Alloctr    1  Proc    0 
[End of Build All Nets] Total (MB): Used   27  Alloctr   27  Proc 7059 
Number of partitions: 1 (1 x 1)
Size of partitions: 80 gCells x 80 gCells
Average gCell capacity  2.26	 on layer (1)	 MET1
Average gCell capacity  8.99	 on layer (2)	 MET2
Average gCell capacity  8.38	 on layer (3)	 MET3
Average gCell capacity  8.97	 on layer (4)	 MET4
Average gCell capacity  8.91	 on layer (5)	 MET5
Average gCell capacity  2.06	 on layer (6)	 T4M2
Average gCell capacity  0.34	 on layer (7)	 RDL
Average number of tracks per gCell 9.95	 on layer (1)	 MET1
Average number of tracks per gCell 9.01	 on layer (2)	 MET2
Average number of tracks per gCell 8.96	 on layer (3)	 MET3
Average number of tracks per gCell 9.01	 on layer (4)	 MET4
Average number of tracks per gCell 8.96	 on layer (5)	 MET5
Average number of tracks per gCell 2.25	 on layer (6)	 T4M2
Average number of tracks per gCell 0.36	 on layer (7)	 RDL
Number of gCells = 44800
Current Stage stats:
[End of Build Congestion Map] Elapsed real time: 0:00:00 
[End of Build Congestion Map] Elapsed cpu  time: sys=0:00:00 usr=0:00:00 total=0:00:00
[End of Build Congestion Map] Stage (MB): Used    0  Alloctr    0  Proc    0 
[End of Build Congestion Map] Total (MB): Used   28  Alloctr   28  Proc 7059 
Current Stage stats:
[End of Add Nets Demand] Elapsed real time: 0:00:00 
[End of Add Nets Demand] Elapsed cpu  time: sys=0:00:00 usr=0:00:00 total=0:00:00
[End of Add Nets Demand] Stage (MB): Used    0  Alloctr    0  Proc    0 
[End of Add Nets Demand] Total (MB): Used   28  Alloctr   28  Proc 7059 
Number of user frozen nets = 0
Total stats:
[End of Build Data] Elapsed real time: 0:00:00 
[End of Build Data] Elapsed cpu  time: sys=0:00:00 usr=0:00:00 total=0:00:00
[End of Build Data] Stage (MB): Used    3  Alloctr    3  Proc    0 
[End of Build Data] Total (MB): Used   28  Alloctr   28  Proc 7059 
Number of partitions: 1 (1 x 1)
Size of partitions: 80 gCells x 80 gCells
Current Stage stats:
[End of Blocked Pin Detection] Elapsed real time: 0:00:00 
[End of Blocked Pin Detection] Elapsed cpu  time: sys=0:00:00 usr=0:00:00 total=0:00:00
[End of Blocked Pin Detection] Stage (MB): Used  104  Alloctr  104  Proc    0 
[End of Blocked Pin Detection] Total (MB): Used  132  Alloctr  132  Proc 7059 
Information: Using 1 threads for routing. (ZRT-444)
Information: Placement fast mode ON
Information: Multiple gcell levels ON
Information: Buffer distance is estimated to be ~1185.0000um (658 gCells)

Start GR phase 0
Number of partitions: 1 (1 x 1)
Size of partitions: 80 gCells x 80 gCells
[rtAllBotParts] Elapsed real time: 0:00:00 
[rtAllBotParts] Elapsed cpu  time: sys=0:00:00 usr=0:00:00 total=0:00:00
[rtTop] Elapsed real time: 0:00:00 
[rtTop] Elapsed cpu  time: sys=0:00:00 usr=0:00:00 total=0:00:00
Current Stage stats:
[End of Initial Routing] Elapsed real time: 0:00:00 
[End of Initial Routing] Elapsed cpu  time: sys=0:00:00 usr=0:00:00 total=0:00:00
[End of Initial Routing] Stage (MB): Used    1  Alloctr    1  Proc    0 
[End of Initial Routing] Total (MB): Used  133  Alloctr  134  Proc 7059 
Initial. Routing result:
Initial. Both Dirs: Dmd-Cap  =     3 Max = 1 GRCs =     8 (0.06%)
Initial. H routing: Dmd-Cap  =     0 Max = 0 (GRCs =  0) GRCs =     0 (0.00%)
Initial. V routing: Dmd-Cap  =     3 Max = 1 (GRCs =  8) GRCs =     8 (0.12%)
Initial. Both Dirs: Overflow =  1084 Max = 8 GRCs =   623 (4.87%)
Initial. H routing: Overflow =    14 Max = 2 (GRCs =  1) GRCs =    20 (0.31%)
Initial. V routing: Overflow =  1070 Max = 8 (GRCs =  5) GRCs =   603 (9.42%)
Initial. MET1       Overflow =    13 Max = 1 (GRCs = 17) GRCs =    17 (0.27%)
Initial. MET2       Overflow =  1069 Max = 8 (GRCs =  5) GRCs =   602 (9.41%)
Initial. MET3       Overflow =     1 Max = 2 (GRCs =  1) GRCs =     3 (0.05%)
Initial. MET4       Overflow =     1 Max = 1 (GRCs =  1) GRCs =     1 (0.02%)
Initial. MET5       Overflow =     0 Max = 0 (GRCs =  0) GRCs =     0 (0.00%)
Initial. T4M2       Overflow =     0 Max = 0 (GRCs =  0) GRCs =     0 (0.00%)
Initial. RDL        Overflow =     0 Max = 0 (GRCs =  0) GRCs =     0 (0.00%)

Initial. Total Wire Length = 43484.98
Initial. Layer MET1 wire length = 514.07
Initial. Layer MET2 wire length = 14592.76
Initial. Layer MET3 wire length = 21545.40
Initial. Layer MET4 wire length = 6457.73
Initial. Layer MET5 wire length = 375.02
Initial. Layer T4M2 wire length = 0.00
Initial. Layer RDL wire length = 0.00
Initial. Total Number of Contacts = 16721
Initial. Via VIA12 count = 8855
Initial. Via VIA23 count = 6919
Initial. Via VIA34 count = 939
Initial. Via VIA45 count = 8
Initial. Via T4M2_MET5 count = 0
Initial. Via RDL_T4M2 count = 0
Initial. completed.

Start GR phase 1
Tue Aug 18 14:57:05 2026
Number of partitions: 1 (1 x 1)
Size of partitions: 80 gCells x 80 gCells
[rtAllParts] Elapsed real time: 0:00:00 
[rtAllParts] Elapsed cpu  time: sys=0:00:00 usr=0:00:00 total=0:00:00
[updNetsDmd] Elapsed real time: 0:00:00 
[updNetsDmd] Elapsed cpu  time: sys=0:00:00 usr=0:00:00 total=0:00:00
Current Stage stats:
[End of Phase1 Routing] Elapsed real time: 0:00:00 
[End of Phase1 Routing] Elapsed cpu  time: sys=0:00:00 usr=0:00:00 total=0:00:00
[End of Phase1 Routing] Stage (MB): Used    0  Alloctr    0  Proc    0 
[End of Phase1 Routing] Total (MB): Used  133  Alloctr  134  Proc 7059 
phase1. Routing result:
phase1. Both Dirs: Dmd-Cap  =     8 Max = 4 GRCs =     6 (0.05%)
phase1. H routing: Dmd-Cap  =     0 Max = 0 (GRCs =  0) GRCs =     0 (0.00%)
phase1. V routing: Dmd-Cap  =     8 Max = 4 (GRCs =  1) GRCs =     6 (0.09%)
phase1. Both Dirs: Overflow =   758 Max = 9 GRCs =   391 (3.05%)
phase1. H routing: Overflow =     9 Max = 1 (GRCs = 14) GRCs =    14 (0.22%)
phase1. V routing: Overflow =   749 Max = 9 (GRCs =  1) GRCs =   377 (5.89%)
phase1. MET1       Overflow =     9 Max = 1 (GRCs = 14) GRCs =    14 (0.22%)
phase1. MET2       Overflow =   749 Max = 9 (GRCs =  1) GRCs =   377 (5.89%)
phase1. MET3       Overflow =     0 Max = 0 (GRCs =  0) GRCs =     0 (0.00%)
phase1. MET4       Overflow =     0 Max = 0 (GRCs =  0) GRCs =     0 (0.00%)
phase1. MET5       Overflow =     0 Max = 0 (GRCs =  0) GRCs =     0 (0.00%)
phase1. T4M2       Overflow =     0 Max = 0 (GRCs =  0) GRCs =     0 (0.00%)
phase1. RDL        Overflow =     0 Max = 0 (GRCs =  0) GRCs =     0 (0.00%)

phase1. Total Wire Length = 43839.17
phase1. Layer MET1 wire length = 527.54
phase1. Layer MET2 wire length = 13579.38
phase1. Layer MET3 wire length = 21476.95
phase1. Layer MET4 wire length = 7879.37
phase1. Layer MET5 wire length = 375.93
phase1. Layer T4M2 wire length = 0.00
phase1. Layer RDL wire length = 0.00
phase1. Total Number of Contacts = 17022
phase1. Via VIA12 count = 8850
phase1. Via VIA23 count = 6879
phase1. Via VIA34 count = 1283
phase1. Via VIA45 count = 10
phase1. Via T4M2_MET5 count = 0
phase1. Via RDL_T4M2 count = 0
phase1. completed.
Number of multi gcell level routed nets = 0
[End of Whole Chip Routing] Elapsed real time: 0:00:00 
[End of Whole Chip Routing] Elapsed cpu  time: sys=0:00:00 usr=0:00:00 total=0:00:00
[End of Whole Chip Routing] Stage (MB): Used  109  Alloctr  109  Proc    0 
[End of Whole Chip Routing] Total (MB): Used  133  Alloctr  134  Proc 7059 

Information: Global Routing didn't terminate early. (ZRT-103)

Congestion utilization per direction:
Average vertical track utilization   = 27.57 %
Peak    vertical track utilization   = 120.00 %
Average horizontal track utilization = 12.60 %
Peak    horizontal track utilization = 50.00 %

[End of Global Routing] Elapsed real time: 0:00:00 
[End of Global Routing] Elapsed cpu  time: sys=0:00:00 usr=0:00:00 total=0:00:00
[End of Global Routing] Stage (MB): Used  108  Alloctr  108  Proc    0 
[End of Global Routing] Total (MB): Used  132  Alloctr  133  Proc 7059 
Writing out congestion map...
Updating congestion ...
Updating congestion ...
[End of dbOut] Elapsed real time: 0:00:00 
[End of dbOut] Elapsed cpu  time: sys=0:00:00 usr=0:00:00 total=0:00:00
[End of dbOut] Stage (MB): Used  -18  Alloctr  -18  Proc    0 
[End of dbOut] Total (MB): Used   36  Alloctr   37  Proc 7059 
INFO: Derive row count 20 from GR congestion map (80/4)
INFO: Derive col count 20 from GR congestion map (80/4)
Convert timing mode ...
Place-opt optimization Phase 19 Iter  1         0.66        0.66      0.00         0      11285.64      615.37        2554              0.01      1801
Place-opt optimization Phase 19 Iter  2         0.66        0.66      0.00         0      11297.52      617.50        2554              0.01      1801
Place-opt optimization Phase 19 Iter  3         0.66        0.66      0.00         0      11297.52      617.53        2554              0.01      1801
Place-opt optimization Phase 19 Iter  4         0.66        0.66      0.00         0      11297.52      617.53        2554              0.01      1801
Number of Site types in the design = 1
INFO: Skipping activation of hold scenarios prior to CUS.
Information: The value of option cts.compile.enable_cell_relocation has been overridden to "leaf_only" to support latency-driven placement. (CTS-973)
CCD app option: ccd.targeted_ccd_path_groups:  **clock_gating_default**
Target path group: scenario default pathgroup **clock_gating_default**
Information: CCD will use corner default for honoring max prepone/postpone limits
Uskew Characterizer: corner: default, scalingFactor: 1.000
@ CG solver holdWeight = 0.500000
@ CG solver setupWeight = 1.000000
@ CG solver delayCostWeight = 5.000000
@ CG solver zeroDirWeight = 5.000000
@ CG solver wnsWeight = 400.000000

Summary of messages during CTS:
===============================================================
  Tag   Count  Type           Description
---------------------------------------------------------------
CTS-038    1  Warning  No clock routing rule is specified.
Information: The value of option cts.compile.enable_cell_relocation has been overridden to "leaf_only" to support latency-driven placement. (CTS-973)
Warning: Technology layer 'RDL' setting 'routing-direction' is not valid (NEX-001)
Warning: Technology layer 'RDL' setting 'routing-direction' is not valid (NEX-001)
Warning: Technology layer 'RDL' setting 'routing-direction' is not valid (NEX-001)
Warning: Technology layer 'RDL' setting 'routing-direction' is not valid (NEX-001)
Warning: Technology layer 'RDL' setting 'routing-direction' is not valid (NEX-001)
Warning: Technology layer 'RDL' setting 'routing-direction' is not valid (NEX-001)
Warning: Technology layer 'RDL' setting 'routing-direction' is not valid (NEX-001)
Warning: Technology layer 'RDL' setting 'routing-direction' is not valid (NEX-001)
Warning: Technology layer 'RDL' setting 'routing-direction' is not valid (NEX-001)
Warning: Technology layer 'RDL' setting 'routing-direction' is not valid (NEX-001)
Warning: Technology layer 'RDL' setting 'routing-direction' is not valid (NEX-001)
Warning: Technology layer 'RDL' setting 'routing-direction' is not valid (NEX-001)
Warning: Technology layer 'RDL' setting 'routing-direction' is not valid (NEX-001)
Warning: Technology layer 'RDL' setting 'routing-direction' is not valid (NEX-001)
Warning: Technology layer 'RDL' setting 'routing-direction' is not valid (NEX-001)
Warning: No clock routing rules were specified. Use set_clock_routing_rules to specify routing rules for accurate clock latency estimation. (OPT-902)
Warning: No clock routing rules were specified. Use set_clock_routing_rules to specify routing rules for accurate clock latency estimation. (OPT-902)
Information: Estimating clock gate latencies for scenario 'default'. (OPT-909)
Warning: Technology layer 'RDL' setting 'routing-direction' is not valid (NEX-001)
INFO: Skipping deactivation of hold scenarios after CUS.
Number of Site types in the design = 1
Corner Scaling is off, multiplier is 1.000000
Using default layer MET4
new cutoff lpd: 4.91218e-07
corner scaling: maxCornerId = 0
corner=default, tran factor=1.000000 (0.208726 / 0.208726)
bmap: stepx = stepy = 90000
creating bmap
DB units per micron : 10000
Place-opt optimization Phase 19 Iter  5         0.66        0.66      0.00         0      11297.52      617.53        2554              0.01      1801
Place-opt optimization Phase 19 Iter  6         0.66        0.66      0.00         0      11297.52      617.54        2554              0.01      1801
Place-opt optimization Phase 19 Iter  7         0.66        0.66      0.00         0      11297.52      617.54        2554              0.01      1801
Place-opt optimization Phase 19 Iter  8         0.66        0.66      0.00         0      11297.52      617.54        2554              0.01      1801
Place-opt optimization Phase 19 Iter  9         0.66        0.66      0.00         0      11297.52      617.54        2554              0.01      1801
Place-opt optimization Phase 19 Iter 10         0.66        0.66      0.00         0      11297.52      617.54        2554              0.01      1801
Place-opt optimization Phase 19 Iter 11         0.66        0.66      0.00         0      11297.52      617.54        2554              0.01      1801
Place-opt optimization Phase 19 Iter 12         0.66        0.66      0.00         0      11297.52      617.54        2554              0.01      1801
Number of Site types in the design = 1
INFO: Skipping activation of hold scenarios prior to CUS.
Information: The value of option cts.compile.enable_cell_relocation has been overridden to "leaf_only" to support latency-driven placement. (CTS-973)
CCD app option: ccd.targeted_ccd_path_groups:  **clock_gating_default**
Target path group: scenario default pathgroup **clock_gating_default**
Information: CCD will use corner default for honoring max prepone/postpone limits

Summary of messages during CTS:
===============================================================
  Tag   Count  Type           Description
---------------------------------------------------------------
 No error or warning message.
Information: The value of option cts.compile.enable_cell_relocation has been overridden to "leaf_only" to support latency-driven placement. (CTS-973)
Warning: Technology layer 'RDL' setting 'routing-direction' is not valid (NEX-001)
Warning: Technology layer 'RDL' setting 'routing-direction' is not valid (NEX-001)
Warning: Technology layer 'RDL' setting 'routing-direction' is not valid (NEX-001)
Warning: Technology layer 'RDL' setting 'routing-direction' is not valid (NEX-001)
Warning: Technology layer 'RDL' setting 'routing-direction' is not valid (NEX-001)
Warning: Technology layer 'RDL' setting 'routing-direction' is not valid (NEX-001)
Warning: Technology layer 'RDL' setting 'routing-direction' is not valid (NEX-001)
Warning: Technology layer 'RDL' setting 'routing-direction' is not valid (NEX-001)
Warning: Technology layer 'RDL' setting 'routing-direction' is not valid (NEX-001)
Warning: Technology layer 'RDL' setting 'routing-direction' is not valid (NEX-001)
Warning: Technology layer 'RDL' setting 'routing-direction' is not valid (NEX-001)
Warning: Technology layer 'RDL' setting 'routing-direction' is not valid (NEX-001)
Warning: Technology layer 'RDL' setting 'routing-direction' is not valid (NEX-001)
Warning: Technology layer 'RDL' setting 'routing-direction' is not valid (NEX-001)
Warning: Technology layer 'RDL' setting 'routing-direction' is not valid (NEX-001)
Warning: No clock routing rules were specified. Use set_clock_routing_rules to specify routing rules for accurate clock latency estimation. (OPT-902)
Warning: No clock routing rules were specified. Use set_clock_routing_rules to specify routing rules for accurate clock latency estimation. (OPT-902)
Information: Estimating clock gate latencies for scenario 'default'. (OPT-909)
Warning: Technology layer 'RDL' setting 'routing-direction' is not valid (NEX-001)
INFO: Skipping deactivation of hold scenarios after CUS.
Number of Site types in the design = 1
Place-opt optimization Phase 19 Iter 13         0.66        0.66      0.00         0      11297.52      617.54        2554              0.01      1801
Place-opt optimization Phase 19 Iter 14         0.66        0.66      0.00         0      11297.52      617.54        2554              0.01      1801
Place-opt optimization Phase 19 Iter 15         0.66        0.66      0.00         0      11297.52      617.54        2554              0.01      1801
Place-opt optimization Phase 19 Iter 16         0.66        0.66      0.00         0      11297.52      617.54        2554              0.01      1801
Place-opt optimization Phase 19 Iter 17         0.66        0.66      0.00         0      11297.52      617.54        2554              0.01      1801
Place-opt optimization Phase 19 Iter 18         0.66        0.66      0.00         0      11297.52      617.54        2554              0.01      1801

Place-opt optimization Phase 20 Iter  1         0.00        0.00      0.00         0      11297.52      617.54        2554              0.01      1801

Disable clock slack update for ideal clocks
Place-opt optimization Phase 21 Iter  1         0.00        0.00      0.00         0      11260.80      613.49        2536              0.01      1801
INFO: cellmap features:  adv-rules=(N), pdc=(N), clock-rules=(Y)

Place-opt optimization Phase 22 Iter  1         0.00        0.00      0.00         0      11235.60      596.27        2536              0.01      1801
Warning: Restoring scoped app option 'xform.commit_density_threshold' to original value 'unset' (from current value '1', which is different from the scoped value '1.0'). (FLW-2892)
Warning: Restoring scoped app option 'opt.internal.levfilter_arec_slack' to original value 'unset' (from current value '-1', which is different from the scoped value '-1.0'). (FLW-2892)

Place-opt optimization summary            SETUP-COST    R2R-COST HOLD-COST LDRC-COST          AREA     LEAKAGE     INSTCNT            ELAPSE       MEM
Place-opt optimization Phase 23 Iter  1         0.00        0.00      0.00         0      11094.84      581.78        2426              0.01      1801
INFO: New Levelizer turned on

Disable clock slack update for ideal clocks
Information: Activity propagation will be performed for scenario default.
Information: Doing activity propagation for mode 'default' and corner 'default' with effort level 'medium'. (POW-024)
Information: Timer-derived activity data is cached on scenario default (POW-052)
Information: Running switching activity propagation in scalar mode!

 **** Information : No. of simulation cycles = 7 ****
Place-opt optimization Phase 24 Iter  1         0.00        0.00      0.00         0      10960.92      563.82        2426              0.01      1801
INFO: cellmap features:  adv-rules=(N), pdc=(N), clock-rules=(Y)

Place-opt optimization Phase 25 Iter  1         0.00        0.00      0.00         0      10960.92      547.13        2426              0.01      1801
INFO: New Levelizer turned on

Place-opt optimization Phase 26 Iter  1         0.00        0.00      0.00         0      10960.92      546.58        2426              0.01      1801


Information: Ending   place_opt / initial_opto / Optimization (FLW-8001)
Information: Time: 2026-08-18 14:57:16 / Session:  00:00:48 / Command:  00:00:31 / CPU:  00:00:29 / Memory: 1801 MB (FLW-8100)

Place-opt optimization Phase 29 Iter  1         0.00        0.00      0.00         0      10960.92      546.58        2426              0.01      1801

Information: Ending   place_opt / initial_opto (FLW-8001)
Information: Time: 2026-08-18 14:57:16 / Session:  00:00:48 / Command:  00:00:31 / CPU:  00:00:29 / Memory: 1801 MB (FLW-8100)

----------------------------------------------------------------------------------------------------------
Information: Starting place_opt / final_place (FLW-8000)
Information: Time: 2026-08-18 14:57:16 / Session:  00:00:49 / Command:  00:00:31 / CPU:  00:00:29 / Memory: 1801 MB (FLW-8100)
----------------------------------------------------------------------------------------------------------


Information: Starting place_opt / final_place / Timing and Congestion Driven Placement with Legalization (FLW-8000)
Information: Time: 2026-08-18 14:57:16 / Session:  00:00:49 / Command:  00:00:31 / CPU:  00:00:29 / Memory: 1801 MB (FLW-8100)
Place-opt optimization Phase 33 Iter  1         0.00        0.00      0.00         0      10960.92      546.58        2426              0.01      1801
Running final (timing-driven) placement step.
----------------------------------------------------------------
Running congestion-aware direct-timing-driven placement
Start Timing-driven placement
Information: Disabling integrated legalization, because it requires that the advanced legalizer is enabled.
Start transferring placement data.
Warning: To enable pin track alignment feature, the advanced legalizer has to be turned on using app option "place.legalize.enable_advanced_legalizer".
Warning: Pin track alignment feature will be disabled in this run
Information: Initializing classic cellmap without advanced rules enabled and without PDC enabled
Information: The following app options are used in cellmap
        place.legalize.enable_color_aware_placement : false
        place.legalize.use_nll_query_cm : false
        place.legalize.enable_advanced_legalizer : false
        place.legalize.enable_prerouted_net_check : true
        place.legalize.enable_advanced_prerouted_net_check : false
        place.legalize.always_continue : true
        place.legalize.limit_legality_checks : false
        place.common.pnet_aware_density : 1.0000
        place.common.pnet_aware_min_width : 0.0000
        place.common.pnet_aware_layers : {}
        place.common.use_placement_model : false
        place.common.enable_advanced_placement_model : true
        cts.placement.cell_spacing_rule_style : maximum
Total 0.0133 seconds to build cellmap data
Information: Extraction observers are detached as design net change threshold is reached.
Snapped 2426 standard cells to the nearest cellrow to improve the accuracy of congestion analysis.
Start Global Route ... 
[Init] Elapsed real time: 0:00:00 
[Init] Elapsed cpu  time: sys=0:00:00 usr=0:00:00 total=0:00:00
[Init] Stage (MB): Used    0  Alloctr    0  Proc    0 
[Init] Total (MB): Used    7  Alloctr    7  Proc 7059 
Printing options for 'route.common.*'

Printing options for 'route.global.*'
global.deterministic                                    :	 on                  
global.timing_driven                                    :	 false               

Begin global routing.
Warning: Layer RDL does not have a preferred direction, assigning to horizontal. (ZRT-025)
Cell Min-Routing-Layer = MET1
Cell Max-Routing-Layer = T4M2
Turn off antenna since no rule is specified
Information: Option route.detail.force_end_on_preferred_grid will be ignored since none of the layers have preferred grid. (ZRT-703)
Warning: Port mode of cell mac16
        is unplaced.  This may impact routing result. (ZRT-740)
Warning: Port inA of cell mac16
        is unplaced.  This may impact routing result. (ZRT-740)
Warning: Port inB of cell mac16
        is unplaced.  This may impact routing result. (ZRT-740)
Warning: Port in_ready of cell mac16
        is unplaced.  This may impact routing result. (ZRT-740)
Warning: Port clk of cell mac16
        is unplaced.  This may impact routing result. (ZRT-740)
Warning: Port rst_n of cell mac16
        is unplaced.  This may impact routing result. (ZRT-740)
Warning: Port sum_out of cell mac16
        is unplaced.  This may impact routing result. (ZRT-740)
Warning: Port carry of cell mac16
        is unplaced.  This may impact routing result. (ZRT-740)
Warning: Port out_ready of cell mac16
        is unplaced.  This may impact routing result. (ZRT-740)
Warning: Port VDD of cell mac16
        is unplaced.  This may impact routing result. (ZRT-740)
Warning: Port VSS of cell mac16
        is unplaced.  This may impact routing result. (ZRT-740)
Warning: Ignore 11 top cell ports with no pins. (ZRT-027)
Info: number of net_type_blockage: 0 
Information: Via ladder engine would be activated for pattern must join connection in certain commands. Please refer to man-page for the command list. (ZRT-619)
Wire on layer (MET2) needs more than one tracks
Via on layer (VIA1) needs more than one tracks
Via on layer (VIA2) needs more than one tracks
Warning: Layer MET2 default pitch 0.200 may be too small to handle up/down via. Note, that minimum requirements are "wire/via-down 0.215" & "wire/via-up 0.225". (ZRT-026)
Wire on layer (MET4) needs more than one tracks
Via on layer (VIA3) needs more than one tracks
Via on layer (VIA4) needs more than one tracks
Warning: Layer MET4 default pitch 0.200 may be too small to handle up/down via. Note, that minimum requirements are "wire/via-down 0.215" & "wire/via-up 0.225". (ZRT-026)
Via on layer (T4V2) needs more than one tracks
Warning: Layer MET5 default pitch 0.200 may be too small to handle up/down via. Note, that minimum requirements are "wire/via-down 0.200" & "wire/via-up 0.380". (ZRT-026)
Via on layer (RV) needs more than one tracks
Warning: Layer T4M2 default pitch 0.800 may be too small to handle up/down via. Note, that minimum requirements are "wire/via-down 0.800" & "wire/via-up 3.600". (ZRT-026)
Via on layer (RV) needs more than one tracks
Warning: Layer RDL default pitch 5.000 may be too small to handle up/down via. Note, that minimum requirements are "wire/via-down 6.500" & "wire/via-up 5.000". (ZRT-026)
Transition layer name: MET2(1)
Transition layer name: MET4(3)
Information: When applicable Min-max layer allow_pin_connection mode will allow paths of length 2.97 outside the layer range. (ZRT-707)
Information: When applicable Min-max layer allow_pin_connection mode will allow paths of length 2.97 outside the layer range on clock nets. (ZRT-718)
Information: When applicable layer based tapering will taper up to 0.00 in distance from the pin. (ZRT-706)
Warning: Cell ctmTdsLR_2_609 is placed overlapping with other cells at {{38.800 10.400} {40.200 12.200}}. (ZRT-763)
Warning: Cell u_mac16_top/result_fifo_reg[1][18] is placed overlapping with other cells at {{89.000 17.600} {93.800 19.400}}. (ZRT-763)
Warning: Cell HFSINV_49389_17 is placed overlapping with other cells at {{76.600 84.200} {77.200 86.000}}. (ZRT-763)
Warning: Cell ctmTdsLR_1_524 is placed overlapping with other cells at {{123.200 78.800} {124.800 80.600}}. (ZRT-763)
Current Stage stats:
[End of Read DB] Elapsed real time: 0:00:00 
[End of Read DB] Elapsed cpu  time: sys=0:00:00 usr=0:00:00 total=0:00:00
[End of Read DB] Stage (MB): Used   17  Alloctr   17  Proc    0 
[End of Read DB] Total (MB): Used   24  Alloctr   25  Proc 7059 
Constructing data structure ...
Design statistics:
Design Bounding Box (0.00um,0.00um,144.00um,143.20um)
Number of routing layers = 7
layer MET1, dir Hor, min width = 0.09um, min space = 0.09um pitch = 0.18um
layer MET2, dir Ver, min width = 0.1um, min space = 0.1um pitch = 0.2um
layer MET3, dir Hor, min width = 0.1um, min space = 0.1um pitch = 0.2um
layer MET4, dir Ver, min width = 0.1um, min space = 0.1um pitch = 0.2um
layer MET5, dir Hor, min width = 0.1um, min space = 0.1um pitch = 0.2um
layer T4M2, dir Ver, min width = 0.4um, min space = 0.4um pitch = 0.8um
layer RDL, dir Hor, min width = 3um, min space = 2um pitch = 5um
Current Stage stats:
[End of Build Tech Data] Elapsed real time: 0:00:00 
[End of Build Tech Data] Elapsed cpu  time: sys=0:00:00 usr=0:00:00 total=0:00:00
[End of Build Tech Data] Stage (MB): Used    0  Alloctr    0  Proc    0 
[End of Build Tech Data] Total (MB): Used   25  Alloctr   26  Proc 7059 
Net statistics:
Total number of nets     = 2562
Number of nets to route  = 2542
Number of single or zero port nets = 2
18 nets are fully connected,
 of which 18 are detail routed and 0 are global routed.
Net length statistics: 
Net Count(Ignore Fully Rted) 2542, Total Half Perimeter Wire Length (HPWL) 43606 microns
HPWL   0 ~   50 microns: Net Count     2342	Total HPWL        29344 microns
HPWL  50 ~  100 microns: Net Count      182	Total HPWL        12018 microns
HPWL 100 ~  200 microns: Net Count       18	Total HPWL         2244 microns
HPWL 200 ~  300 microns: Net Count        0	Total HPWL            0 microns
HPWL 300 ~  400 microns: Net Count        0	Total HPWL            0 microns
HPWL 400 ~  500 microns: Net Count        0	Total HPWL            0 microns
HPWL 500 ~  600 microns: Net Count        0	Total HPWL            0 microns
HPWL 600 ~  700 microns: Net Count        0	Total HPWL            0 microns
HPWL 700 ~  800 microns: Net Count        0	Total HPWL            0 microns
HPWL 800 ~  900 microns: Net Count        0	Total HPWL            0 microns
HPWL 900 ~ 1000 microns: Net Count        0	Total HPWL            0 microns
HPWL     > 1000 microns: Net Count        0	Total HPWL            0 microns
Current Stage stats:
[End of Build All Nets] Elapsed real time: 0:00:00 
[End of Build All Nets] Elapsed cpu  time: sys=0:00:00 usr=0:00:00 total=0:00:00
[End of Build All Nets] Stage (MB): Used    1  Alloctr    1  Proc    0 
[End of Build All Nets] Total (MB): Used   27  Alloctr   27  Proc 7059 
Number of partitions: 1 (1 x 1)
Size of partitions: 80 gCells x 80 gCells
Average gCell capacity  3.11	 on layer (1)	 MET1
Average gCell capacity  8.99	 on layer (2)	 MET2
Average gCell capacity  8.38	 on layer (3)	 MET3
Average gCell capacity  8.97	 on layer (4)	 MET4
Average gCell capacity  8.91	 on layer (5)	 MET5
Average gCell capacity  2.06	 on layer (6)	 T4M2
Average gCell capacity  0.34	 on layer (7)	 RDL
Average number of tracks per gCell 9.95	 on layer (1)	 MET1
Average number of tracks per gCell 9.01	 on layer (2)	 MET2
Average number of tracks per gCell 8.96	 on layer (3)	 MET3
Average number of tracks per gCell 9.01	 on layer (4)	 MET4
Average number of tracks per gCell 8.96	 on layer (5)	 MET5
Average number of tracks per gCell 2.25	 on layer (6)	 T4M2
Average number of tracks per gCell 0.36	 on layer (7)	 RDL
Number of gCells = 44800
Current Stage stats:
[End of Build Congestion Map] Elapsed real time: 0:00:00 
[End of Build Congestion Map] Elapsed cpu  time: sys=0:00:00 usr=0:00:00 total=0:00:00
[End of Build Congestion Map] Stage (MB): Used    0  Alloctr    0  Proc    0 
[End of Build Congestion Map] Total (MB): Used   28  Alloctr   28  Proc 7059 
Current Stage stats:
[End of Add Nets Demand] Elapsed real time: 0:00:00 
[End of Add Nets Demand] Elapsed cpu  time: sys=0:00:00 usr=0:00:00 total=0:00:00
[End of Add Nets Demand] Stage (MB): Used    0  Alloctr    0  Proc    0 
[End of Add Nets Demand] Total (MB): Used   28  Alloctr   28  Proc 7059 
Number of user frozen nets = 0
Total stats:
[End of Build Data] Elapsed real time: 0:00:00 
[End of Build Data] Elapsed cpu  time: sys=0:00:00 usr=0:00:00 total=0:00:00
[End of Build Data] Stage (MB): Used    3  Alloctr    3  Proc    0 
[End of Build Data] Total (MB): Used   28  Alloctr   28  Proc 7059 
Number of partitions: 1 (1 x 1)
Size of partitions: 80 gCells x 80 gCells
Current Stage stats:
[End of Blocked Pin Detection] Elapsed real time: 0:00:00 
[End of Blocked Pin Detection] Elapsed cpu  time: sys=0:00:00 usr=0:00:00 total=0:00:00
[End of Blocked Pin Detection] Stage (MB): Used  104  Alloctr  104  Proc    0 
[End of Blocked Pin Detection] Total (MB): Used  132  Alloctr  132  Proc 7059 
Information: Using 1 threads for routing. (ZRT-444)
Information: Placement fast mode ON
Information: Multiple gcell levels ON
Information: Buffer distance is estimated to be ~1185.0000um (658 gCells)

Start GR phase 0
Number of partitions: 1 (1 x 1)
Size of partitions: 80 gCells x 80 gCells
[rtAllBotParts] Elapsed real time: 0:00:00 
[rtAllBotParts] Elapsed cpu  time: sys=0:00:00 usr=0:00:00 total=0:00:00
[rtTop] Elapsed real time: 0:00:00 
[rtTop] Elapsed cpu  time: sys=0:00:00 usr=0:00:00 total=0:00:00
Current Stage stats:
[End of Initial Routing] Elapsed real time: 0:00:00 
[End of Initial Routing] Elapsed cpu  time: sys=0:00:00 usr=0:00:00 total=0:00:00
[End of Initial Routing] Stage (MB): Used    1  Alloctr    1  Proc    0 
[End of Initial Routing] Total (MB): Used  133  Alloctr  134  Proc 7059 
Initial. Routing result:
Initial. Both Dirs: Dmd-Cap  =    54 Max =  7 GRCs =    28 (0.22%)
Initial. H routing: Dmd-Cap  =     0 Max =  0 (GRCs =  0) GRCs =     0 (0.00%)
Initial. V routing: Dmd-Cap  =    54 Max =  7 (GRCs =  1) GRCs =    28 (0.44%)
Initial. Both Dirs: Overflow =  1576 Max = 14 GRCs =   681 (5.32%)
Initial. H routing: Overflow =    32 Max =  2 (GRCs =  3) GRCs =    37 (0.58%)
Initial. V routing: Overflow =  1544 Max = 14 (GRCs =  1) GRCs =   644 (10.06%)
Initial. MET1       Overflow =    30 Max =  2 (GRCs =  1) GRCs =    33 (0.52%)
Initial. MET2       Overflow =  1544 Max = 14 (GRCs =  1) GRCs =   644 (10.06%)
Initial. MET3       Overflow =     2 Max =  2 (GRCs =  2) GRCs =     4 (0.06%)
Initial. MET4       Overflow =     0 Max =  0 (GRCs =  0) GRCs =     0 (0.00%)
Initial. MET5       Overflow =     0 Max =  0 (GRCs =  0) GRCs =     0 (0.00%)
Initial. T4M2       Overflow =     0 Max =  0 (GRCs =  0) GRCs =     0 (0.00%)
Initial. RDL        Overflow =     0 Max =  0 (GRCs =  0) GRCs =     0 (0.00%)

Initial. Total Wire Length = 44460.30
Initial. Layer MET1 wire length = 963.87
Initial. Layer MET2 wire length = 15320.54
Initial. Layer MET3 wire length = 21017.73
Initial. Layer MET4 wire length = 6960.45
Initial. Layer MET5 wire length = 197.70
Initial. Layer T4M2 wire length = 0.00
Initial. Layer RDL wire length = 0.00
Initial. Total Number of Contacts = 16123
Initial. Via VIA12 count = 8615
Initial. Via VIA23 count = 6487
Initial. Via VIA34 count = 1017
Initial. Via VIA45 count = 4
Initial. Via T4M2_MET5 count = 0
Initial. Via RDL_T4M2 count = 0
Initial. completed.

Start GR phase 1
Tue Aug 18 14:57:17 2026
Number of partitions: 1 (1 x 1)
Size of partitions: 80 gCells x 80 gCells
[rtAllParts] Elapsed real time: 0:00:00 
[rtAllParts] Elapsed cpu  time: sys=0:00:00 usr=0:00:00 total=0:00:00
[updNetsDmd] Elapsed real time: 0:00:00 
[updNetsDmd] Elapsed cpu  time: sys=0:00:00 usr=0:00:00 total=0:00:00
Current Stage stats:
[End of Phase1 Routing] Elapsed real time: 0:00:00 
[End of Phase1 Routing] Elapsed cpu  time: sys=0:00:00 usr=0:00:00 total=0:00:00
[End of Phase1 Routing] Stage (MB): Used    0  Alloctr    0  Proc    0 
[End of Phase1 Routing] Total (MB): Used  133  Alloctr  134  Proc 7059 
phase1. Routing result:
phase1. Both Dirs: Dmd-Cap  =    36 Max =  4 GRCs =    21 (0.16%)
phase1. H routing: Dmd-Cap  =     0 Max =  0 (GRCs =  0) GRCs =     0 (0.00%)
phase1. V routing: Dmd-Cap  =    36 Max =  4 (GRCs =  2) GRCs =    21 (0.33%)
phase1. Both Dirs: Overflow =  1169 Max = 11 GRCs =   453 (3.54%)
phase1. H routing: Overflow =    16 Max =  2 (GRCs =  1) GRCs =    19 (0.30%)
phase1. V routing: Overflow =  1153 Max = 11 (GRCs =  1) GRCs =   434 (6.78%)
phase1. MET1       Overflow =    16 Max =  2 (GRCs =  1) GRCs =    19 (0.30%)
phase1. MET2       Overflow =  1153 Max = 11 (GRCs =  1) GRCs =   434 (6.78%)
phase1. MET3       Overflow =     0 Max =  0 (GRCs =  0) GRCs =     0 (0.00%)
phase1. MET4       Overflow =     0 Max =  0 (GRCs =  0) GRCs =     0 (0.00%)
phase1. MET5       Overflow =     0 Max =  0 (GRCs =  0) GRCs =     0 (0.00%)
phase1. T4M2       Overflow =     0 Max =  0 (GRCs =  0) GRCs =     0 (0.00%)
phase1. RDL        Overflow =     0 Max =  0 (GRCs =  0) GRCs =     0 (0.00%)

phase1. Total Wire Length = 44962.39
phase1. Layer MET1 wire length = 1030.02
phase1. Layer MET2 wire length = 14639.78
phase1. Layer MET3 wire length = 20897.09
phase1. Layer MET4 wire length = 8197.20
phase1. Layer MET5 wire length = 198.30
phase1. Layer T4M2 wire length = 0.00
phase1. Layer RDL wire length = 0.00
phase1. Total Number of Contacts = 16441
phase1. Via VIA12 count = 8661
phase1. Via VIA23 count = 6419
phase1. Via VIA34 count = 1355
phase1. Via VIA45 count = 6
phase1. Via T4M2_MET5 count = 0
phase1. Via RDL_T4M2 count = 0
phase1. completed.
[End of Whole Chip Routing] Elapsed real time: 0:00:00 
[End of Whole Chip Routing] Elapsed cpu  time: sys=0:00:00 usr=0:00:00 total=0:00:00
[End of Whole Chip Routing] Stage (MB): Used  109  Alloctr  109  Proc    0 
[End of Whole Chip Routing] Total (MB): Used  133  Alloctr  134  Proc 7059 

Information: Global Routing didn't terminate early. (ZRT-103)

Congestion utilization per direction:
Average vertical track utilization   = 27.73 %
Peak    vertical track utilization   = 120.00 %
Average horizontal track utilization = 11.84 %
Peak    horizontal track utilization = 50.00 %

[End of Global Routing] Elapsed real time: 0:00:00 
[End of Global Routing] Elapsed cpu  time: sys=0:00:00 usr=0:00:00 total=0:00:00
[End of Global Routing] Stage (MB): Used  108  Alloctr  108  Proc    0 
[End of Global Routing] Total (MB): Used  133  Alloctr  133  Proc 7059 
Writing out congestion map...
Updating congestion ...
Updating congestion ...
[End of dbOut] Elapsed real time: 0:00:00 
[End of dbOut] Elapsed cpu  time: sys=0:00:00 usr=0:00:00 total=0:00:00
[End of dbOut] Stage (MB): Used  -18  Alloctr  -18  Proc    0 
[End of dbOut] Total (MB): Used   36  Alloctr   37  Proc 7059 
Using per-layer congestion maps for congestion reduction.
Information: 0.00% of design has horizontal routing density above target_routing_density of 0.80.
Information: 2.39% of design has vertical routing density above target_routing_density of 0.80.
Completed transferring placement data.
Running placement using 1 thread(s)
Information: Enhanced Auto Density Control is used. (PLACE-098)
Information: Enhanced auto density configuration is 13179.
Information: Automatic density control has selected the following settings: max_density 0.70, congestion_driven_max_util 0.89. (PLACE-027)
Information: HFW control 'on' invoked.
coarse place 100% done.
Information: Reducing cell density for 0.0% of the movable cells to alleviate congestion. This changes the average cell density in non-congested areas from 0.614 to 0.614. (PLACE-030)
Information: The value of option cts.compile.enable_cell_relocation has been overridden to "leaf_only" to support latency-driven placement. (CTS-973)
Warning: Technology layer 'RDL' setting 'routing-direction' is not valid (NEX-001)
Warning: Technology layer 'RDL' setting 'routing-direction' is not valid (NEX-001)
Warning: Technology layer 'RDL' setting 'routing-direction' is not valid (NEX-001)
Warning: Technology layer 'RDL' setting 'routing-direction' is not valid (NEX-001)
Warning: Technology layer 'RDL' setting 'routing-direction' is not valid (NEX-001)
Warning: Technology layer 'RDL' setting 'routing-direction' is not valid (NEX-001)
Warning: Technology layer 'RDL' setting 'routing-direction' is not valid (NEX-001)
Warning: Technology layer 'RDL' setting 'routing-direction' is not valid (NEX-001)
Warning: Technology layer 'RDL' setting 'routing-direction' is not valid (NEX-001)
Warning: Technology layer 'RDL' setting 'routing-direction' is not valid (NEX-001)
Warning: Technology layer 'RDL' setting 'routing-direction' is not valid (NEX-001)
Warning: Technology layer 'RDL' setting 'routing-direction' is not valid (NEX-001)
Warning: Technology layer 'RDL' setting 'routing-direction' is not valid (NEX-001)
Warning: Technology layer 'RDL' setting 'routing-direction' is not valid (NEX-001)
Warning: Technology layer 'RDL' setting 'routing-direction' is not valid (NEX-001)
Warning: No clock routing rules were specified. Use set_clock_routing_rules to specify routing rules for accurate clock latency estimation. (OPT-902)
Information: The RC mode used is VR for design 'mac16'. (NEX-022)
Information: Update timing completed net estimation for all the timing graph nets (TIM-111)
Information: Net estimation statistics: timing graph nets = 2560, routed nets = 0, across physical hierarchy nets = 0, parasitics cached nets = 2560, delay annotated nets = 0, parasitics annotated nets = 0, multi-voltage nets = 0. (TIM-112)
CGRW: permuting timing equivalent pins only
Corner Scaling is off, multiplier is 1.000000
Warning: Technology layer 'RDL' setting 'routing-direction' is not valid (NEX-001)
ORB: timingScenario default timingCorner default
INFO: Using corner default for worst leakage corner
Using default layer MET4
new cutoff lpd: 4.91218e-07
corner scaling: maxCornerId = 0
corner=default, tran factor=1.000000 (0.208726 / 0.208726)
ORB: Nominal = 0.0399576  Design MT = inf  Target = 0.2087259 (5.224 nominal)  MaxRC = 0.111780
ORB: Fast Target = 0.083561 ( 2.091 nominal )
ORB: stageDelay=0.10345, stageLength=4528989
nplLib: default vr hor dist = 906
nplLib: default vr ver dist = 906
nplLib: default vr buf size = 6
nplLib: default vr buf size = 2

Placement Options:
Effort:                        medium_effort       
Timing Driven:                 true                
Buffering Aware Timing Driven: false               
Seed locs:                     true                
Incremental:                   false               
Congestion:                    true                
Congestion Effort:             medium              
Fix Macros:                    true                
Place Macros:                  false               
Channel Size Macros:           false               


Information: Activity for scenario default was cached, no propagation required. (POW-005)
****** eLpp estimated wire length 
8.83873% of the net wire length are clock nets
26.6133% of the clock net wire length has no activity
Clock net wire length: 4.02008e+07
Total net wire length: 4.54826e+08
****** eLpp weights (with caps)
Number of nets: 2560, of which 2529 non-clock nets
Number of nets with 0 toggle rate: 754
Max toggle rate = 2, average toggle rate = 0.00598693
Max non-clock toggle rate = 0.314872
eLpp weight range = (0, 55.9358)
*** 2 nets are filtered out
Start transferring placement data.
****** Net weight manager: report ******
Weights included: eLpp  PostEffort  
Number of nets with non-default weights: 2560
Amt power = 0.1
Non-default weight range: (0.9, 10.4936)
Information: Automatic repeater spreading is enabled.
Information: Automatic timing control is enabled.
checking app option clockgate_objective_weight : none
Information: Clock gate latency aware placement is enabled. (PLACE-085)
Warning: Technology layer 'RDL' setting 'routing-direction' is not valid (NEX-001)
Warning: Technology layer 'RDL' setting 'routing-direction' is not valid (NEX-001)
Warning: Technology layer 'RDL' setting 'routing-direction' is not valid (NEX-001)
Information: The value of option cts.compile.enable_cell_relocation has been overridden to "leaf_only" to support latency-driven placement. (CTS-973)
DTDP placement: scenario=default
Warning: Technology layer 'RDL' setting 'routing-direction' is not valid (NEX-001)
Warning: Technology layer 'RDL' setting 'routing-direction' is not valid (NEX-001)
Warning: Technology layer 'RDL' setting 'routing-direction' is not valid (NEX-001)
Warning: Technology layer 'RDL' setting 'routing-direction' is not valid (NEX-001)
Factor(0) = 1
Factor(BASE) = 1
Warning: Technology layer 'RDL' setting 'routing-direction' is not valid (NEX-001)
Information: The net parasitics of block mac16 are cleared. (TIM-123)
skew 4852 name=clk included=1
Completed transferring placement data.
Running placement using 1 thread(s)
Information: Enhanced Auto Density Control is used. (PLACE-098)
Information: Enhanced auto density configuration is 13179.
Information: Automatic density control has selected the following settings: max_density 0.70, congestion_driven_max_util 0.89. (PLACE-027)
Information: HFW control 'on' invoked.
coarse place 40% done.
coarse place 60% done.
coarse place 80% done.
coarse place 100% done.
Information: Coarse placer weighted wire length estimate = 5.97562e+08
Information: Extraction observers are detached as design net change threshold is reached.
Information: The value of option cts.compile.enable_cell_relocation has been overridden to "leaf_only" to support latency-driven placement. (CTS-973)
Warning: Technology layer 'RDL' setting 'routing-direction' is not valid (NEX-001)
Warning: Technology layer 'RDL' setting 'routing-direction' is not valid (NEX-001)
Warning: Technology layer 'RDL' setting 'routing-direction' is not valid (NEX-001)
Warning: Technology layer 'RDL' setting 'routing-direction' is not valid (NEX-001)
Warning: Technology layer 'RDL' setting 'routing-direction' is not valid (NEX-001)
Warning: Technology layer 'RDL' setting 'routing-direction' is not valid (NEX-001)
Warning: Technology layer 'RDL' setting 'routing-direction' is not valid (NEX-001)
Warning: Technology layer 'RDL' setting 'routing-direction' is not valid (NEX-001)
Warning: Technology layer 'RDL' setting 'routing-direction' is not valid (NEX-001)
Warning: Technology layer 'RDL' setting 'routing-direction' is not valid (NEX-001)
Warning: Technology layer 'RDL' setting 'routing-direction' is not valid (NEX-001)
Warning: Technology layer 'RDL' setting 'routing-direction' is not valid (NEX-001)
Warning: Technology layer 'RDL' setting 'routing-direction' is not valid (NEX-001)
Warning: Technology layer 'RDL' setting 'routing-direction' is not valid (NEX-001)
Warning: Technology layer 'RDL' setting 'routing-direction' is not valid (NEX-001)
Warning: No clock routing rules were specified. Use set_clock_routing_rules to specify routing rules for accurate clock latency estimation. (OPT-902)
Warning: No clock routing rules were specified. Use set_clock_routing_rules to specify routing rules for accurate clock latency estimation. (OPT-902)
Information: Estimating clock gate latencies for scenario 'default'. (OPT-909)
Warning: Technology layer 'RDL' setting 'routing-direction' is not valid (NEX-001)
----------------------------------------------------------------
Fixing logic constant
Fixing logic constant
Information: The stitching and editing of coupling caps is turned OFF for design 'mac16_ndm:mac16.design'. (TIM-125)
Warning: Technology layer 'RDL' setting 'routing-direction' is not valid (NEX-001)
Information: Design Average RC for design mac16  (NEX-011)
Information: r = 0.918810 ohm/um, via_r = 0.000000 ohm/cut, c = 0.157091 ff/um, cc = 0.000000 ff/um (X dir) (NEX-017)
Information: r = 0.820126 ohm/um, via_r = 0.000000 ohm/cut, c = 0.167598 ff/um, cc = 0.000000 ff/um (Y dir) (NEX-017)
Information: The RC mode used is VR for design 'mac16'. (NEX-022)
Information: Update timing completed net estimation for all the timing graph nets (TIM-111)
Information: Net estimation statistics: timing graph nets = 2560, routed nets = 0, across physical hierarchy nets = 0, parasitics cached nets = 2560, delay annotated nets = 0, parasitics annotated nets = 0, multi-voltage nets = 0. (TIM-112)
Information: Initializing classic cellmap without advanced rules enabled and without PDC enabled
Information: The following app options are used in cellmap
        place.legalize.enable_color_aware_placement : false
        place.legalize.use_nll_query_cm : false
        place.legalize.enable_advanced_legalizer : false
        place.legalize.enable_prerouted_net_check : true
        place.legalize.enable_advanced_prerouted_net_check : false
        place.legalize.always_continue : true
        place.legalize.limit_legality_checks : false
        place.common.pnet_aware_density : 1.0000
        place.common.pnet_aware_min_width : 0.0000
        place.common.pnet_aware_layers : {}
        place.common.use_placement_model : false
        place.common.enable_advanced_placement_model : true
        cts.placement.cell_spacing_rule_style : maximum
Total 0.0126 seconds to build cellmap data
INFO: creating 16(r) x 16(c) GridCells YDim 9 XDim 9
INFO: number of GridCells (0x9ed5c000): 256
INFO: creating 16(r) x 16(c) GridCells YDim 9 XDim 9
INFO: number of GridCells (0x9ed5c000): 256
Total 0.0126 seconds to load 2426 cell instances into cellmap, 2426 cells are off site row
Moveable cells: 2426; Application fixed cells: 0; Macro cells: 0; User fixed cells: 0
Average cell width 2.5101, cell height 1.8000, cell area 4.5181 for total 2426 placed and application fixed cells
Warning: Skipping pin U2687/VDD. Reason - Power/Ground pin. (OPT-069)
Warning: Skipping pin U2685/VDD. Reason - Power/Ground pin. (OPT-069)
Warning: Skipping pin U2676/VDD. Reason - Power/Ground pin. (OPT-069)
Warning: Skipping pin U2672/VDD. Reason - Power/Ground pin. (OPT-069)
Warning: Skipping pin U2655/VDD. Reason - Power/Ground pin. (OPT-069)
Warning: Skipping pin U2654/VDD. Reason - Power/Ground pin. (OPT-069)
Warning: Skipping pin U2653/VDD. Reason - Power/Ground pin. (OPT-069)
Warning: Skipping pin U2652/VDD. Reason - Power/Ground pin. (OPT-069)
Warning: Skipping pin U2651/VDD. Reason - Power/Ground pin. (OPT-069)
Warning: Skipping pin U2523/VDD. Reason - Power/Ground pin. (OPT-069)
Note - message 'OPT-069' limit (10) exceeded. Remainder will be suppressed.
INFO: total number of constant pins: 34
INFO: constant pins which are scan-pins: 0
INFO: constant pins that are not scan-pins: 34
Completed Timing-driven placement, Elapsed time =   0: 0: 2 
----------------------------------------------------------------
Running legalize_placement
Start Legalization
nplDplc2Placer::setParam(effort,1)
nplDplc2Placer::setParam(debug,0)
nplDplc2Placer::setParam(site_check,2)
nplDplc2Placer::setParam(app_firm_wgt,0)
Warning: Routing direction of metal layer POLY is neither "horizontal" nor "vertical".  PDC checks will not be performed on this layer. (PDC-003)
Warning: Routing direction of metal layer RDL is neither "horizontal" nor "vertical".  PDC checks will not be performed on this layer. (PDC-003)
PDC app_options settings =========
	place.legalize.enable_prerouted_net_check: 1
	place.legalize.num_tracks_for_access_check: 1
	place.legalize.use_eol_spacing_for_access_check: 0
	place.legalize.allow_touch_track_for_access_check: 1
	place.legalize.reduce_conservatism_in_eol_check: 0
	place.legalize.preroute_shape_merge_distance: 0.0
	place.legalize.enable_non_preferred_direction_span_check: 0

Layer MET1: cached 0 shapes out of 0 total shapes.
Layer MET2: cached 0 shapes out of 0 total shapes.
Cached 0 vias out of 60 total vias.

Legalizing Top Level Design mac16 ... 
Information: Initializing classic cellmap without advanced rules enabled and without PDC enabled
Information: The following app options are used in cellmap
        place.legalize.enable_color_aware_placement : false
        place.legalize.use_nll_query_cm : false
        place.legalize.enable_advanced_legalizer : false
        place.legalize.enable_prerouted_net_check : true
        place.legalize.enable_advanced_prerouted_net_check : false
        place.legalize.always_continue : true
        place.legalize.limit_legality_checks : false
        place.common.pnet_aware_density : 1.0000
        place.common.pnet_aware_min_width : 0.0000
        place.common.pnet_aware_layers : {}
        place.common.use_placement_model : false
        place.common.enable_advanced_placement_model : true
        cts.placement.cell_spacing_rule_style : maximum
Total 0.0124 seconds to build cellmap data
Information: Creating classic rule checker.
Warning: Routing direction of metal layer POLY is neither "horizontal" nor "vertical".  PDC checks will not be performed on this layer. (PDC-003)
Warning: Routing direction of metal layer RDL is neither "horizontal" nor "vertical".  PDC checks will not be performed on this layer. (PDC-003)
=====> Processed 108 ref cells (0 fillers) from library

Bounds/Regions In This Design:
        Area    Num Cells  Exclusive Name
 (square um)
     17848.8         2430        Yes DEFAULT_VA

Warning: max_legality_failures=5000 ignored.
	To use it, set limit_legality_checks to true.
Warning: max_legality_check_range=500 ignored.
	To use it, set limit_legality_checks to true.
Starting legalizer.
Warning: Exclusive bound 'DEFAULT' has no cells.
Optimizing Exclusive Bound 'DEFAULT_VA' (2/2)
    Done Exclusive Bound 'DEFAULT_VA' (2/2) (0 sec)
Legalization complete (0 total sec)

****************************************
  Report : Placement Attempts
  Site   : core9
****************************************

number of cells:                   2430
number of references:               108
number of site rows:                 74
number of locations attempted:    55848
number of locations failed:           0  (0.0%)

Legality of references at locations:
0 references had failures.

Legality of references in rows:
0 references had row failures.

****************************************
  Report : Cell Displacements
****************************************

number of cells aggregated:        2430 (30463 total sites)
avg row height over cells:        1.800 um
rms cell displacement:            0.546 um ( 0.30 row height)
rms weighted cell displacement:   0.546 um ( 0.30 row height)
max cell displacement:            2.544 um ( 1.41 row height)
avg cell displacement:            0.480 um ( 0.27 row height)
avg weighted cell displacement:   0.480 um ( 0.27 row height)
number of cells moved:             2430
number of large displacements:        0
large displacement threshold:     3.000 row height

Displacements of worst 10 cells:
Cell: HFSINV_53661_13 (INVX1H9R)
  Input location: (96.1535,101.456)
  Legal location: (96.2,104)
  Displacement:   2.544 um ( 1.41 row height)
Cell: u_mac16_top/u_mac/u_mul/clk_gate_r_s22_reg/main_gate (AND2X0P5H9R)
  Input location: (66.441,74.1312)
  Legal location: (66.4,71.6)
  Displacement:   2.532 um ( 1.41 row height)
Cell: U1819 (INVX0P5H9R)
  Input location: (43.8115,9.3021)
  Legal location: (43.8,6.8)
  Displacement:   2.502 um ( 1.39 row height)
Cell: U2248 (INVX0P5H9R)
  Input location: (98.069,35.0451)
  Legal location: (98,37.4)
  Displacement:   2.356 um ( 1.31 row height)
Cell: U2095 (INVX0P5H9R)
  Input location: (104.221,36.387)
  Legal location: (102.2,37.4)
  Displacement:   2.260 um ( 1.26 row height)
Cell: optlc_645 (TIELOX1H9R)
  Input location: (107.8,95)
  Legal location: (109,96.8)
  Displacement:   2.163 um ( 1.20 row height)
Cell: U2192 (NAND2X0P5H9R)
  Input location: (12.9396,55.3441)
  Legal location: (13,53.6)
  Displacement:   1.745 um ( 0.97 row height)
Cell: U2789 (INVX0P5H9R)
  Input location: (111.578,34.3236)
  Legal location: (113.2,33.8)
  Displacement:   1.704 um ( 0.95 row height)
Cell: HFSBUF_2022_32 (BUFX1H9R)
  Input location: (35.5717,38.7085)
  Legal location: (36.4,37.4)
  Displacement:   1.549 um ( 0.86 row height)
Cell: HFSINV_54114_14 (INVX1H9R)
  Input location: (94.9453,94.6918)
  Legal location: (93.6,95)
  Displacement:   1.380 um ( 0.77 row height)

Information: Extraction observers are detached as design net change threshold is reached.
Completed Legalization, Elapsed time =   0: 0: 0 
Moved 2430 out of 2430 cells, ratio = 1.000000
Total displacement = 1416.019775(um)
Max displacement = 3.033500(um), U2095 (104.220497, 36.387001, 0) => (102.199997, 39.200001, 4)
Displacement histogram:
  0 ~  10% cells displacement <=      0.17(um)
  0 ~  20% cells displacement <=      0.28(um)
  0 ~  30% cells displacement <=      0.39(um)
  0 ~  40% cells displacement <=      0.47(um)
  0 ~  50% cells displacement <=      0.57(um)
  0 ~  60% cells displacement <=      0.66(um)
  0 ~  70% cells displacement <=      0.76(um)
  0 ~  80% cells displacement <=      0.85(um)
  0 ~  90% cells displacement <=      0.96(um)
  0 ~ 100% cells displacement <=      3.03(um)
Information: The net parasitics of block mac16 are cleared. (TIM-123)
Legalization succeeded.
----------------------------------------------------------------
Information: The stitching and editing of coupling caps is turned OFF for design 'mac16_ndm:mac16.design'. (TIM-125)
Warning: Technology layer 'RDL' setting 'routing-direction' is not valid (NEX-001)
Information: Design Average RC for design mac16  (NEX-011)
Information: r = 0.918810 ohm/um, via_r = 0.000000 ohm/cut, c = 0.157091 ff/um, cc = 0.000000 ff/um (X dir) (NEX-017)
Information: r = 0.820126 ohm/um, via_r = 0.000000 ohm/cut, c = 0.167598 ff/um, cc = 0.000000 ff/um (Y dir) (NEX-017)
Information: The RC mode used is VR for design 'mac16'. (NEX-022)
Information: Update timing completed net estimation for all the timing graph nets (TIM-111)
Information: Net estimation statistics: timing graph nets = 2564, routed nets = 0, across physical hierarchy nets = 0, parasitics cached nets = 2564, delay annotated nets = 0, parasitics annotated nets = 0, multi-voltage nets = 0. (TIM-112)
Information: Ending   place_opt / final_place / Timing and Congestion Driven Placement with Legalization (FLW-8001)
Information: Time: 2026-08-18 14:57:20 / Session:  00:00:52 / Command:  00:00:35 / CPU:  00:00:32 / Memory: 1801 MB (FLW-8100)


Information: Ending   place_opt / final_place (FLW-8001)
Information: Time: 2026-08-18 14:57:20 / Session:  00:00:52 / Command:  00:00:35 / CPU:  00:00:32 / Memory: 1801 MB (FLW-8100)

----------------------------------------------------------------------------------------------------------
Information: Starting place_opt / final_opto (FLW-8000)
Information: Time: 2026-08-18 14:57:20 / Session:  00:00:52 / Command:  00:00:35 / CPU:  00:00:32 / Memory: 1801 MB (FLW-8100)
----------------------------------------------------------------------------------------------------------

Place-opt optimization Phase 37 Iter  1         0.00        0.00      0.00         0      10966.68      545.72        2430              0.01      1801
Information: The net parasitics of block mac16 are cleared. (TIM-123)
Information: The stitching and editing of coupling caps is turned OFF for design 'mac16_ndm:mac16.design'. (TIM-125)
Warning: Technology layer 'RDL' setting 'routing-direction' is not valid (NEX-001)
Information: Design Average RC for design mac16  (NEX-011)
Information: r = 0.918810 ohm/um, via_r = 0.000000 ohm/cut, c = 0.157091 ff/um, cc = 0.000000 ff/um (X dir) (NEX-017)
Information: r = 0.820126 ohm/um, via_r = 0.000000 ohm/cut, c = 0.167598 ff/um, cc = 0.000000 ff/um (Y dir) (NEX-017)
Number of Site types in the design = 1
Setting up Chip Core
Chip Core shape: (50000 50000) (1390000 1382000)
Number of VARs = 1
Number of unique PDs = 1
Number of Power Domains = 1
Number of Voltage Areas = 1
Number of supply Nets = 2
Number of used supplies = 0
Blocked VAs: 
Information: The RC mode used is VR for design 'mac16'. (NEX-022)
Information: Update timing completed net estimation for all the timing graph nets (TIM-111)
Information: Net estimation statistics: timing graph nets = 2564, routed nets = 0, across physical hierarchy nets = 0, parasitics cached nets = 2564, delay annotated nets = 0, parasitics annotated nets = 0, multi-voltage nets = 0. (TIM-112)
Running final optimization step.
Warning: Technology layer 'RDL' setting 'routing-direction' is not valid (NEX-001)

Information: Starting place_opt / final_opto / Optimization (1) (FLW-8000)
Information: Time: 2026-08-18 14:57:20 / Session:  00:00:52 / Command:  00:00:35 / CPU:  00:00:32 / Memory: 1801 MB (FLW-8100)

Warning: Cannot find any max transition constraint on the design. (OPT-070)
Information: Initializing classic cellmap without advanced rules enabled and without PDC enabled
Information: The following app options are used in cellmap
        place.legalize.enable_color_aware_placement : false
        place.legalize.use_nll_query_cm : false
        place.legalize.enable_advanced_legalizer : false
        place.legalize.enable_prerouted_net_check : true
        place.legalize.enable_advanced_prerouted_net_check : false
        place.legalize.always_continue : true
        place.legalize.limit_legality_checks : false
        place.common.pnet_aware_density : 1.0000
        place.common.pnet_aware_min_width : 0.0000
        place.common.pnet_aware_layers : {}
        place.common.use_placement_model : false
        place.common.enable_advanced_placement_model : true
        cts.placement.cell_spacing_rule_style : maximum
Total 0.0117 seconds to build cellmap data
INFO: creating 27(r) x 27(c) GridCells YDim 5.4 XDim 5.4
INFO: number of GridCells (0x9a824380): 729
INFO: creating 27(r) x 27(c) GridCells YDim 5.4 XDim 5.4
INFO: number of GridCells (0x9a824380): 729
Total 0.0131 seconds to load 2430 cell instances into cellmap
Moveable cells: 2430; Application fixed cells: 0; Macro cells: 0; User fixed cells: 0
Average cell width 2.5072, cell height 1.8000, cell area 4.5130 for total 2430 placed and application fixed cells
Warning: Cannot find any max transition constraint on the design. (OPT-070)

Information: Initializing classic cellmap without advanced rules enabled and without PDC enabled
Information: The following app options are used in cellmap
        place.legalize.enable_color_aware_placement : false
        place.legalize.use_nll_query_cm : false
        place.legalize.enable_advanced_legalizer : false
        place.legalize.enable_prerouted_net_check : true
        place.legalize.enable_advanced_prerouted_net_check : false
        place.legalize.always_continue : true
        place.legalize.limit_legality_checks : false
        place.common.pnet_aware_density : 1.0000
        place.common.pnet_aware_min_width : 0.0000
        place.common.pnet_aware_layers : {}
        place.common.use_placement_model : false
        place.common.enable_advanced_placement_model : true
        cts.placement.cell_spacing_rule_style : maximum
Total 0.0119 seconds to build cellmap data
INFO: creating 27(r) x 27(c) GridCells YDim 5.4 XDim 5.4
INFO: number of GridCells (0x9a824380): 729
INFO: creating 27(r) x 27(c) GridCells YDim 5.4 XDim 5.4
INFO: number of GridCells (0x9a824380): 729
Total 0.0128 seconds to load 2430 cell instances into cellmap
Moveable cells: 2430; Application fixed cells: 0; Macro cells: 0; User fixed cells: 0
Average cell width 2.5072, cell height 1.8000, cell area 4.5130 for total 2430 placed and application fixed cells
Place-opt optimization Phase 40 Iter  1         0.00        0.00      0.00         0      10966.68      545.72        2430              0.01      1801
Information: The value of option cts.compile.enable_cell_relocation has been overridden to "leaf_only" to support latency-driven placement. (CTS-973)
Isolated 0 ports, skipped 0 ports
Already Isolated 0 ports, Deleted 0 existing Isolation cells 

Place-opt optimization Phase 41 Iter  1         0.00        0.00      0.00         0      10966.68      545.72        2430              0.02      1801
Corner Scaling is off, multiplier is 1.000000
Corner Scaling is off, multiplier is 1.000000
Using default layer MET4
new cutoff lpd: 4.91218e-07
corner scaling: maxCornerId = 0
corner=default, tran factor=1.000000 (0.208726 / 0.208726)
bmap: stepx = stepy = 90000
creating bmap
DB units per micron : 10000
INFO: New Levelizer turned on
Place-opt optimization Phase 41 Iter  2         0.00        0.00      0.00         0      10966.68      545.72        2430              0.02      1801
Place-opt optimization Phase 41 Iter  3         0.00        0.00      0.00         0      10966.68      545.72        2430              0.02      1801

CCL: Total Usage Adjustment : 1
INFO: Derive row count 20 from GR congestion map (80/4)
INFO: Derive col count 20 from GR congestion map (80/4)
Convert timing mode ...
Place-opt optimization Phase 42 Iter  1         0.00        0.00      0.00         0      10966.68      545.72        2430              0.02      1801
Place-opt optimization Phase 42 Iter  2         0.00        0.00      0.00         0      10966.68      545.72        2430              0.02      1801
Place-opt optimization Phase 42 Iter  3         0.00        0.00      0.00         0      10966.68      545.72        2430              0.02      1801
Place-opt optimization Phase 42 Iter  4         0.00        0.00      0.00         0      10966.68      545.72        2430              0.02      1801
Number of Site types in the design = 1
INFO: Skipping activation of hold scenarios prior to CUS.
Information: The value of option cts.compile.enable_cell_relocation has been overridden to "leaf_only" to support latency-driven placement. (CTS-973)
CCD app option: ccd.targeted_ccd_path_groups:  **clock_gating_default**
Target path group: scenario default pathgroup **clock_gating_default**
Information: CCD will use corner default for honoring max prepone/postpone limits

Summary of messages during CTS:
===============================================================
  Tag   Count  Type           Description
---------------------------------------------------------------
 No error or warning message.
Information: The value of option cts.compile.enable_cell_relocation has been overridden to "leaf_only" to support latency-driven placement. (CTS-973)
Warning: Technology layer 'RDL' setting 'routing-direction' is not valid (NEX-001)
Warning: Technology layer 'RDL' setting 'routing-direction' is not valid (NEX-001)
Warning: Technology layer 'RDL' setting 'routing-direction' is not valid (NEX-001)
Warning: Technology layer 'RDL' setting 'routing-direction' is not valid (NEX-001)
Warning: Technology layer 'RDL' setting 'routing-direction' is not valid (NEX-001)
Warning: Technology layer 'RDL' setting 'routing-direction' is not valid (NEX-001)
Warning: Technology layer 'RDL' setting 'routing-direction' is not valid (NEX-001)
Warning: Technology layer 'RDL' setting 'routing-direction' is not valid (NEX-001)
Warning: Technology layer 'RDL' setting 'routing-direction' is not valid (NEX-001)
Warning: Technology layer 'RDL' setting 'routing-direction' is not valid (NEX-001)
Warning: Technology layer 'RDL' setting 'routing-direction' is not valid (NEX-001)
Warning: Technology layer 'RDL' setting 'routing-direction' is not valid (NEX-001)
Warning: Technology layer 'RDL' setting 'routing-direction' is not valid (NEX-001)
Warning: Technology layer 'RDL' setting 'routing-direction' is not valid (NEX-001)
Warning: Technology layer 'RDL' setting 'routing-direction' is not valid (NEX-001)
Warning: No clock routing rules were specified. Use set_clock_routing_rules to specify routing rules for accurate clock latency estimation. (OPT-902)
Warning: No clock routing rules were specified. Use set_clock_routing_rules to specify routing rules for accurate clock latency estimation. (OPT-902)
Information: Estimating clock gate latencies for scenario 'default'. (OPT-909)
Warning: Technology layer 'RDL' setting 'routing-direction' is not valid (NEX-001)
INFO: Skipping deactivation of hold scenarios after CUS.
Number of Site types in the design = 1
Place-opt optimization Phase 42 Iter  5         0.00        0.00      0.00         0      10966.68      545.72        2430              0.02      1801
Place-opt optimization Phase 42 Iter  6         0.00        0.00      0.00         0      10966.68      545.72        2430              0.02      1801
Place-opt optimization Phase 42 Iter  7         0.00        0.00      0.00         0      10966.68      545.72        2430              0.02      1801
Place-opt optimization Phase 42 Iter  8         0.00        0.00      0.00         0      10966.68      545.72        2430              0.02      1801
Corner Scaling is off, multiplier is 1.000000
Using default layer MET4
new cutoff lpd: 4.91218e-07
corner scaling: maxCornerId = 0
corner=default, tran factor=1.000000 (0.208726 / 0.208726)
bmap: stepx = stepy = 90000
creating bmap
DB units per micron : 10000
Place-opt optimization Phase 42 Iter  9         0.00        0.00      0.00         0      10966.68      545.72        2430              0.02      1801
Place-opt optimization Phase 42 Iter 10         0.00        0.00      0.00         0      10966.68      545.72        2430              0.02      1801
Number of Site types in the design = 1
INFO: Skipping activation of hold scenarios prior to CUS.
Information: The value of option cts.compile.enable_cell_relocation has been overridden to "leaf_only" to support latency-driven placement. (CTS-973)
CCD app option: ccd.targeted_ccd_path_groups:  **clock_gating_default**
Target path group: scenario default pathgroup **clock_gating_default**
Information: CCD will use corner default for honoring max prepone/postpone limits

Summary of messages during CTS:
===============================================================
  Tag   Count  Type           Description
---------------------------------------------------------------
 No error or warning message.
Information: The value of option cts.compile.enable_cell_relocation has been overridden to "leaf_only" to support latency-driven placement. (CTS-973)
Warning: Technology layer 'RDL' setting 'routing-direction' is not valid (NEX-001)
Warning: Technology layer 'RDL' setting 'routing-direction' is not valid (NEX-001)
Warning: Technology layer 'RDL' setting 'routing-direction' is not valid (NEX-001)
Warning: Technology layer 'RDL' setting 'routing-direction' is not valid (NEX-001)
Warning: Technology layer 'RDL' setting 'routing-direction' is not valid (NEX-001)
Warning: Technology layer 'RDL' setting 'routing-direction' is not valid (NEX-001)
Warning: Technology layer 'RDL' setting 'routing-direction' is not valid (NEX-001)
Warning: Technology layer 'RDL' setting 'routing-direction' is not valid (NEX-001)
Warning: Technology layer 'RDL' setting 'routing-direction' is not valid (NEX-001)
Warning: Technology layer 'RDL' setting 'routing-direction' is not valid (NEX-001)
Warning: Technology layer 'RDL' setting 'routing-direction' is not valid (NEX-001)
Warning: Technology layer 'RDL' setting 'routing-direction' is not valid (NEX-001)
Warning: Technology layer 'RDL' setting 'routing-direction' is not valid (NEX-001)
Warning: Technology layer 'RDL' setting 'routing-direction' is not valid (NEX-001)
Warning: Technology layer 'RDL' setting 'routing-direction' is not valid (NEX-001)
Warning: No clock routing rules were specified. Use set_clock_routing_rules to specify routing rules for accurate clock latency estimation. (OPT-902)
Warning: No clock routing rules were specified. Use set_clock_routing_rules to specify routing rules for accurate clock latency estimation. (OPT-902)
Information: Estimating clock gate latencies for scenario 'default'. (OPT-909)
Warning: Technology layer 'RDL' setting 'routing-direction' is not valid (NEX-001)
INFO: Skipping deactivation of hold scenarios after CUS.
Number of Site types in the design = 1
Place-opt optimization Phase 42 Iter 11         0.00        0.00      0.00         0      10966.68      545.72        2430              0.02      1801
Place-opt optimization Phase 42 Iter 12         0.00        0.00      0.00         0      10966.68      545.72        2430              0.02      1801
Place-opt optimization Phase 42 Iter 13         0.00        0.00      0.00         0      10966.68      545.72        2430              0.02      1801
Place-opt optimization Phase 42 Iter 14         0.00        0.00      0.00         0      10966.68      545.72        2430              0.02      1801
Place-opt optimization Phase 42 Iter 15         0.00        0.00      0.00         0      10966.68      545.72        2430              0.02      1801
Place-opt optimization Phase 42 Iter 16         0.00        0.00      0.00         0      10966.68      545.72        2430              0.02      1801
Place-opt optimization Phase 42 Iter 17         0.00        0.00      0.00         0      10966.68      545.72        2430              0.02      1801

Place-opt optimization Phase 43 Iter  1         0.00        0.00      0.00         0      10966.68      545.72        2430              0.02      1801

CCL: Total Usage Adjustment : 1
INFO: Derive row count 20 from GR congestion map (80/4)
INFO: Derive col count 20 from GR congestion map (80/4)
Convert timing mode ...
Place-opt optimization summary            SETUP-COST    R2R-COST HOLD-COST LDRC-COST          AREA     LEAKAGE     INSTCNT            ELAPSE       MEM
Place-opt optimization Phase 44 Iter  1         0.00        0.00      0.00         0      10965.96      545.60        2430              0.02      1801
Corner Scaling is off, multiplier is 1.000000
Using default layer MET4
new cutoff lpd: 4.91218e-07
corner scaling: maxCornerId = 0
corner=default, tran factor=1.000000 (0.208726 / 0.208726)
bmap: stepx = stepy = 90000
creating bmap
DB units per micron : 10000
Place-opt optimization Phase 44 Iter  2         0.00        0.00      0.00         0      10965.96      545.60        2430              0.02      1801
Place-opt optimization Phase 44 Iter  3         0.00        0.00      0.00         0      10965.96      545.60        2430              0.02      1801
Place-opt optimization Phase 44 Iter  4         0.00        0.00      0.00         0      10965.96      545.60        2430              0.02      1801

Disable clock slack update for ideal clocks
Place-opt optimization Phase 45 Iter  1         0.00        0.00      0.00         0      10965.96      545.60        2430              0.02      1801
INFO: cellmap features:  adv-rules=(N), pdc=(N), clock-rules=(Y)

Place-opt optimization Phase 46 Iter  1         0.00        0.00      0.00         0      10965.96      545.60        2430              0.02      1801
CCL: Total Usage Adjustment : 1
INFO: Derive row count 20 from GR congestion map (80/4)
INFO: Derive col count 20 from GR congestion map (80/4)
Convert timing mode ...
INFO: New Levelizer turned on
Layer Demotion Info:
Bin                       OptDist       MinLen      BeforeCount       AfterCount        Diff
-----------------------------------------------------------------------------------------
None                        333.2          0.0             2564             2564           0
MET2                        334.5         33.3                0                0           0
-----------------------------------------------------------------------------------------
Total Demoted Nets:             0


Place-opt optimization Phase 47 Iter  1         0.00        0.00      0.00         0      10965.96      545.60        2430              0.02      1801

Disable clock slack update for ideal clocks
Information: Activity propagation will be performed for scenario default.
Information: Doing activity propagation for mode 'default' and corner 'default' with effort level 'medium'. (POW-024)
Information: Timer-derived activity data is cached on scenario default (POW-052)
Information: Running switching activity propagation in scalar mode!

 **** Information : No. of simulation cycles = 7 ****
Place-opt optimization Phase 48 Iter  1         0.00        0.00      0.00         0      10962.36      546.19        2428              0.02      1801
INFO: cellmap features:  adv-rules=(N), pdc=(N), clock-rules=(Y)

Place-opt optimization Phase 49 Iter  1         0.00        0.00      0.00         0      10962.36      542.42        2428              0.02      1801
ISR-INFO:  Running path margin based recovery (target = 0.0000, multiplier = 0.7000, mode = 0)
INFO: New Levelizer turned on
Knee-Processing :  cumEst: 0.00795366 cumPct:    99.46 estdown: 0.00004314 cumUp:  109 numDown:  454 status= valid
Knee-Processing :  cumEst: 0.00797305 cumPct:    99.70 estdown: 0.00002374 cumUp:  213 numDown:  350 status= valid
Knee-Processing :  cumEst: 0.00799680 cumPct:   100.00 estdown: 0.00000000 cumUp: 1601 numDown:    0 status= valid

Place-opt optimization Phase 50 Iter  1         0.00        0.00      0.00         0      10962.36      541.19        2428              0.02      1801
INFO: total number of constant pins: 0
INFO: constant pins which are scan-pins: 0
INFO: constant pins that are not scan-pins: 0

Place-opt optimization Phase 51 Iter  1         0.00        0.00      0.00         0      10962.36      541.19        2428              0.02      1801

Place-opt optimization Phase 52 Iter  1         0.00        0.00      0.00         0      10962.36      541.19        2428              0.02      1801

Information: Ending   place_opt / final_opto / Optimization (1) (FLW-8001)
Information: Time: 2026-08-18 14:57:25 / Session:  00:00:58 / Command:  00:00:40 / CPU:  00:00:37 / Memory: 1801 MB (FLW-8100)

Information: Starting place_opt / final_opto / Legalization (1) (FLW-8000)
Information: Time: 2026-08-18 14:57:25 / Session:  00:00:58 / Command:  00:00:40 / CPU:  00:00:37 / Memory: 1801 MB (FLW-8100)

START_FUNC : legalize_placement_pre_run_core CPU :     42 s ( 0.01 hr) ELAPSE :     58 s ( 0.02 hr) MEM-PEAK :  1801 Mb
END_FUNC : legalize_placement_pre_run_core CPU :     42 s ( 0.01 hr) ELAPSE :     58 s ( 0.02 hr) MEM-PEAK :  1801 Mb
START_FUNC: legalize_placement_run_core CPU:     46 s ( 0.01 hr) ELAPSE:     58 s ( 0.02 hr) MEM-PEAK:  1801 Mb Tue Aug 18 14:57:25 2026
Place-opt optimization Phase 55 Iter  1         0.00        0.00      0.00         0      10962.36      541.19        2428              0.02      1801
nplDplc2Placer::setParam(effort,1)
nplDplc2Placer::setParam(debug,0)
nplDplc2Placer::setParam(site_check,2)
nplDplc2Placer::setParam(app_firm_wgt,0)
Warning: Routing direction of metal layer POLY is neither "horizontal" nor "vertical".  PDC checks will not be performed on this layer. (PDC-003)
Warning: Routing direction of metal layer RDL is neither "horizontal" nor "vertical".  PDC checks will not be performed on this layer. (PDC-003)
PDC app_options settings =========
	place.legalize.enable_prerouted_net_check: 1
	place.legalize.num_tracks_for_access_check: 1
	place.legalize.use_eol_spacing_for_access_check: 0
	place.legalize.allow_touch_track_for_access_check: 1
	place.legalize.reduce_conservatism_in_eol_check: 0
	place.legalize.preroute_shape_merge_distance: 0.0
	place.legalize.enable_non_preferred_direction_span_check: 0

Layer MET1: cached 0 shapes out of 0 total shapes.
Layer MET2: cached 0 shapes out of 0 total shapes.
Cached 0 vias out of 60 total vias.

Legalizing Top Level Design mac16 ... 
Information: Initializing classic cellmap without advanced rules enabled and without PDC enabled
Information: The following app options are used in cellmap
        place.legalize.enable_color_aware_placement : false
        place.legalize.use_nll_query_cm : false
        place.legalize.enable_advanced_legalizer : false
        place.legalize.enable_prerouted_net_check : true
        place.legalize.enable_advanced_prerouted_net_check : false
        place.legalize.always_continue : true
        place.legalize.limit_legality_checks : false
        place.common.pnet_aware_density : 1.0000
        place.common.pnet_aware_min_width : 0.0000
        place.common.pnet_aware_layers : {}
        place.common.use_placement_model : false
        place.common.enable_advanced_placement_model : true
        cts.placement.cell_spacing_rule_style : maximum
Total 0.0117 seconds to build cellmap data
Information: Creating classic rule checker.
Warning: Routing direction of metal layer POLY is neither "horizontal" nor "vertical".  PDC checks will not be performed on this layer. (PDC-003)
Warning: Routing direction of metal layer RDL is neither "horizontal" nor "vertical".  PDC checks will not be performed on this layer. (PDC-003)
=====> Processed 106 ref cells (0 fillers) from library

Bounds/Regions In This Design:
        Area    Num Cells  Exclusive Name
 (square um)
     17848.8         2428        Yes DEFAULT_VA

Starting legalizer.
Warning: Exclusive bound 'DEFAULT' has no cells.
Optimizing Exclusive Bound 'DEFAULT_VA' (2/2)
    Done Exclusive Bound 'DEFAULT_VA' (2/2) (0 sec)
Legalization complete (0 total sec)

****************************************
  Report : Placement Attempts
  Site   : core9
****************************************

number of cells:                   2428
number of references:               106
number of site rows:                 74
number of locations attempted:    49829
number of locations failed:           0  (0.0%)

Legality of references at locations:
0 references had failures.

Legality of references in rows:
0 references had row failures.

****************************************
  Report : Cell Displacements
****************************************

number of cells aggregated:        2428 (30451 total sites)
avg row height over cells:        1.800 um
rms cell displacement:            0.000 um ( 0.00 row height)
rms weighted cell displacement:   0.000 um ( 0.00 row height)
max cell displacement:            0.000 um ( 0.00 row height)
avg cell displacement:            0.000 um ( 0.00 row height)
avg weighted cell displacement:   0.000 um ( 0.00 row height)
number of cells moved:                0
number of large displacements:        0
large displacement threshold:     3.000 row height

Displacements of worst 10 cells:
Cell: U1056 (ADDFX1H9R)
  Input location: (24.2,105.8)
  Legal location: (24.2,105.8)
  Displacement:   0.000 um ( 0.00 row height)
Cell: U1055 (ADDFX1H9R)
  Input location: (19.2,109.4)
  Legal location: (19.2,109.4)
  Displacement:   0.000 um ( 0.00 row height)
Cell: U1054 (ADDFX1H9R)
  Input location: (12.2,105.8)
  Legal location: (12.2,105.8)
  Displacement:   0.000 um ( 0.00 row height)
Cell: U1050 (ADDFX1H9R)
  Input location: (34.6,89.6)
  Legal location: (34.6,89.6)
  Displacement:   0.000 um ( 0.00 row height)
Cell: U1045 (ADDFX1H9R)
  Input location: (36.8,80.6)
  Legal location: (36.8,80.6)
  Displacement:   0.000 um ( 0.00 row height)
Cell: U1049 (ADDFX1H9R)
  Input location: (32,93.2)
  Legal location: (32,93.2)
  Displacement:   0.000 um ( 0.00 row height)
Cell: U1048 (ADDFX1H9R)
  Input location: (17.4,91.4)
  Legal location: (17.4,91.4)
  Displacement:   0.000 um ( 0.00 row height)
Cell: U1047 (ADDFX1H9R)
  Input location: (31.2,91.4)
  Legal location: (31.2,91.4)
  Displacement:   0.000 um ( 0.00 row height)
Cell: U1046 (ADDFX1H9R)
  Input location: (35,86)
  Legal location: (35,86)
  Displacement:   0.000 um ( 0.00 row height)
Cell: U1158 (ADDFX1H9R)
  Input location: (6.8,105.8)
  Legal location: (6.8,105.8)
  Displacement:   0.000 um ( 0.00 row height)

Information: The net parasitics of block mac16 are cleared. (TIM-123)
Information: The stitching and editing of coupling caps is turned OFF for design 'mac16_ndm:mac16.design'. (TIM-125)
Warning: Technology layer 'RDL' setting 'routing-direction' is not valid (NEX-001)
Information: Design Average RC for design mac16  (NEX-011)
Information: r = 0.918810 ohm/um, via_r = 0.000000 ohm/cut, c = 0.157091 ff/um, cc = 0.000000 ff/um (X dir) (NEX-017)
Information: r = 0.820126 ohm/um, via_r = 0.000000 ohm/cut, c = 0.167598 ff/um, cc = 0.000000 ff/um (Y dir) (NEX-017)
Information: The RC mode used is VR for design 'mac16'. (NEX-022)
Information: Update timing completed net estimation for all the timing graph nets (TIM-111)
Information: Net estimation statistics: timing graph nets = 2562, routed nets = 0, across physical hierarchy nets = 0, parasitics cached nets = 2562, delay annotated nets = 0, parasitics annotated nets = 0, multi-voltage nets = 0. (TIM-112)
END_FUNC: legalize_placement_run_core CPU:     47 s ( 0.01 hr) ELAPSE:     59 s ( 0.02 hr) MEM-PEAK:  1801 Mb Tue Aug 18 14:57:26 2026

Information: Ending   place_opt / final_opto / Legalization (1) (FLW-8001)
Information: Time: 2026-08-18 14:57:26 / Session:  00:00:58 / Command:  00:00:41 / CPU:  00:00:37 / Memory: 1801 MB (FLW-8100)

Information: Starting place_opt / final_opto / Optimization (2) (FLW-8000)
Information: Time: 2026-08-18 14:57:26 / Session:  00:00:58 / Command:  00:00:41 / CPU:  00:00:37 / Memory: 1801 MB (FLW-8100)
INFO: Enabled CLO at stage after_LGL1.

Warning: Cannot find any max transition constraint on the design. (OPT-070)
INFO: place.legalize.enable_advanced_legalizer not set - need to revert CLO
INFO: First Place-opt did not mark run with CLO enabled/disabled property
INFO: Concurrent Legalization and Optimization (CLO) Reverted
Warning: Cannot find any max transition constraint on the design. (OPT-070)

Information: Initializing classic cellmap without advanced rules enabled and without PDC enabled
Information: The following app options are used in cellmap
        place.legalize.enable_color_aware_placement : false
        place.legalize.use_nll_query_cm : false
        place.legalize.enable_advanced_legalizer : false
        place.legalize.enable_prerouted_net_check : true
        place.legalize.enable_advanced_prerouted_net_check : false
        place.legalize.always_continue : true
        place.legalize.limit_legality_checks : false
        place.common.pnet_aware_density : 1.0000
        place.common.pnet_aware_min_width : 0.0000
        place.common.pnet_aware_layers : {}
        place.common.use_placement_model : false
        place.common.enable_advanced_placement_model : true
        cts.placement.cell_spacing_rule_style : maximum
Total 0.0116 seconds to build cellmap data
INFO: creating 27(r) x 27(c) GridCells YDim 5.4 XDim 5.4
INFO: number of GridCells (0x9a825880): 729
INFO: creating 27(r) x 27(c) GridCells YDim 5.4 XDim 5.4
INFO: number of GridCells (0x9a825880): 729
Total 0.0131 seconds to load 2428 cell instances into cellmap
Moveable cells: 2428; Application fixed cells: 0; Macro cells: 0; User fixed cells: 0
Average cell width 2.5083, cell height 1.8000, cell area 4.5150 for total 2428 placed and application fixed cells
Place-opt optimization Phase 59 Iter  1         0.00        0.00      0.00         0      10962.36      541.19        2428              0.02      1801
CCL: Total Usage Adjustment : 1
INFO: Derive row count 20 from GR congestion map (80/4)
INFO: Derive col count 20 from GR congestion map (80/4)
Convert timing mode ...
INFO: New Levelizer turned on
Layer Demotion Info:
Bin                       OptDist       MinLen      BeforeCount       AfterCount        Diff
-----------------------------------------------------------------------------------------
None                        333.2          0.0             2562             2562           0
MET2                        334.5         33.3                0                0           0
-----------------------------------------------------------------------------------------
Total Demoted Nets:             0


Place-opt optimization Phase 60 Iter  1         0.00        0.00      0.00         0      10962.36      541.19        2428              0.02      1801
INFO: New Levelizer turned on
Place-opt optimization Phase 60 Iter  2         0.00        0.00      0.00         0      10962.36      541.19        2428              0.02      1801
Place-opt optimization Phase 60 Iter  3         0.00        0.00      0.00         0      10962.36      541.19        2428              0.02      1801

CCL: Total Usage Adjustment : 1
INFO: Derive row count 20 from GR congestion map (80/4)
INFO: Derive col count 20 from GR congestion map (80/4)
Convert timing mode ...
Place-opt optimization Phase 61 Iter  1         0.00        0.00      0.00         0      10962.36      541.19        2428              0.02      1801
Place-opt optimization Phase 61 Iter  2         0.00        0.00      0.00         0      10962.36      541.19        2428              0.02      1801
Place-opt optimization Phase 61 Iter  3         0.00        0.00      0.00         0      10962.36      541.19        2428              0.02      1801
Place-opt optimization Phase 61 Iter  4         0.00        0.00      0.00         0      10962.36      541.19        2428              0.02      1801
Place-opt optimization Phase 61 Iter  5         0.00        0.00      0.00         0      10962.36      541.19        2428              0.02      1801
Place-opt optimization Phase 61 Iter  6         0.00        0.00      0.00         0      10962.36      541.19        2428              0.02      1801
Corner Scaling is off, multiplier is 1.000000
Using default layer MET4
new cutoff lpd: 4.91218e-07
corner scaling: maxCornerId = 0
corner=default, tran factor=1.000000 (0.208726 / 0.208726)
bmap: stepx = stepy = 90000
creating bmap
DB units per micron : 10000
Place-opt optimization Phase 61 Iter  7         0.00        0.00      0.00         0      10962.36      541.19        2428              0.02      1801
Place-opt optimization Phase 61 Iter  8         0.00        0.00      0.00         0      10962.36      541.19        2428              0.02      1801

Place-opt optimization Phase 62 Iter  1         0.00        0.00      0.00         0      10962.36      541.19        2428              0.02      1801

Place-opt optimization Phase 63 Iter  1         0.00        0.00      0.00         0      10962.36      541.19        2428              0.02      1801
Corner Scaling is off, multiplier is 1.000000
Corner Scaling is off, multiplier is 1.000000
Using default layer MET4
new cutoff lpd: 4.91218e-07
corner scaling: maxCornerId = 0
corner=default, tran factor=1.000000 (0.208726 / 0.208726)
bmap: stepx = stepy = 90000
creating bmap
DB units per micron : 10000
INFO: New Levelizer turned on
Place-opt optimization Phase 63 Iter  2         0.00        0.00      0.00         0      10962.36      541.19        2428              0.02      1801
Place-opt optimization Phase 63 Iter  3         0.00        0.00      0.00         0      10962.36      541.19        2428              0.02      1801

Information: Ending   place_opt / final_opto / Optimization (2) (FLW-8001)
Information: Time: 2026-08-18 14:57:27 / Session:  00:00:59 / Command:  00:00:42 / CPU:  00:00:38 / Memory: 1801 MB (FLW-8100)

Information: Starting place_opt / final_opto / Legalization (2) (FLW-8000)
Information: Time: 2026-08-18 14:57:27 / Session:  00:00:59 / Command:  00:00:42 / CPU:  00:00:38 / Memory: 1801 MB (FLW-8100)

START_FUNC : legalize_placement_pre_run_core CPU :     43 s ( 0.01 hr) ELAPSE :     59 s ( 0.02 hr) MEM-PEAK :  1801 Mb
END_FUNC : legalize_placement_pre_run_core CPU :     43 s ( 0.01 hr) ELAPSE :     59 s ( 0.02 hr) MEM-PEAK :  1801 Mb
START_FUNC: legalize_placement_run_core CPU:     48 s ( 0.01 hr) ELAPSE:     59 s ( 0.02 hr) MEM-PEAK:  1801 Mb Tue Aug 18 14:57:27 2026
Place-opt optimization summary            SETUP-COST    R2R-COST HOLD-COST LDRC-COST          AREA     LEAKAGE     INSTCNT            ELAPSE       MEM
Place-opt optimization Phase 66 Iter  1         0.00        0.00      0.00         0      10962.36      541.19        2428              0.02      1801
nplDplc2Placer::setParam(effort,1)
nplDplc2Placer::setParam(debug,0)
nplDplc2Placer::setParam(site_check,2)
nplDplc2Placer::setParam(app_firm_wgt,0)
Warning: Routing direction of metal layer POLY is neither "horizontal" nor "vertical".  PDC checks will not be performed on this layer. (PDC-003)
Warning: Routing direction of metal layer RDL is neither "horizontal" nor "vertical".  PDC checks will not be performed on this layer. (PDC-003)
PDC app_options settings =========
	place.legalize.enable_prerouted_net_check: 1
	place.legalize.num_tracks_for_access_check: 1
	place.legalize.use_eol_spacing_for_access_check: 0
	place.legalize.allow_touch_track_for_access_check: 1
	place.legalize.reduce_conservatism_in_eol_check: 0
	place.legalize.preroute_shape_merge_distance: 0.0
	place.legalize.enable_non_preferred_direction_span_check: 0

Layer MET1: cached 0 shapes out of 0 total shapes.
Layer MET2: cached 0 shapes out of 0 total shapes.
Cached 0 vias out of 60 total vias.

Legalizing Top Level Design mac16 ... 
Information: Initializing classic cellmap without advanced rules enabled and without PDC enabled
Information: The following app options are used in cellmap
        place.legalize.enable_color_aware_placement : false
        place.legalize.use_nll_query_cm : false
        place.legalize.enable_advanced_legalizer : false
        place.legalize.enable_prerouted_net_check : true
        place.legalize.enable_advanced_prerouted_net_check : false
        place.legalize.always_continue : true
        place.legalize.limit_legality_checks : false
        place.common.pnet_aware_density : 1.0000
        place.common.pnet_aware_min_width : 0.0000
        place.common.pnet_aware_layers : {}
        place.common.use_placement_model : false
        place.common.enable_advanced_placement_model : true
        cts.placement.cell_spacing_rule_style : maximum
Total 0.0115 seconds to build cellmap data
Information: Creating classic rule checker.
Warning: Routing direction of metal layer POLY is neither "horizontal" nor "vertical".  PDC checks will not be performed on this layer. (PDC-003)
Warning: Routing direction of metal layer RDL is neither "horizontal" nor "vertical".  PDC checks will not be performed on this layer. (PDC-003)
=====> Processed 106 ref cells (0 fillers) from library

Bounds/Regions In This Design:
        Area    Num Cells  Exclusive Name
 (square um)
     17848.8         2428        Yes DEFAULT_VA

Starting legalizer.
Warning: Exclusive bound 'DEFAULT' has no cells.
Optimizing Exclusive Bound 'DEFAULT_VA' (2/2)
    Done Exclusive Bound 'DEFAULT_VA' (2/2) (0 sec)
Legalization complete (0 total sec)

****************************************
  Report : Placement Attempts
  Site   : core9
****************************************

number of cells:                   2428
number of references:               106
number of site rows:                 74
number of locations attempted:    49829
number of locations failed:           0  (0.0%)

Legality of references at locations:
0 references had failures.

Legality of references in rows:
0 references had row failures.

****************************************
  Report : Cell Displacements
****************************************

number of cells aggregated:        2428 (30451 total sites)
avg row height over cells:        1.800 um
rms cell displacement:            0.000 um ( 0.00 row height)
rms weighted cell displacement:   0.000 um ( 0.00 row height)
max cell displacement:            0.000 um ( 0.00 row height)
avg cell displacement:            0.000 um ( 0.00 row height)
avg weighted cell displacement:   0.000 um ( 0.00 row height)
number of cells moved:                0
number of large displacements:        0
large displacement threshold:     3.000 row height

Displacements of worst 10 cells:
Cell: U1056 (ADDFX1H9R)
  Input location: (24.2,105.8)
  Legal location: (24.2,105.8)
  Displacement:   0.000 um ( 0.00 row height)
Cell: U1055 (ADDFX1H9R)
  Input location: (19.2,109.4)
  Legal location: (19.2,109.4)
  Displacement:   0.000 um ( 0.00 row height)
Cell: U1054 (ADDFX1H9R)
  Input location: (12.2,105.8)
  Legal location: (12.2,105.8)
  Displacement:   0.000 um ( 0.00 row height)
Cell: U1050 (ADDFX1H9R)
  Input location: (34.6,89.6)
  Legal location: (34.6,89.6)
  Displacement:   0.000 um ( 0.00 row height)
Cell: U1045 (ADDFX1H9R)
  Input location: (36.8,80.6)
  Legal location: (36.8,80.6)
  Displacement:   0.000 um ( 0.00 row height)
Cell: U1049 (ADDFX1H9R)
  Input location: (32,93.2)
  Legal location: (32,93.2)
  Displacement:   0.000 um ( 0.00 row height)
Cell: U1048 (ADDFX1H9R)
  Input location: (17.4,91.4)
  Legal location: (17.4,91.4)
  Displacement:   0.000 um ( 0.00 row height)
Cell: U1047 (ADDFX1H9R)
  Input location: (31.2,91.4)
  Legal location: (31.2,91.4)
  Displacement:   0.000 um ( 0.00 row height)
Cell: U1046 (ADDFX1H9R)
  Input location: (35,86)
  Legal location: (35,86)
  Displacement:   0.000 um ( 0.00 row height)
Cell: U1158 (ADDFX1H9R)
  Input location: (6.8,105.8)
  Legal location: (6.8,105.8)
  Displacement:   0.000 um ( 0.00 row height)

Information: The net parasitics of block mac16 are cleared. (TIM-123)
Information: The stitching and editing of coupling caps is turned OFF for design 'mac16_ndm:mac16.design'. (TIM-125)
Warning: Technology layer 'RDL' setting 'routing-direction' is not valid (NEX-001)
Information: Design Average RC for design mac16  (NEX-011)
Information: r = 0.918810 ohm/um, via_r = 0.000000 ohm/cut, c = 0.157091 ff/um, cc = 0.000000 ff/um (X dir) (NEX-017)
Information: r = 0.820126 ohm/um, via_r = 0.000000 ohm/cut, c = 0.167598 ff/um, cc = 0.000000 ff/um (Y dir) (NEX-017)
Information: The RC mode used is VR for design 'mac16'. (NEX-022)
Information: Update timing completed net estimation for all the timing graph nets (TIM-111)
Information: Net estimation statistics: timing graph nets = 2562, routed nets = 0, across physical hierarchy nets = 0, parasitics cached nets = 2562, delay annotated nets = 0, parasitics annotated nets = 0, multi-voltage nets = 0. (TIM-112)
END_FUNC: legalize_placement_run_core CPU:     48 s ( 0.01 hr) ELAPSE:     60 s ( 0.02 hr) MEM-PEAK:  1801 Mb Tue Aug 18 14:57:27 2026

Information: Ending   place_opt / final_opto / Legalization (2) (FLW-8001)
Information: Time: 2026-08-18 14:57:27 / Session:  00:00:59 / Command:  00:00:42 / CPU:  00:00:39 / Memory: 1801 MB (FLW-8100)

Information: Initializing classic cellmap without advanced rules enabled and without PDC enabled
Information: The following app options are used in cellmap
        place.legalize.enable_color_aware_placement : false
        place.legalize.use_nll_query_cm : false
        place.legalize.enable_advanced_legalizer : false
        place.legalize.enable_prerouted_net_check : true
        place.legalize.enable_advanced_prerouted_net_check : false
        place.legalize.always_continue : true
        place.legalize.limit_legality_checks : false
        place.common.pnet_aware_density : 1.0000
        place.common.pnet_aware_min_width : 0.0000
        place.common.pnet_aware_layers : {}
        place.common.use_placement_model : false
        place.common.enable_advanced_placement_model : true
        cts.placement.cell_spacing_rule_style : maximum
Total 0.0120 seconds to build cellmap data
INFO: creating 27(r) x 27(c) GridCells YDim 5.4 XDim 5.4
INFO: number of GridCells (0xaaa72380): 729
INFO: creating 27(r) x 27(c) GridCells YDim 5.4 XDim 5.4
INFO: number of GridCells (0xaaa72380): 729
Total 0.0130 seconds to load 2428 cell instances into cellmap
Moveable cells: 2428; Application fixed cells: 0; Macro cells: 0; User fixed cells: 0
Average cell width 2.5083, cell height 1.8000, cell area 4.5150 for total 2428 placed and application fixed cells
Place-opt optimization Phase 68 Iter  1         0.00        0.00      0.00         0      10962.36      541.19        2428              0.02      1801

Place-opt optimization Phase 69 Iter  1         0.00        0.00      0.00         0      10962.36      541.19        2428              0.02      1801

Information: Ending   place_opt / final_opto (FLW-8001)
Information: Time: 2026-08-18 14:57:27 / Session:  00:01:00 / Command:  00:00:42 / CPU:  00:00:39 / Memory: 1801 MB (FLW-8100)
Number of Site types in the design = 1
Setting up Chip Core
Chip Core shape: (50000 50000) (1390000 1382000)
Number of VARs = 1
Number of unique PDs = 1
Number of Power Domains = 1
Number of Voltage Areas = 1
Number of supply Nets = 2
Number of used supplies = 0
Blocked VAs: 
INFO: Running FTB cleanup in end of npo flow.
Enable dominated scenarios

Place-opt optimization complete                 0.00        0.00      0.00         0      10962.36      541.19        2428              0.02      1801
[Tim-Power] Info: Cleared Leakage libCell cache.
Co-efficient Ratio Summary:
4.193421613454  6.578038139014  2.479639243551  7.744188540401  0.485050000353  3.179565833784  5.567214754587  2.894454387461  6.565921217863  9.017937505874  3.104639654389  9.864593929871  6.078378364085  2.744201841123  8.318137504907
9.699225034382  2.464623916348  1.382370287500  9.387185029619  3.142429406669  0.968752789964  6.613180723294  4.146578793224  7.876358918112  2.191135103696  0.963793995440  2.701202863801  3.840605464440  3.750209553169  7.663470742299
6.212201175259  7.759678439241  7.862243012091  0.402388977150  0.032845095897  0.596111512371  4.701287396892  7.205135512169  8.278351398268  1.183725190997  3.334495252690  5.868763151642  7.173049785364  9.669812499761  7.591409247087
7.632106301565  7.679078029600  9.831314244914  1.878806817928  3.230072343539  1.226270037326  7.050450494780  2.403928173631  6.139852544054  4.100210066110  1.274779016801  4.571864116928  5.624023208820  7.826850753678  4.759155318263
5.409027934676  2.609823618118  0.626142594958  6.381677652919  9.187474022495  0.513656796621  5.027570618562  6.119813446103  6.181472312107  1.581675365776  7.486002359353  9.585680922611  2.041972787119  3.921163367338  0.650400582345
9.472458902409  3.368484394994  4.897111549020  6.860149244452  2.000104051691  9.095345907689  2.197041709512  0.915900067443  5.466092308426  8.142690055883  4.607154918026  8.245582445410  3.504025105451  1.682719512888  7.173455618510
9.939562708373  3.617852772683  8.946772637652  1.169969532707  4.529946656262  3.090979409795  5.580726136993  1.131397763510  0.721709625254  7.515947417690  0.649383548545  1.018157012493  5.811762266269  5.826731583342  4.349305192435
0.216216918317  9.612142422527  7.311156782104  0.823519141628  0.356161286693  8.022019569284  2.603132585844  5.024802551363  1.359359521353  5.407563451201  2.804172093144  1.266423501161  0.417913913533  1.833873165081  6.448579637188
4.848373112548  2.936801055033  8.671494124225  4.212305316610  9.007627270112  3.308107178452  5.607471109985  8.514743640423  2.764676979434  9.324216938770  1.551147057171  2.301607685509  0.754827630179  1.961422111696  2.781310541418
3.355375155650  9.437909893602  9.136702642545  9.020209208464  9.978471495117  7.467457734047  3.171274721421  9.815920740044  4.331414637138  0.413524984361  3.309966464410  7.453784297095  1.902069524529  5.623408959547  7.269370208696
3.367403103784  7.093641515702  7.411336156476  6.944246976650  5.239565921087  4.802189647382  3.894401463832  4.531610419342  1.605155657803  8.173730247963  9.287221487709  7.541497039497  0.000595917956  5.833785256721  4.754594489445
4.387461656592  1.217863901793  7.505874310467  0.800933986343  9.509851607812  3.964085274420  8.341123831811  5.604907969922  5.026083246462  3.950064138237  0.221270585563  4.020605305134  9.406801696875  2.789965361318  0.723201614657
8.793224787635  8.918112219113  5.103696096373  4.141094270014  8.443881384045  0.064440375020  6.053169766345  8.842299621220  1.167950775967  8.473967786224  3.056761697083  7.978146094176  5.095039659611  1.512372170128  7.396809920513
5.512169827835  1.398268118372  5.190997333443  6.408244586760  9.731622717389  4.385364966981  9.999761759148  7.347087763210  6.393266767907  8.063326983131  4.288684734635  5.818914314999  2.343771722627  0.037327405045  0.494797440392
8.173631613985  2.544054410021  0.066110127471  8.589655457074  6.653063562487  8.808820782685  7.253678475913  3.418263540902  7.926377260982  3.652834062614  2.538628285912  6.653905909639  4.022637651365  6.796622202757  0.618579811981
3.446103618147  2.312107158167  5.365776748604  1.822107958456  2.469756204172  7.387119392116  0.867338065048  8.682345947245  8.902409336848  4.394994489711  1.549074233869  9.245448291902  4.051833509534  5.907680919704  1.709529291590
0.067443546609  2.308426814269  0.055883460719  3.265224824446  3.794567350487  0.705451168271  6.012888717343  3.718510993956  2.708373361785  2.772683894677  2.637606763741  9.533793443886  6.656404909097  9.409796258072  6.136900313139
7.763510072170  9.625254751594  7.417690064932  2.209371101703  1.043513581151  9.666269582673  0.883342434938  3.292435021621  6.918317961214  2.422527731115  6.782158553951  9.142614692575  1.286836802201  9.569285960313  2.585851702480
2.551363135935  9.521353540756  3.451201280412  3.477518126530  0.052200041776  0.313533183387  2.465081644855  7.737188484837  3.112548293680  1.055033867149  4.124279992830  5.317606567621  7.270355330810  7.178453260747  1.109992051474
3.640423276467  6.979434932421  6.938770155119  9.989997230050  8.202625075468  5.030179196142  1.411696278130  3.341418335537  5.155650943790  9.893602913670  2.642599473620  9.209450554706  1.495350746745  7.734048017127  4.721438181592
0.740044433141  4.637138041352  4.984361330991  0.198619745279  8.206103190282  7.924529562340  7.259547726936  3.008696336740  3.103784709364  1.515702741133  6.156420165024  6.977646180815  5.921220480218  9.647383089440  1.463849653161
0.419342160515  5.657803817373  0.247963928727  7.774418754040  1.048505000035  3.317956583378  4.556721475458  7.289445438746  1.656592121786  3.901793750587  4.310411551693  3.987339517844  1.607055396408  5.274421534112  3.831828760490
7.969922502608  3.246462395006  4.138237022122  6.938718402961  9.314242940666  9.096875278996  4.661318072329  4.414657879322  4.787635891811  2.219113510369  6.096327985709  4.271000401247  1.384288006444  0.375021305316  9.766352084229
9.621220116795  0.775967847396  7.786224305671  7.040238797715  0.003284509589  7.059611151237  1.470128739689  2.720513551216  9.827835139826  8.118372519099  7.333497111424  4.587756530021  2.717522438536  4.966982699976  1.759155934708
7.763210639326  6.767907806332  6.983131428863  0.187880581792  8.323007234353  9.122627003732  6.705045049478  0.240392817363  1.613985254405  4.410021006611  0.127425318341  5.458060150292  3.562620880882  0.782686425367  8.475920541826
3.540902792637  7.260982365283  4.062614253867  4.638167665291  9.918747402249  5.051365679662  1.502757061856  2.611981344610  3.618147231210  7.158167536577  6.748658642696  7.959442731861  6.204315738711  9.392117786733  8.065055068234
5.947245890240  9.336848439499  4.489711154902  0.686014924445  2.200010405169  1.909534590768  9.219704170951  2.091590006744  3.546609230842  6.814269005588  3.460763886908  4.825432864342  7.350620070545  1.168272301288  8.717350571851
0.993956270837  3.361785277268  3.894677263765  2.116996953270  7.452994665626  2.309097940979  5.558072613699  3.113139776351  0.072170962525  4.751594741769  0.064986780313  1.102799699247  3.581394966626  9.582674788334  2.434945529243
5.021621691831  7.961214242252  7.731115678210  4.082351914162  8.035616128669  3.802201956928  4.260313258584  4.502480255136  3.135935952135  3.540756345120  1.280466863252  8.127526231255  0.041918831353  3.183388746508  1.644862973718
8.484837311254  8.293680105503  3.867149412422  5.421230531661  0.900762727011  2.330810717845  2.560747110998  5.851474364042  3.276467697943  4.932421693877  0.155163139625  7.231046056297  5.075600303017  9.196143641169  6.278147534141
8.335537515565  0.943790989360  2.913670264254  5.902020920846  4.997847149511  7.746745773404  7.317127472142  1.981592074004  4.433141463713  8.041352498436  1.330945127542  9.746265056645  3.190424592452  9.562341225954  7.726943500869
6.336740310378  4.709364151570  2.741133615647  6.694424697665  0.523956592108  7.480218964738  2.389440146383  2.453161041934  2.160515565780  3.817373024796  3.928771885122  8.755036330885  5.000277131795  6.583379955672  1.475465928944
5.438746165659  2.121786390179  3.750587431046  7.080093398634  3.950985160781  2.396408527442  0.834112383181  1.560490796992  2.502608324646  2.395006413823  7.022176701552  8.403957167459  2.940808709687  5.278997966131  8.072336641465
7.879322478763  5.891811221911  3.510369609637  3.414109427001  4.844388138404  5.006444037502  0.605316976634  5.884229962122  0.116795077596  7.847396778622  4.305625812704  8.798701236353  4.509721505961  1.151238647012  8.739696472051
3.551216982783  5.139826811837  2.519099733344  3.640824458676  0.973162271738  9.438536496698  1.999976175914  8.734708776321  0.639326676790  7.806332698313  1.428817126469  0.582788068335  7.234595712262  7.003733170504  5.049485224039
2.817363161398  5.254405441002  1.006611012747  1.858965545707  4.665306356248  7.880882078268  5.725367847591  3.341826354090  2.792637726098  2.365283406261  4.253811571597  7.666287127809  7.402481305136  5.679663650275  7.061863461198
1.344610361814  7.231210715816  7.536577674860  4.182210795845  6.246975620417  2.738711939211  6.086733806504  8.868234594724  5.890240933684  8.439499448971  1.154956176382  4.925431456036  0.405301990953  4.590769421970  4.170968409159
0.006744354660  9.230842681426  9.005588346071  9.326522482444  6.379456735048  7.070545116827  1.601288871734  3.371851099395  6.270837336178  5.277268389467  7.263719329370  6.954266971224  4.665868030909  7.940970055807  2.613606511313
9.776351007217  0.962525475159  4.741769006493  2.220937110170  3.104351358115  1.966626958267  3.088334243493  8.329243502162  1.691831796121  4.242252773111  5.678264516916  1.915158039596  6.128801180220  1.956929926031  3.258591650248
0.255136313593  5.952135354075  6.345120128041  2.347751812653  0.005220004177  6.031353318338  7.246508164485  5.773718848483  7.311254829368  0.105503386714  9.412476650804  0.532657226001  2.727253033081  0.717846756074  7.110905785147
4.364042327646  7.697943493242  1.693877015511  9.998999723005  0.820262507546  8.503017919614  2.141169627813  0.334141833553  7.515565094379  0.989360291367  0.264208608983  0.921832625719  7.149753574674  5.773405231712  7.472159398159
2.074004443314  1.463713804135  2.498436133099  1.019861974527  9.820610319028  2.792452956234  0.725954772693  6.300869633674  0.310378470936  4.151570274113  3.615691777123  4.698651288320  6.592340548021  8.964739738944  0.146390445316
1.041934216051  5.565780381737  3.024796392872  7.777441875404  0.104850500003  5.331795658337  8.455672147545  8.728944543874  6.165659212178  6.390179375058  7.431090816780  3.399620521023  5.160923039640  8.527443583411  2.383198356049
0.796992250260  8.324646239500  6.413823702212  2.693871840296  1.931424294066  6.909687527899  6.466131807232  9.441465787932  2.478763589181  1.221911351036  9.609681459191  9.428097610463  8.138646300644  4.037503560531  6.976641788422
9.962122011679  5.077596784739  6.778622430567  1.704023879771  5.000328450958  9.705961115123  7.147012873968  9.272051355121  6.982783513982  6.811837251909  9.733398472763  4.459662223341  2.271970743853  6.496699699997  6.175921073470
8.776321063932  6.676790780633  2.698313142886  3.018788058179  2.832300723435  3.912262700373  2.670504504947  8.024039281736  3.161398525440  5.441002100661  1.012791293577  5.546793692565  6.356480588088  2.078269072536  7.847508534182
6.354090279263  7.726098236528  3.406261425386  7.463816766529  1.991874740224  9.505136567966  2.150275706185  6.261198134461  0.361814723121  0.715816753657  7.674814526902  0.796831850622  5.620659073871  1.939212108673  3.806511086823
4.594724589024  0.933684843949  9.448971115490  2.068601492444  5.220001040516  9.190953459076  8.921970417095  1.209159000674  4.354660923084  2.681426900558  8.346025040333  2.483430863970  6.735280507054  5.116828660128  8.871741537185
1.099395627083  7.336178527726  8.389467726376  5.211699695327  0.745299466562  6.230909794097  9.555807261369  9.311313977635  1.007217096252  5.475159474176  9.006447330774  7.111166546460  1.358357996662  6.958268808833  4.243400032924
3.502162169183  1.796121424225  2.773111567821  0.408235191416  2.803561612866  9.380220195692  8.426031325858  4.450248025513  6.313593595213  5.354075634512  0.128095342456  1.813649236557  0.004319403135  3.318339224650  8.164492777371
8.848483731125  4.829368010550  3.386714941242  2.542123053166  1.090076272701  1.233081071784  5.256074711099  8.585147436404  2.327646769794  3.493242169387  7.015565007570  9.724091218051  2.507788650301  7.919615714116  9.627820233414

Place-opt final QoR
___________________
Scenario Mapping Table
1: default

Pathgroup Mapping Table
1: **default**
2: **async_default**
3: **clock_gating_default**
4: **in2reg_default**
5: **reg2out_default**
6: **in2out_default**
7: core_clk

-------------------------------------------------------------------------------------------------------------------------------------------------------------
PATHGROUP QOR 
-------------------------------------------------------------------------------------------------------------------------------------------------------------
Scene  PG      WNS        TNS    NSV      WHV        THV    NHV
    1   1   0.0000     0.0000      0   0.0000     0.0000      0
    1   2   0.0000     0.0000      0   0.0000     0.0000      0
    1   3   0.0000     0.0000      0   0.0000     0.0000      0
    1   4   0.0000     0.0000      0   0.0000     0.0000      0
    1   5   0.0000     0.0000      0   0.0000     0.0000      0
    1   6   0.0000     0.0000      0   0.0000     0.0000      0
    1   7   0.0000     0.0000      0   0.0000     0.0000      0
----------------------------------------------------------------------------------------------------------------------------------------------------------------------
SCENARIO QOR 
----------------------------------------------------------------------------------------------------------------------------------------------------------------------
Scene  PG      WNS        TNS   R2RTNS    NSV      WHV        THV    NHV  MaxTrnV   MaxTranC  MaxCapV    Leakage
    1   *   0.0000     0.0000   0.0000      0   0.0000     0.0000      0        0     0.0000        0    541.188
----------------------------------------------------------------------------------------------------------------------------------------------------------------------
DESIGN QOR 
----------------------------------------------------------------------------------------------------------------------------------------------------------------------
Scene  PG      WNS        TNS   R2RTNS    NSV      WHV        THV    NHV  MaxTrnV   MaxTranC  MaxCapV    Leakage         Area    InstCnt     BufCnt     InvCnt
    *   *   0.0000     0.0000   0.0000      0   0.0000     0.0000      0        0     0.0000        0    541.188     10962.36       2428         15        172
----------------------------------------------------------------------------------------------------------------------------------------------------------------------

Place-opt final QoR Summary         WNS        TNS   R2RTNS    NSV      WHV        THV    NHV  MaxTrnV  MaxCapV    Leakage         Area    InstCnt
Place-opt final QoR Summary      0.0000     0.0000   0.0000      0   0.0000     0.0000      0        0        0    541.188     10962.36       2428

Place-opt command complete                CPU:    45 s (  0.01 hr )  ELAPSE:    60 s (  0.02 hr )  MEM-PEAK:  1801 MB
Place-opt command statistics  CPU=26 sec (0.01 hr) ELAPSED=27 sec (0.01 hr) MEM-PEAK=1.759 GB
[Tim-Power] Info: Cleared Leakage libCell cache.
[Tim-Power] Info: Cleared Leakage libCell cache.
Information: Running auto PG connection. (NDM-099)
Information: Ending   'place_opt' (FLW-8001)
Information: Time: 2026-08-18 14:57:27 / Session:  00:01:00 / Command:  00:00:43 / CPU:  00:00:39 / Memory: 1801 MB (FLW-8100)
1
puts "== clock_opt =="
== clock_opt ==
clock_opt
Information: Starting 'clock_opt' (FLW-8000)
Information: Time: 2026-08-18 14:57:27 / Session:  00:01:00 / Command:  00:00:00 / CPU:  00:00:00 / Memory: 1801 MB (FLW-8100)
INFO: clock_opt is running in balanced flow mode.
Warning: Cannot find any max transition constraint on the design. (OPT-070)
INFO: Total Power Aware Optimization Enabled (Dynamic + Leakage)
INFO: EarlyGR flow is not enabled.
.Number of Site types in the design = 1
Setting up Chip Core
Chip Core shape: (50000 50000) (1390000 1382000)
Number of VARs = 1
Number of unique PDs = 1
Number of Power Domains = 1
Number of Voltage Areas = 1
Number of supply Nets = 2
Number of used supplies = 0
Blocked VAs: 
TEST: runCore upFront-init
TEST: runCore upFront-end
INFO: run stage build_clock (init -> end)
TEST: runCore bldClkInit-init


----------------------------------------------------------------------------------------------------------
Information: Starting clock_opt / build_clock (FLW-8000)
Information: Time: 2026-08-18 14:57:28 / Session:  00:01:00 / Command:  00:00:00 / CPU:  00:00:00 / Memory: 1801 MB (FLW-8100)
----------------------------------------------------------------------------------------------------------

Information: Starting clock_opt / build_clock / Trial CTS (FLW-8000)
Information: Time: 2026-08-18 14:57:28 / Session:  00:01:00 / Command:  00:00:00 / CPU:  00:00:00 / Memory: 1801 MB (FLW-8100)
Running clock synthesis step.
Info: Enabling GR in trial CTO
Information: The value of option cts.compile.enable_cell_relocation has been overridden to "leaf_only" to support latency-driven placement. (CTS-973)
************************************************************
* CTS STEP: Design Initialization for Trial Synthesis
************************************************************
Information: All clock objects will be converted from ideal to propagated clock during CTS. (CTS-105)
Information: CTS will work on the following scenarios. (CTS-101)
   default	(Mode: default; Corner: default)
Information: CTS will work on all clocks in active scenarios, including 1 master clocks and 0 generated clocks. (CTS-107)
Output units used in this log:
   Time        : 1.00ns
   Resistance  : 1.00kOhm
   Capacitance : 1.00pF
   Power       : 1.00nW
   Length      : 1.00um
Information: Clock derating is enabled

CTS related app options set by user:
   cts.common.copy_balance_points_to_missing_modes = true
   cts.compile.enable_local_skew = true
   cts.optimize.enable_global_route = true
   cts.optimize.enable_local_skew = true

Buffer/Inverter reference list for clock tree synthesis:
   ics55_LLSC_H9CR_typ_tt_1p2_25/BUFX0P7H9R
   ics55_LLSC_H9CR_typ_tt_1p2_25/BUFX11H9R
   ics55_LLSC_H9CR_typ_tt_1p2_25/BUFX13H9R
   ics55_LLSC_H9CR_typ_tt_1p2_25/BUFX16H9R
   ics55_LLSC_H9CR_typ_tt_1p2_25/BUFX1H9R
   ics55_LLSC_H9CR_typ_tt_1p2_25/BUFX1P4H9R
   ics55_LLSC_H9CR_typ_tt_1p2_25/BUFX1P7H9R
   ics55_LLSC_H9CR_typ_tt_1p2_25/BUFX2H9R
   ics55_LLSC_H9CR_typ_tt_1p2_25/BUFX2P5H9R
   ics55_LLSC_H9CR_typ_tt_1p2_25/BUFX3H9R
   ics55_LLSC_H9CR_typ_tt_1p2_25/BUFX3P5H9R
   ics55_LLSC_H9CR_typ_tt_1p2_25/BUFX4H9R
   ics55_LLSC_H9CR_typ_tt_1p2_25/BUFX5H9R
   ics55_LLSC_H9CR_typ_tt_1p2_25/BUFX6H9R
   ics55_LLSC_H9CR_typ_tt_1p2_25/BUFX7P5H9R
   ics55_LLSC_H9CR_typ_tt_1p2_25/BUFX9H9R
   ics55_LLSC_H9CR_typ_tt_1p2_25/DLY2X0P5H9R
   ics55_LLSC_H9CR_typ_tt_1p2_25/DLY2X1H9R
   ics55_LLSC_H9CR_typ_tt_1p2_25/DLY2X2H9R
   ics55_LLSC_H9CR_typ_tt_1p2_25/DLY2X4H9R
   ics55_LLSC_H9CR_typ_tt_1p2_25/DLY4X0P5H9R
   ics55_LLSC_H9CR_typ_tt_1p2_25/DLY4X1H9R
   ics55_LLSC_H9CR_typ_tt_1p2_25/DLY4X2H9R
   ics55_LLSC_H9CR_typ_tt_1p2_25/DLY4X4H9R
   ics55_LLSC_H9CR_typ_tt_1p2_25/FREEICGX0P5H9R
   ics55_LLSC_H9CR_typ_tt_1p2_25/FREEICGX0P6H9R
   ics55_LLSC_H9CR_typ_tt_1p2_25/FREEICGX0P7H9R
   ics55_LLSC_H9CR_typ_tt_1p2_25/FREEICGX0P8H9R
   ics55_LLSC_H9CR_typ_tt_1p2_25/FREEICGX11H9R
   ics55_LLSC_H9CR_typ_tt_1p2_25/FREEICGX13H9R
   ics55_LLSC_H9CR_typ_tt_1p2_25/FREEICGX16H9R
   ics55_LLSC_H9CR_typ_tt_1p2_25/FREEICGX1H9R
   ics55_LLSC_H9CR_typ_tt_1p2_25/FREEICGX1P2H9R
   ics55_LLSC_H9CR_typ_tt_1p2_25/FREEICGX1P4H9R
   ics55_LLSC_H9CR_typ_tt_1p2_25/FREEICGX1P7H9R
   ics55_LLSC_H9CR_typ_tt_1p2_25/FREEICGX2H9R
   ics55_LLSC_H9CR_typ_tt_1p2_25/FREEICGX2P5H9R
   ics55_LLSC_H9CR_typ_tt_1p2_25/FREEICGX3H9R
   ics55_LLSC_H9CR_typ_tt_1p2_25/FREEICGX3P5H9R
   ics55_LLSC_H9CR_typ_tt_1p2_25/FREEICGX4H9R
   ics55_LLSC_H9CR_typ_tt_1p2_25/FREEICGX5H9R
   ics55_LLSC_H9CR_typ_tt_1p2_25/FREEICGX6H9R
   ics55_LLSC_H9CR_typ_tt_1p2_25/FREEICGX7P5H9R
   ics55_LLSC_H9CR_typ_tt_1p2_25/FREEICGX9H9R
   ics55_LLSC_H9CR_typ_tt_1p2_25/INVX0P5H9R
   ics55_LLSC_H9CR_typ_tt_1p2_25/INVX0P7H9R
   ics55_LLSC_H9CR_typ_tt_1p2_25/INVX11H9R
   ics55_LLSC_H9CR_typ_tt_1p2_25/INVX13H9R
   ics55_LLSC_H9CR_typ_tt_1p2_25/INVX16H9R
   ics55_LLSC_H9CR_typ_tt_1p2_25/INVX1H9R
   ics55_LLSC_H9CR_typ_tt_1p2_25/INVX1P4H9R
   ics55_LLSC_H9CR_typ_tt_1p2_25/INVX1P7H9R
   ics55_LLSC_H9CR_typ_tt_1p2_25/INVX2H9R
   ics55_LLSC_H9CR_typ_tt_1p2_25/INVX2P5H9R
   ics55_LLSC_H9CR_typ_tt_1p2_25/INVX3H9R
   ics55_LLSC_H9CR_typ_tt_1p2_25/INVX3P5H9R
   ics55_LLSC_H9CR_typ_tt_1p2_25/INVX4H9R
   ics55_LLSC_H9CR_typ_tt_1p2_25/INVX5H9R
   ics55_LLSC_H9CR_typ_tt_1p2_25/INVX6H9R
   ics55_LLSC_H9CR_typ_tt_1p2_25/INVX7P5H9R
   ics55_LLSC_H9CR_typ_tt_1p2_25/INVX9H9R
There is no CTS reference for ICG cells
Warning: Technology layer 'RDL' setting 'routing-direction' is not valid (NEX-001)
Information: 'default' is identified as primary corner for initial clock tree building. (CTS-103)
Number of Site types in the design = 1
Setting up Chip Core
Chip Core shape: (50000 50000) (1390000 1382000)
Number of VARs = 1
Number of unique PDs = 1
Number of Power Domains = 1
Number of Voltage Areas = 1
Number of supply Nets = 2
Number of used supplies = 0
Blocked VAs: 
Warning: No clock routing rule is specified. (CTS-038)

Clock cell spacing rule list:
   No clock cell spacing rule is found.
Information: The run time for design initialization is 0 hr : 0 min : 0.10 sec, cpu time is 0 hr : 0 min : 0.08 sec. (CTS-104)
************************************************************
* CTS STEP: Existing Clock Tree Removal
************************************************************

No buffer or inverter has been removed.
Information: The run time for existing clock tree removal is 0 hr : 0 min : 0.00 sec, cpu time is 0 hr : 0 min : 0.00 sec. (CTS-104)
************************************************************
* CTS STEP: Clock Tree Initialization
************************************************************
Drc Mode Option: auto
Information: Initializing classic cellmap without advanced rules enabled and with PDC enabled
Information: The following app options are used in cellmap
        place.legalize.enable_color_aware_placement : false
        place.legalize.use_nll_query_cm : false
        place.legalize.enable_advanced_legalizer : false
        place.legalize.enable_prerouted_net_check : true
        place.legalize.enable_advanced_prerouted_net_check : false
        place.legalize.always_continue : true
        place.legalize.limit_legality_checks : false
        place.common.pnet_aware_density : 1.0000
        place.common.pnet_aware_min_width : 0.0000
        place.common.pnet_aware_layers : {}
        place.common.use_placement_model : false
        place.common.enable_advanced_placement_model : true
        cts.placement.cell_spacing_rule_style : maximum
Information: Creating classic rule checker.
Warning: Routing direction of metal layer POLY is neither "horizontal" nor "vertical".  PDC checks will not be performed on this layer. (PDC-003)
Warning: Routing direction of metal layer RDL is neither "horizontal" nor "vertical".  PDC checks will not be performed on this layer. (PDC-003)
PDC app_options settings =========
	place.legalize.enable_prerouted_net_check: 1
	place.legalize.num_tracks_for_access_check: 1
	place.legalize.use_eol_spacing_for_access_check: 0
	place.legalize.allow_touch_track_for_access_check: 1
	place.legalize.reduce_conservatism_in_eol_check: 0
	place.legalize.preroute_shape_merge_distance: 0.0
	place.legalize.enable_non_preferred_direction_span_check: 0

Layer MET1: cached 0 shapes out of 0 total shapes.
Layer MET2: cached 0 shapes out of 0 total shapes.
Cached 0 vias out of 60 total vias.
Total 0.0256 seconds to build cellmap data
INFO: creating 16(r) x 16(c) GridCells YDim 9 XDim 9
INFO: number of GridCells (0xa9a25d00): 256
INFO: creating 16(r) x 16(c) GridCells YDim 9 XDim 9
INFO: number of GridCells (0xa9a25d00): 256
Total 0.0203 seconds to load 2428 cell instances into cellmap
Moveable cells: 2428; Application fixed cells: 0; Macro cells: 0; User fixed cells: 0
Average cell width 2.5083, cell height 1.8000, cell area 4.5150 for total 2428 placed and application fixed cells
Information: Legalizer's PDC rule check is enabled
Information: Legalizer's advanced rule check is enabled

Start Auto-Exception Derivations...
 No internal pin was found.
 No conflict pin was found.
 No macro pin was found for clock balance point settings.
 No macro pin was found for disabling self arcs.
Info: 797 sinks and boundary insts are collected
Information: The run time for clock tree initialization is 0 hr : 0 min : 0.08 sec, cpu time is 0 hr : 0 min : 0.05 sec. (CTS-104)
Setting target skew for clock: core_clk (mode default corner default) as 0.150000
Drc Mode Option: auto
Corner Scaling is off, multiplier is 1.000000
ORB Clusering Route Center Bias is on
Automatic Zbuf-CTS Mode: total_powerInformation: Running Max-CTS
Enable multi-thread Tasks, number of thread is 1
Info: run cts with the following settings: _runCts 1 _runCto 1 _runSnapClockSinks 1
Information: The stitching and editing of coupling caps is turned OFF for design 'mac16_ndm:mac16.design'. (TIM-125)
Information: Update timing completed net estimation for all the timing graph nets (TIM-111)
Information: Net estimation statistics: timing graph nets = 2562, routed nets = 0, across physical hierarchy nets = 0, parasitics cached nets = 31, delay annotated nets = 0, parasitics annotated nets = 0, multi-voltage nets = 0. (TIM-112)
************************************************************
* CTS STEP: Clock Cell Relocation
************************************************************
Information: Relocated the clock cell 'u_mac16_top/clk_gate_fifo_count_reg/main_gate' from (70.00, 32.00) to (71.00, 28.40). (CTS-106)
Information: Relocated the clock cell 'u_mac16_top/clk_gate_opA_fifo_reg[3]/main_gate' from (42.20, 35.60) to (26.60, 39.20). (CTS-106)
Information: Relocated the clock cell 'u_mac16_top/clk_gate_opA_fifo_reg[2]/main_gate' from (41.20, 35.60) to (28.00, 35.60). (CTS-106)
Information: Relocated the clock cell 'u_mac16_top/clk_gate_opA_fifo_reg[1]/main_gate' from (44.80, 39.20) to (29.00, 39.20). (CTS-106)
Information: Relocated the clock cell 'u_mac16_top/clk_gate_opA_fifo_reg[0]/main_gate' from (43.80, 39.20) to (25.60, 46.40). (CTS-106)
Information: Relocated the clock cell 'u_mac16_top/clk_gate_mac_result_shadow_reg/main_gate' from (82.00, 35.60) to (105.00, 24.80). (CTS-106)
Information: Relocated the clock cell 'u_mac16_top/clk_gate_op_fifo_count_reg/main_gate' from (45.20, 21.20) to (43.80, 21.20). (CTS-106)
Information: Relocated the clock cell 'u_mac16_top/clk_gate_result_fifo_reg[3]/main_gate' from (85.60, 42.80) to (109.60, 39.20). (CTS-106)
Information: Relocated the clock cell 'u_mac16_top/clk_gate_result_fifo_reg[2]/main_gate' from (84.60, 46.40) to (109.80, 32.00). (CTS-106)
Information: Relocated the clock cell 'u_mac16_top/clk_gate_result_fifo_reg[1]/main_gate' from (84.60, 42.80) to (108.80, 32.00). (CTS-106)
Information: Relocated the clock cell 'u_mac16_top/clk_gate_result_fifo_reg[0]/main_gate' from (83.60, 42.80) to (110.60, 39.20). (CTS-106)
Information: Relocated the clock cell 'u_mac16_top/clk_gate_sched_cnt_reg/main_gate' from (43.80, 21.20) to (42.40, 10.40). (CTS-106)
Information: Relocated the clock cell 'u_mac16_top/clk_gate_op_fifo_rd_ptr_reg/main_gate' from (47.00, 57.20) to (29.40, 60.80). (CTS-106)
Information: Relocated the clock cell 'u_mac16_top/clk_gate_opB_reg_reg/main_gate' from (46.00, 57.20) to (36.20, 64.40). (CTS-106)
Information: Relocated the clock cell 'u_mac16_top/u_mac/clk_gate_last_prod_reg/main_gate' from (77.00, 68.00) to (93.80, 78.80). (CTS-106)
Information: Relocated the clock cell 'u_mac16_top/u_mac/clk_gate_sum_out_reg/main_gate' from (79.60, 50.00) to (104.00, 53.60). (CTS-106)
Information: Relocated the clock cell 'u_mac16_top/u_mac/clk_gate_accum_reg_reg/main_gate' from (78.20, 53.60) to (103.40, 71.60). (CTS-106)
Information: Relocated the clock cell 'u_mac16_top/u_out/clk_gate_bits_left_reg/main_gate' from (74.20, 35.60) to (101.80, 14.00). (CTS-106)
Information: Relocated the clock cell 'u_mac16_top/u_inB/clk_gate_data_out_reg/main_gate' from (57.40, 21.20) to (55.60, 14.00). (CTS-106)
Information: Relocated the clock cell 'u_mac16_top/u_inA/clk_gate_data_out_reg/main_gate' from (57.00, 46.40) to (54.60, 53.60). (CTS-106)
Information: Relocated the clock cell 'u_mac16_top/u_mac/u_mul/clk_gate_r_c40_reg/main_gate' from (84.20, 86.00) to (93.20, 111.20). (CTS-106)
Information: Relocated the clock cell 'u_mac16_top/u_mac/u_mul/clk_gate_r_s40_reg/main_gate' from (78.00, 82.40) to (92.60, 104.00). (CTS-106)
Information: Relocated the clock cell 'u_mac16_top/u_mac/u_mul/clk_gate_r_s41_reg/main_gate' from (78.00, 86.00) to (88.60, 114.80). (CTS-106)
Information: Relocated the clock cell 'u_mac16_top/u_mac/u_mul/clk_gate_r_s30_reg/main_gate' from (69.80, 82.40) to (84.00, 96.80). (CTS-106)
Information: Relocated the clock cell 'u_mac16_top/u_mac/u_mul/clk_gate_r_c31_reg/main_gate' from (78.00, 86.00) to (77.80, 114.80). (CTS-106)
Information: Relocated the clock cell 'u_mac16_top/u_mac/u_mul/clk_gate_r_s31_reg/main_gate' from (69.00, 82.40) to (63.80, 107.60). (CTS-106)
Information: Relocated the clock cell 'u_mac16_top/u_mac/u_mul/clk_gate_r_s22_reg/main_gate' from (67.40, 71.60) to (49.00, 111.20). (CTS-106)
Information: Relocated the clock cell 'u_mac16_top/u_mac/u_mul/clk_gate_r_c21_reg/main_gate' from (67.00, 78.80) to (52.60, 96.80). (CTS-106)
Information: Relocated the clock cell 'u_mac16_top/u_mac/u_mul/clk_gate_r_s21_reg/main_gate' from (66.00, 60.80) to (69.80, 93.20). (CTS-106)
Information: Relocated the clock cell 'u_mac16_top/u_mac/u_mul/clk_gate_r_s20_reg/main_gate' from (62.40, 68.00) to (56.60, 82.40). (CTS-106)
A total of 30 clock cells have been relocated
Information: The run time for clock cell relocation is 0 hr : 0 min : 0.02 sec, cpu time is 0 hr : 0 min : 0.02 sec. (CTS-104)
Information: The run time for netlink placement is 0 hr : 0 min : 0.00 sec, cpu time is 0 hr : 0 min : 0.00 sec. (CTS-104)
************************************************************
* CTS STEP: Gate-By-Gate Clock Tree Synthesis
************************************************************
Design rule constraints:
     max fanout  = 1000000
Computing criticality for all echelons
Warning: No clock routing rules were specified. Use set_clock_routing_rules to specify routing rules for accurate clock latency estimation. (OPT-902)
Num of echelons 2
  Level 0 Num Nodes: 30
  Level 1 Num Nodes: 1
Processing Echelon 1
Processing parameter set (max_tran 0.500000 max_cap 0.600000)
Design scenario: CTS_DRC_OFF_SCEN0 (corner = default, mode = default)
Zbuf-HFS: gathering all scenarios
Scenario: Active:Y Setup:Y Leakage:Y Dynamic:Y MaxTran:N (-1) MaxCap:N (-1) Hold:Y Scen=CTS_DRC_OFF_SCEN0 (default:default)
Zbuf Constraints: maxTran=inf maxCap=inf
Max-CTS: All active scenarios
   Mode: default  Corner: default  Scenario: CTS_DRC_OFF_SCEN0
Max-CTS: All active leakage power scenarios
   Mode: default  Corner: default  Scenario: CTS_DRC_OFF_SCEN0
Max-CTS: All active dynamic power scenarios
   Mode: default  Corner: default  Scenario: CTS_DRC_OFF_SCEN0
orb constraints: using power mt scenarios
Warning: Technology layer 'RDL' setting 'routing-direction' is not valid (NEX-001)
ORB: timingScenario CTS_DRC_OFF_SCEN0 timingCorner default
INFO: Using corner default for worst leakage corner
Warning: No default voltage defined in the design, taking it as zero for power calculations. (POW-080)
Warning: No default voltage defined in the design, taking it as zero for power calculations. (POW-080)
Warning: No default voltage defined in the design, taking it as zero for power calculations. (POW-080)
Warning: No default voltage defined in the design, taking it as zero for power calculations. (POW-080)
Warning: No default voltage defined in the design, taking it as zero for power calculations. (POW-080)
Warning: No default voltage defined in the design, taking it as zero for power calculations. (POW-080)
Warning: No default voltage defined in the design, taking it as zero for power calculations. (POW-080)
Warning: No default voltage defined in the design, taking it as zero for power calculations. (POW-080)
Warning: No default voltage defined in the design, taking it as zero for power calculations. (POW-080)
Warning: No default voltage defined in the design, taking it as zero for power calculations. (POW-080)
Note - message 'POW-080' limit (10) exceeded. Remainder will be suppressed.
INFO: Using corner default for worst dynamic corner
Using default layer MET4
new cutoff lpd: 4.91218e-07
corner scaling: maxCornerId = 0
corner=default, tran factor=1.000000 (0.208726 / 0.208726)
ORB: Nominal = 0.0399576  Design MT = 0.475000  Target = 0.2087259 (5.224 nominal)  MaxRC = 0.111780
ORB: Fast Target = 0.083561 ( 2.091 nominal )
ORB: stageDelay=0.10345, stageLength=4528989
bmap: stepx = stepy = 90000
creating bmap
DB units per micron : 10000
Core Area = 16 X 16 ()
   10% ...   20% ...   30% ...   40% ...   50% ...   60% ...   70% ...   80% ...   90% ...  100% ...Number of Drivers Sized: 23 [76.67%]

-------------------------------------------------------------
 Echelon 1 gate by gate clock synthesis
 Gate level 2 clock tree synthesis
 Driving pin = u_mac16_top/clk_gate_fifo_count_reg/main_gate/Y
 Clocks: 
     core_clk (default)
 Design rule constraints:
     max transition = 0.500000
     max capacitance = 0.600000
 Number of Sinks = 5
 Number of Gates = 0
 Number of Loads = 5
 Added 0 Repeaters (B: 0 I: 0). Built 0 Repeater Levels for driver u_mac16_top/clk_gate_fifo_count_reg/main_gate/Y
 Phase delay: (max r/f: 0.086308/nan  min r/f: 0.086308/nan) : u_mac16_top/clk_gate_fifo_count_reg/main_gate/B
-------------------------------------------------------------
 Echelon 1 gate by gate clock synthesis
 Gate level 2 clock tree synthesis
 Driving pin = u_mac16_top/clk_gate_opA_fifo_reg[3]/main_gate/Y
 Clocks: 
     core_clk (default)
 Design rule constraints:
     max transition = 0.500000
     max capacitance = 0.600000
 Number of Sinks = 32
 Number of Gates = 0
 Number of Loads = 32
 Driver sized from AND2X0P5H9R to AND2X11H9R
 Added 0 Repeaters (B: 0 I: 0). Built 0 Repeater Levels for driver u_mac16_top/clk_gate_opA_fifo_reg[3]/main_gate/Y
 Phase delay: (max r/f: 0.052547/nan  min r/f: 0.052547/nan) : u_mac16_top/clk_gate_opA_fifo_reg[3]/main_gate/B
-------------------------------------------------------------
 Echelon 1 gate by gate clock synthesis
 Gate level 2 clock tree synthesis
 Driving pin = u_mac16_top/clk_gate_opA_fifo_reg[2]/main_gate/Y
 Clocks: 
     core_clk (default)
 Design rule constraints:
     max transition = 0.500000
     max capacitance = 0.600000
 Number of Sinks = 32
 Number of Gates = 0
 Number of Loads = 32
 Driver sized from AND2X0P5H9R to AND2X11H9R
 Added 0 Repeaters (B: 0 I: 0). Built 0 Repeater Levels for driver u_mac16_top/clk_gate_opA_fifo_reg[2]/main_gate/Y
 Phase delay: (max r/f: 0.054913/nan  min r/f: 0.054913/nan) : u_mac16_top/clk_gate_opA_fifo_reg[2]/main_gate/B
-------------------------------------------------------------
 Echelon 1 gate by gate clock synthesis
 Gate level 2 clock tree synthesis
 Driving pin = u_mac16_top/clk_gate_opA_fifo_reg[1]/main_gate/Y
 Clocks: 
     core_clk (default)
 Design rule constraints:
     max transition = 0.500000
     max capacitance = 0.600000
 Number of Sinks = 32
 Number of Gates = 0
 Number of Loads = 32
 Driver sized from AND2X0P5H9R to AND2X11H9R
 Added 0 Repeaters (B: 0 I: 0). Built 0 Repeater Levels for driver u_mac16_top/clk_gate_opA_fifo_reg[1]/main_gate/Y
 Phase delay: (max r/f: 0.052280/nan  min r/f: 0.052280/nan) : u_mac16_top/clk_gate_opA_fifo_reg[1]/main_gate/B
-------------------------------------------------------------
 Echelon 1 gate by gate clock synthesis
 Gate level 2 clock tree synthesis
 Driving pin = u_mac16_top/clk_gate_opA_fifo_reg[0]/main_gate/Y
 Clocks: 
     core_clk (default)
 Design rule constraints:
     max transition = 0.500000
     max capacitance = 0.600000
 Number of Sinks = 32
 Number of Gates = 0
 Number of Loads = 32
 Driver sized from AND2X0P5H9R to AND2X11H9R
 Added 0 Repeaters (B: 0 I: 0). Built 0 Repeater Levels for driver u_mac16_top/clk_gate_opA_fifo_reg[0]/main_gate/Y
 Phase delay: (max r/f: 0.053291/nan  min r/f: 0.053291/nan) : u_mac16_top/clk_gate_opA_fifo_reg[0]/main_gate/B
-------------------------------------------------------------
 Echelon 1 gate by gate clock synthesis
 Gate level 2 clock tree synthesis
 Driving pin = u_mac16_top/clk_gate_mac_result_shadow_reg/main_gate/Y
 Clocks: 
     core_clk (default)
 Design rule constraints:
     max transition = 0.500000
     max capacitance = 0.600000
 Number of Sinks = 26
 Number of Gates = 0
 Number of Loads = 26
 Driver sized from AND2X0P5H9R to AND2X8H9R
 Added 0 Repeaters (B: 0 I: 0). Built 0 Repeater Levels for driver u_mac16_top/clk_gate_mac_result_shadow_reg/main_gate/Y
 Phase delay: (max r/f: 0.053654/nan  min r/f: 0.053654/nan) : u_mac16_top/clk_gate_mac_result_shadow_reg/main_gate/B
-------------------------------------------------------------
 Echelon 1 gate by gate clock synthesis
 Gate level 2 clock tree synthesis
 Driving pin = u_mac16_top/clk_gate_op_fifo_count_reg/main_gate/Y
 Clocks: 
     core_clk (default)
 Design rule constraints:
     max transition = 0.500000
     max capacitance = 0.600000
 Number of Sinks = 3
 Number of Gates = 0
 Number of Loads = 3
 Added 0 Repeaters (B: 0 I: 0). Built 0 Repeater Levels for driver u_mac16_top/clk_gate_op_fifo_count_reg/main_gate/Y
 Phase delay: (max r/f: 0.061474/nan  min r/f: 0.061474/nan) : u_mac16_top/clk_gate_op_fifo_count_reg/main_gate/B
-------------------------------------------------------------
 Echelon 1 gate by gate clock synthesis
 Gate level 2 clock tree synthesis
 Driving pin = u_mac16_top/clk_gate_result_fifo_reg[3]/main_gate/Y
 Clocks: 
     core_clk (default)
 Design rule constraints:
     max transition = 0.500000
     max capacitance = 0.600000
 Number of Sinks = 24
 Number of Gates = 0
 Number of Loads = 24
 Driver sized from AND2X0P5H9R to AND2X6H9R
 Added 0 Repeaters (B: 0 I: 0). Built 0 Repeater Levels for driver u_mac16_top/clk_gate_result_fifo_reg[3]/main_gate/Y
 Phase delay: (max r/f: 0.059566/nan  min r/f: 0.059566/nan) : u_mac16_top/clk_gate_result_fifo_reg[3]/main_gate/B
-------------------------------------------------------------
 Echelon 1 gate by gate clock synthesis
 Gate level 2 clock tree synthesis
 Driving pin = u_mac16_top/clk_gate_result_fifo_reg[2]/main_gate/Y
 Clocks: 
     core_clk (default)
 Design rule constraints:
     max transition = 0.500000
     max capacitance = 0.600000
 Number of Sinks = 24
 Number of Gates = 0
 Number of Loads = 24
 Driver sized from AND2X0P5H9R to AND2X8H9R
 Added 0 Repeaters (B: 0 I: 0). Built 0 Repeater Levels for driver u_mac16_top/clk_gate_result_fifo_reg[2]/main_gate/Y
 Phase delay: (max r/f: 0.054512/nan  min r/f: 0.054512/nan) : u_mac16_top/clk_gate_result_fifo_reg[2]/main_gate/B
-------------------------------------------------------------
 Echelon 1 gate by gate clock synthesis
 Gate level 2 clock tree synthesis
 Driving pin = u_mac16_top/clk_gate_result_fifo_reg[1]/main_gate/Y
 Clocks: 
     core_clk (default)
 Design rule constraints:
     max transition = 0.500000
     max capacitance = 0.600000
 Number of Sinks = 24
 Number of Gates = 0
 Number of Loads = 24
 Driver sized from AND2X0P5H9R to AND2X8H9R
 Added 0 Repeaters (B: 0 I: 0). Built 0 Repeater Levels for driver u_mac16_top/clk_gate_result_fifo_reg[1]/main_gate/Y
 Phase delay: (max r/f: 0.054321/nan  min r/f: 0.054321/nan) : u_mac16_top/clk_gate_result_fifo_reg[1]/main_gate/B
-------------------------------------------------------------
 Echelon 1 gate by gate clock synthesis
 Gate level 2 clock tree synthesis
 Driving pin = u_mac16_top/clk_gate_result_fifo_reg[0]/main_gate/Y
 Clocks: 
     core_clk (default)
 Design rule constraints:
     max transition = 0.500000
     max capacitance = 0.600000
 Number of Sinks = 24
 Number of Gates = 0
 Number of Loads = 24
 Driver sized from AND2X0P5H9R to AND2X11H9R
 Added 0 Repeaters (B: 0 I: 0). Built 0 Repeater Levels for driver u_mac16_top/clk_gate_result_fifo_reg[0]/main_gate/Y
 Phase delay: (max r/f: 0.046215/nan  min r/f: 0.046215/nan) : u_mac16_top/clk_gate_result_fifo_reg[0]/main_gate/B
-------------------------------------------------------------
 Echelon 1 gate by gate clock synthesis
 Gate level 2 clock tree synthesis
 Driving pin = u_mac16_top/clk_gate_sched_cnt_reg/main_gate/Y
 Clocks: 
     core_clk (default)
 Design rule constraints:
     max transition = 0.500000
     max capacitance = 0.600000
 Number of Sinks = 4
 Number of Gates = 0
 Number of Loads = 4
 Added 0 Repeaters (B: 0 I: 0). Built 0 Repeater Levels for driver u_mac16_top/clk_gate_sched_cnt_reg/main_gate/Y
 Phase delay: (max r/f: 0.073338/nan  min r/f: 0.073338/nan) : u_mac16_top/clk_gate_sched_cnt_reg/main_gate/B
-------------------------------------------------------------
 Echelon 1 gate by gate clock synthesis
 Gate level 2 clock tree synthesis
 Driving pin = u_mac16_top/clk_gate_op_fifo_rd_ptr_reg/main_gate/Y
 Clocks: 
     core_clk (default)
 Design rule constraints:
     max transition = 0.500000
     max capacitance = 0.600000
 Number of Sinks = 17
 Number of Gates = 0
 Number of Loads = 17
 Added 0 Repeaters (B: 0 I: 0). Built 0 Repeater Levels for driver u_mac16_top/clk_gate_op_fifo_rd_ptr_reg/main_gate/Y
 Phase delay: (max r/f: 0.216446/nan  min r/f: 0.216446/nan) : u_mac16_top/clk_gate_op_fifo_rd_ptr_reg/main_gate/B
-------------------------------------------------------------
 Echelon 1 gate by gate clock synthesis
 Gate level 2 clock tree synthesis
 Driving pin = u_mac16_top/clk_gate_opB_reg_reg/main_gate/Y
 Clocks: 
     core_clk (default)
 Design rule constraints:
     max transition = 0.500000
     max capacitance = 0.600000
 Number of Sinks = 17
 Number of Gates = 0
 Number of Loads = 17
 Added 0 Repeaters (B: 0 I: 0). Built 0 Repeater Levels for driver u_mac16_top/clk_gate_opB_reg_reg/main_gate/Y
 Phase delay: (max r/f: 0.216293/nan  min r/f: 0.216293/nan) : u_mac16_top/clk_gate_opB_reg_reg/main_gate/B
-------------------------------------------------------------
 Echelon 1 gate by gate clock synthesis
 Gate level 2 clock tree synthesis
 Driving pin = u_mac16_top/u_mac/clk_gate_last_prod_reg/main_gate/Y
 Clocks: 
     core_clk (default)
 Design rule constraints:
     max transition = 0.500000
     max capacitance = 0.600000
 Number of Sinks = 24
 Number of Gates = 0
 Number of Loads = 24
 Driver sized from AND2X0P5H9R to AND2X6H9R
 Added 0 Repeaters (B: 0 I: 0). Built 0 Repeater Levels for driver u_mac16_top/u_mac/clk_gate_last_prod_reg/main_gate/Y
 Phase delay: (max r/f: 0.059471/nan  min r/f: 0.059471/nan) : u_mac16_top/u_mac/clk_gate_last_prod_reg/main_gate/B
-------------------------------------------------------------
 Echelon 1 gate by gate clock synthesis
 Gate level 2 clock tree synthesis
 Driving pin = u_mac16_top/u_mac/clk_gate_sum_out_reg/main_gate/Y
 Clocks: 
     core_clk (default)
 Design rule constraints:
     max transition = 0.500000
     max capacitance = 0.600000
 Number of Sinks = 25
 Number of Gates = 0
 Number of Loads = 25
 Driver sized from AND2X0P5H9R to AND2X6H9R
 Added 0 Repeaters (B: 0 I: 0). Built 0 Repeater Levels for driver u_mac16_top/u_mac/clk_gate_sum_out_reg/main_gate/Y
 Phase delay: (max r/f: 0.057602/nan  min r/f: 0.057602/nan) : u_mac16_top/u_mac/clk_gate_sum_out_reg/main_gate/B
-------------------------------------------------------------
 Echelon 1 gate by gate clock synthesis
 Gate level 2 clock tree synthesis
 Driving pin = u_mac16_top/u_mac/clk_gate_accum_reg_reg/main_gate/Y
 Clocks: 
     core_clk (default)
 Design rule constraints:
     max transition = 0.500000
     max capacitance = 0.600000
 Number of Sinks = 24
 Number of Gates = 0
 Number of Loads = 24
 Driver sized from AND2X0P5H9R to AND2X8H9R
 Added 0 Repeaters (B: 0 I: 0). Built 0 Repeater Levels for driver u_mac16_top/u_mac/clk_gate_accum_reg_reg/main_gate/Y
 Phase delay: (max r/f: 0.055943/nan  min r/f: 0.055943/nan) : u_mac16_top/u_mac/clk_gate_accum_reg_reg/main_gate/B
-------------------------------------------------------------
 Echelon 1 gate by gate clock synthesis
 Gate level 2 clock tree synthesis
 Driving pin = u_mac16_top/u_out/clk_gate_bits_left_reg/main_gate/Y
 Clocks: 
     core_clk (default)
 Design rule constraints:
     max transition = 0.500000
     max capacitance = 0.600000
 Number of Sinks = 29
 Number of Gates = 0
 Number of Loads = 29
 Driver sized from AND2X0P5H9R to AND2X8H9R
 Added 0 Repeaters (B: 0 I: 0). Built 0 Repeater Levels for driver u_mac16_top/u_out/clk_gate_bits_left_reg/main_gate/Y
 Phase delay: (max r/f: 0.053902/nan  min r/f: 0.053902/nan) : u_mac16_top/u_out/clk_gate_bits_left_reg/main_gate/B
-------------------------------------------------------------
 Echelon 1 gate by gate clock synthesis
 Gate level 2 clock tree synthesis
 Driving pin = u_mac16_top/u_inB/clk_gate_data_out_reg/main_gate/Y
 Clocks: 
     core_clk (default)
 Design rule constraints:
     max transition = 0.500000
     max capacitance = 0.600000
 Number of Sinks = 16
 Number of Gates = 0
 Number of Loads = 16
 Added 0 Repeaters (B: 0 I: 0). Built 0 Repeater Levels for driver u_mac16_top/u_inB/clk_gate_data_out_reg/main_gate/Y
 Phase delay: (max r/f: 0.165958/nan  min r/f: 0.165958/nan) : u_mac16_top/u_inB/clk_gate_data_out_reg/main_gate/B
-------------------------------------------------------------
 Echelon 1 gate by gate clock synthesis
 Gate level 2 clock tree synthesis
 Driving pin = u_mac16_top/u_inA/clk_gate_data_out_reg/main_gate/Y
 Clocks: 
     core_clk (default)
 Design rule constraints:
     max transition = 0.500000
     max capacitance = 0.600000
 Number of Sinks = 16
 Number of Gates = 0
 Number of Loads = 16
 Added 0 Repeaters (B: 0 I: 0). Built 0 Repeater Levels for driver u_mac16_top/u_inA/clk_gate_data_out_reg/main_gate/Y
 Phase delay: (max r/f: 0.177441/nan  min r/f: 0.177441/nan) : u_mac16_top/u_inA/clk_gate_data_out_reg/main_gate/B
-------------------------------------------------------------
 Echelon 1 gate by gate clock synthesis
 Gate level 2 clock tree synthesis
 Driving pin = u_mac16_top/u_mac/u_mul/clk_gate_r_c40_reg/main_gate/Y
 Clocks: 
     core_clk (default)
 Design rule constraints:
     max transition = 0.500000
     max capacitance = 0.600000
 Number of Sinks = 22
 Number of Gates = 0
 Number of Loads = 22
 Driver sized from AND2X0P5H9R to AND2X6H9R
 Added 0 Repeaters (B: 0 I: 0). Built 0 Repeater Levels for driver u_mac16_top/u_mac/u_mul/clk_gate_r_c40_reg/main_gate/Y
 Phase delay: (max r/f: 0.058975/nan  min r/f: 0.058975/nan) : u_mac16_top/u_mac/u_mul/clk_gate_r_c40_reg/main_gate/B
-------------------------------------------------------------
 Echelon 1 gate by gate clock synthesis
 Gate level 2 clock tree synthesis
 Driving pin = u_mac16_top/u_mac/u_mul/clk_gate_r_s40_reg/main_gate/Y
 Clocks: 
     core_clk (default)
 Design rule constraints:
     max transition = 0.500000
     max capacitance = 0.600000
 Number of Sinks = 22
 Number of Gates = 0
 Number of Loads = 22
 Driver sized from AND2X0P5H9R to AND2X6H9R
 Added 0 Repeaters (B: 0 I: 0). Built 0 Repeater Levels for driver u_mac16_top/u_mac/u_mul/clk_gate_r_s40_reg/main_gate/Y
 Phase delay: (max r/f: 0.059338/nan  min r/f: 0.059338/nan) : u_mac16_top/u_mac/u_mul/clk_gate_r_s40_reg/main_gate/B
-------------------------------------------------------------
 Echelon 1 gate by gate clock synthesis
 Gate level 2 clock tree synthesis
 Driving pin = u_mac16_top/u_mac/u_mul/clk_gate_r_s41_reg/main_gate/Y
 Clocks: 
     core_clk (default)
 Design rule constraints:
     max transition = 0.500000
     max capacitance = 0.600000
 Number of Sinks = 22
 Number of Gates = 0
 Number of Loads = 22
 Driver sized from AND2X0P5H9R to AND2X8H9R
 Added 0 Repeaters (B: 0 I: 0). Built 0 Repeater Levels for driver u_mac16_top/u_mac/u_mul/clk_gate_r_s41_reg/main_gate/Y
 Phase delay: (max r/f: 0.053806/nan  min r/f: 0.053806/nan) : u_mac16_top/u_mac/u_mul/clk_gate_r_s41_reg/main_gate/B
-------------------------------------------------------------
 Echelon 1 gate by gate clock synthesis
 Gate level 2 clock tree synthesis
 Driving pin = u_mac16_top/u_mac/u_mul/clk_gate_r_s30_reg/main_gate/Y
 Clocks: 
     core_clk (default)
 Design rule constraints:
     max transition = 0.500000
     max capacitance = 0.600000
 Number of Sinks = 25
 Number of Gates = 0
 Number of Loads = 25
 Driver sized from AND2X0P5H9R to AND2X6H9R
 Added 0 Repeaters (B: 0 I: 0). Built 0 Repeater Levels for driver u_mac16_top/u_mac/u_mul/clk_gate_r_s30_reg/main_gate/Y
 Phase delay: (max r/f: 0.058441/nan  min r/f: 0.058441/nan) : u_mac16_top/u_mac/u_mul/clk_gate_r_s30_reg/main_gate/B
-------------------------------------------------------------
 Echelon 1 gate by gate clock synthesis
 Gate level 2 clock tree synthesis
 Driving pin = u_mac16_top/u_mac/u_mul/clk_gate_r_c31_reg/main_gate/Y
 Clocks: 
     core_clk (default)
 Design rule constraints:
     max transition = 0.500000
     max capacitance = 0.600000
 Number of Sinks = 24
 Number of Gates = 0
 Number of Loads = 24
 Driver sized from AND2X0P5H9R to AND2X8H9R
 Added 0 Repeaters (B: 0 I: 0). Built 0 Repeater Levels for driver u_mac16_top/u_mac/u_mul/clk_gate_r_c31_reg/main_gate/Y
 Phase delay: (max r/f: 0.054207/nan  min r/f: 0.054207/nan) : u_mac16_top/u_mac/u_mul/clk_gate_r_c31_reg/main_gate/B
-------------------------------------------------------------
 Echelon 1 gate by gate clock synthesis
 Gate level 2 clock tree synthesis
 Driving pin = u_mac16_top/u_mac/u_mul/clk_gate_r_s31_reg/main_gate/Y
 Clocks: 
     core_clk (default)
 Design rule constraints:
     max transition = 0.500000
     max capacitance = 0.600000
 Number of Sinks = 24
 Number of Gates = 0
 Number of Loads = 24
 Driver sized from AND2X0P5H9R to AND2X8H9R
 Added 0 Repeaters (B: 0 I: 0). Built 0 Repeater Levels for driver u_mac16_top/u_mac/u_mul/clk_gate_r_s31_reg/main_gate/Y
 Phase delay: (max r/f: 0.050640/nan  min r/f: 0.050640/nan) : u_mac16_top/u_mac/u_mul/clk_gate_r_s31_reg/main_gate/B
-------------------------------------------------------------
 Echelon 1 gate by gate clock synthesis
 Gate level 2 clock tree synthesis
 Driving pin = u_mac16_top/u_mac/u_mul/clk_gate_r_s22_reg/main_gate/Y
 Clocks: 
     core_clk (default)
 Design rule constraints:
     max transition = 0.500000
     max capacitance = 0.600000
 Number of Sinks = 29
 Number of Gates = 0
 Number of Loads = 29
 Driver sized from AND2X0P5H9R to AND2X11H9R
 Added 0 Repeaters (B: 0 I: 0). Built 0 Repeater Levels for driver u_mac16_top/u_mac/u_mul/clk_gate_r_s22_reg/main_gate/Y
 Phase delay: (max r/f: 0.051098/nan  min r/f: 0.051098/nan) : u_mac16_top/u_mac/u_mul/clk_gate_r_s22_reg/main_gate/B
-------------------------------------------------------------
 Echelon 1 gate by gate clock synthesis
 Gate level 2 clock tree synthesis
 Driving pin = u_mac16_top/u_mac/u_mul/clk_gate_r_c21_reg/main_gate/Y
 Clocks: 
     core_clk (default)
 Design rule constraints:
     max transition = 0.500000
     max capacitance = 0.600000
 Number of Sinks = 30
 Number of Gates = 0
 Number of Loads = 30
 Driver sized from AND2X0P5H9R to AND2X11H9R
 Added 0 Repeaters (B: 0 I: 0). Built 0 Repeater Levels for driver u_mac16_top/u_mac/u_mul/clk_gate_r_c21_reg/main_gate/Y
 Phase delay: (max r/f: 0.051289/nan  min r/f: 0.051289/nan) : u_mac16_top/u_mac/u_mul/clk_gate_r_c21_reg/main_gate/B
-------------------------------------------------------------
 Echelon 1 gate by gate clock synthesis
 Gate level 2 clock tree synthesis
 Driving pin = u_mac16_top/u_mac/u_mul/clk_gate_r_s21_reg/main_gate/Y
 Clocks: 
     core_clk (default)
 Design rule constraints:
     max transition = 0.500000
     max capacitance = 0.600000
 Number of Sinks = 30
 Number of Gates = 0
 Number of Loads = 30
 Driver sized from AND2X0P5H9R to AND2X11H9R
 Added 0 Repeaters (B: 0 I: 0). Built 0 Repeater Levels for driver u_mac16_top/u_mac/u_mul/clk_gate_r_s21_reg/main_gate/Y
 Phase delay: (max r/f: 0.055504/nan  min r/f: 0.055504/nan) : u_mac16_top/u_mac/u_mul/clk_gate_r_s21_reg/main_gate/B
-------------------------------------------------------------
 Echelon 1 gate by gate clock synthesis
 Gate level 2 clock tree synthesis
 Driving pin = u_mac16_top/u_mac/u_mul/clk_gate_r_s20_reg/main_gate/Y
 Clocks: 
     core_clk (default)
 Design rule constraints:
     max transition = 0.500000
     max capacitance = 0.600000
 Number of Sinks = 30
 Number of Gates = 0
 Number of Loads = 30
 Driver sized from AND2X0P5H9R to AND2X8H9R
 Added 0 Repeaters (B: 0 I: 0). Built 0 Repeater Levels for driver u_mac16_top/u_mac/u_mul/clk_gate_r_s20_reg/main_gate/Y
 Phase delay: (max r/f: 0.054398/nan  min r/f: 0.054398/nan) : u_mac16_top/u_mac/u_mul/clk_gate_r_s20_reg/main_gate/B
Processing Echelon 2
Recomputing criticality for non-critical echelon 2
Warning: Buffer-tree root clk skipped, because it has no valid location
Warning: Buffer-tree root clk skipped, because it has no valid location
ZBUF_CTS_SANITY_CHECK_WARNING: Unable to create NBM for clk
Processing parameter set (max_tran 0.500000 max_cap 0.600000)
Design scenario: CTS_DRC_OFF_SCEN0 (corner = default, mode = default)
Zbuf-HFS: gathering all scenarios
Scenario: Active:Y Setup:Y Leakage:Y Dynamic:Y MaxTran:N (-1) MaxCap:N (-1) Hold:Y Scen=CTS_DRC_OFF_SCEN0 (default:default)
Zbuf Constraints: maxTran=inf maxCap=inf
Max-CTS: All active scenarios
   Mode: default  Corner: default  Scenario: CTS_DRC_OFF_SCEN0
Max-CTS: All active leakage power scenarios
   Mode: default  Corner: default  Scenario: CTS_DRC_OFF_SCEN0
Max-CTS: All active dynamic power scenarios
   Mode: default  Corner: default  Scenario: CTS_DRC_OFF_SCEN0
orb constraints: using power mt scenarios
Warning: Buffer-tree root clk skipped, because it has no valid location
Warning: Buffer-tree root clk skipped, because it has no valid location
Number of Drivers Sized: 0 [0.00%]

-------------------------------------------------------------
 Echelon 2 gate by gate clock synthesis
 Gate level 1 clock tree synthesis
 Driving pin = clk
 Clocks: 
     core_clk (default)
 Design rule constraints:
     max transition = 0.500000
     max capacitance = 0.600000
 Number of Sinks = 0
 Number of Gates = 0
 Number of Loads = 0
Warning: Buffer-tree root clk skipped, because it has no valid location
 Added 0 Repeaters (B: 0 I: 0). Built 0 Repeater Levels for driver clk
 Phase delay: (max r/f: 0.217648/0.004673  min r/f: 0.217648/0.004673) : clk
Information: The run time for gate-by-gate clock tree synthesis is 0 hr : 0 min : 0.91 sec, cpu time is 0 hr : 0 min : 0.79 sec. (CTS-104)
************************************************************
* CTS STEP: DRC Fixing Beyond Exceptions
************************************************************
Design rule constraints:
     max fanout  = 1000000
Num of echelons 0
Information: The run time for DRC fixing beyond exceptions is 0 hr : 0 min : 0.02 sec, cpu time is 0 hr : 0 min : 0.02 sec. (CTS-104)
There are 0 buffers and 0 inverters added (total area 0.00) by Clock Tree Synthesis.
Information: 0 out of 30 clock cells have been moved due to NDR or via ladder related legalization rules.
Info: Clock cell and register co-legalization is disabled since advanced legalizer is disabled.
==============================Displacement Report for clock sink==============================
Clock sink moved: 34 out of 797, orientation changed without moving: 256
Clock sink displacement max = 7.200000 um, average = 0.088582 um
Clock sink with large displacement: 1 (Threshold: 5.400000 um)
Largest displacement cells:
Clock sink inst 'u_mac16_top/result_fifo_reg[3][0]' snapped from (116.20, 41.00) (R180) to (119.80, 44.60) (MX) displacement = 7.200000 um.
Clock sink inst 'u_mac16_top/result_fifo_reg[0][0]' snapped from (109.80, 35.60) (MY) to (113.20, 33.80) (MX) displacement = 5.200000 um.
Clock sink inst 'u_mac16_top/opA_fifo_reg[2][3]' snapped from (28.00, 42.80) (MY) to (30.60, 44.60) (MX) displacement = 4.400000 um.
Clock sink inst 'u_mac16_top/u_mac/u_mul/r_s21_reg[12]' snapped from (105.00, 53.60) (R0) to (108.40, 53.60) (R0) displacement = 3.400000 um.
Clock sink inst 'u_mac16_top/u_mac/u_mul/r_c23_reg[17]' snapped from (62.60, 107.60) (R0) to (63.20, 105.80) (MX) displacement = 2.400000 um.
Clock sink inst 'u_mac16_top/result_fifo_reg[0][8]' snapped from (107.60, 37.40) (R180) to (109.80, 37.40) (MX) displacement = 2.200000 um.
Clock sink inst 'u_mac16_top/u_mac/last_prod_reg[19]' snapped from (106.00, 71.60) (R0) to (105.80, 69.80) (MX) displacement = 2.000000 um.
Clock sink inst 'u_mac16_top/u_mac/last_prod_reg[18]' snapped from (101.20, 71.60) (R0) to (101.00, 69.80) (MX) displacement = 2.000000 um.
Clock sink inst 'u_mac16_top/sched_cnt_reg[2]' snapped from (42.00, 10.40) (R0) to (42.00, 12.20) (MX) displacement = 1.800000 um.
Clock sink inst 'u_mac16_top/opB_fifo_reg[0][1]' snapped from (26.80, 35.60) (R0) to (26.80, 37.40) (MX) displacement = 1.800000 um.
==============================================================================================
Information: The run time for snapping registers is 0 hr : 0 min : 0.02 sec, cpu time is 0 hr : 0 min : 0.02 sec. (CTS-104)
Warning: Layer RDL does not have a preferred direction, assigning to horizontal. (ZRT-025)
Cell Min-Routing-Layer = MET1
Cell Max-Routing-Layer = T4M2
Turn off antenna since no rule is specified
Information: Option route.detail.force_end_on_preferred_grid will be ignored since none of the layers have preferred grid. (ZRT-703)
Warning: Port mode of cell mac16
        is unplaced.  This may impact routing result. (ZRT-740)
Warning: Port inA of cell mac16
        is unplaced.  This may impact routing result. (ZRT-740)
Warning: Port inB of cell mac16
        is unplaced.  This may impact routing result. (ZRT-740)
Warning: Port in_ready of cell mac16
        is unplaced.  This may impact routing result. (ZRT-740)
Warning: Port clk of cell mac16
        is unplaced.  This may impact routing result. (ZRT-740)
Warning: Port rst_n of cell mac16
        is unplaced.  This may impact routing result. (ZRT-740)
Warning: Port sum_out of cell mac16
        is unplaced.  This may impact routing result. (ZRT-740)
Warning: Port carry of cell mac16
        is unplaced.  This may impact routing result. (ZRT-740)
Warning: Port out_ready of cell mac16
        is unplaced.  This may impact routing result. (ZRT-740)
Warning: Port VDD of cell mac16
        is unplaced.  This may impact routing result. (ZRT-740)
Warning: Port VSS of cell mac16
        is unplaced.  This may impact routing result. (ZRT-740)
Warning: Ignore 11 top cell ports with no pins. (ZRT-027)
Info: number of net_type_blockage: 0 
Information: Via ladder engine would be activated for pattern must join connection in certain commands. Please refer to man-page for the command list. (ZRT-619)
Wire on layer (MET2) needs more than one tracks
Via on layer (VIA1) needs more than one tracks
Via on layer (VIA2) needs more than one tracks
Warning: Layer MET2 default pitch 0.200 may be too small to handle up/down via. Note, that minimum requirements are "wire/via-down 0.215" & "wire/via-up 0.225". (ZRT-026)
Wire on layer (MET4) needs more than one tracks
Via on layer (VIA3) needs more than one tracks
Via on layer (VIA4) needs more than one tracks
Warning: Layer MET4 default pitch 0.200 may be too small to handle up/down via. Note, that minimum requirements are "wire/via-down 0.215" & "wire/via-up 0.225". (ZRT-026)
Via on layer (T4V2) needs more than one tracks
Warning: Layer MET5 default pitch 0.200 may be too small to handle up/down via. Note, that minimum requirements are "wire/via-down 0.200" & "wire/via-up 0.380". (ZRT-026)
Via on layer (RV) needs more than one tracks
Warning: Layer T4M2 default pitch 0.800 may be too small to handle up/down via. Note, that minimum requirements are "wire/via-down 0.800" & "wire/via-up 3.600". (ZRT-026)
Via on layer (RV) needs more than one tracks
Warning: Layer RDL default pitch 5.000 may be too small to handle up/down via. Note, that minimum requirements are "wire/via-down 6.500" & "wire/via-up 5.000". (ZRT-026)
Transition layer name: MET2(1)
Transition layer name: MET4(3)
Information: When applicable Min-max layer allow_pin_connection mode will allow paths of length 2.97 outside the layer range. (ZRT-707)
Information: When applicable Min-max layer allow_pin_connection mode will allow paths of length 2.97 outside the layer range on clock nets. (ZRT-718)
Information: When applicable layer based tapering will taper up to 0.00 in distance from the pin. (ZRT-706)
Warning: Cell u_mac16_top/clk_gate_opA_fifo_reg[2]/main_gate is placed overlapping with other cells at {{29.000 35.600} {35.200 37.400}}. (ZRT-763)
Warning: Cell u_mac16_top/clk_gate_mac_result_shadow_reg/main_gate is placed overlapping with other cells at {{106.000 24.800} {110.400 26.600}}. (ZRT-763)
CTO: setting route_reuse..
************************************************************
* CTS STEP: Clock Net Global Routing
************************************************************
Performing initial clock net global routing ...
Information: The net parasitics of block mac16 are cleared. (TIM-123)
Total number of global routed clock nets: 31
Information: The run time for clock net global routing is 0 hr : 0 min : 0.21 sec, cpu time is 0 hr : 0 min : 0.21 sec. (CTS-104)
Information: The stitching and editing of coupling caps is turned OFF for design 'mac16_ndm:mac16.design'. (TIM-125)
Information: Design mac16 has 2564 nets, 31 global routed, 0 detail routed. (NEX-024)
Warning: Technology layer 'RDL' setting 'routing-direction' is not valid (NEX-001)
Information: The RC mode used is CTO for design 'mac16'. (NEX-022)
Information: Update timing completed net estimation for all the timing graph nets (TIM-111)
Information: Net estimation statistics: timing graph nets = 2562, routed nets = 31, across physical hierarchy nets = 0, parasitics cached nets = 31, delay annotated nets = 0, parasitics annotated nets = 0, multi-voltage nets = 0. (TIM-112)
Information: The netlist change observers are disabled for incremental timing updates. (TIM-119)
Information: The netlist change observers are disabled for incremental extraction. (TIM-126)
CTSSC route status detected: clock (VR 0, GR 1609, DR 0), data (VR 2531, GR 0, DR 0); stage = auto, isPostRoute = FALSE
Warning: Technology layer 'RDL' setting 'routing-direction' is not valid (NEX-001)
Warning: Layer RDL does not have a preferred direction, assigning to horizontal. (ZRT-025)
Cell Min-Routing-Layer = MET1
Cell Max-Routing-Layer = T4M2
Turn off antenna since no rule is specified
Information: Option route.detail.force_end_on_preferred_grid will be ignored since none of the layers have preferred grid. (ZRT-703)
Warning: Port mode of cell mac16
        is unplaced.  This may impact routing result. (ZRT-740)
Warning: Port inA of cell mac16
        is unplaced.  This may impact routing result. (ZRT-740)
Warning: Port inB of cell mac16
        is unplaced.  This may impact routing result. (ZRT-740)
Warning: Port in_ready of cell mac16
        is unplaced.  This may impact routing result. (ZRT-740)
Warning: Port clk of cell mac16
        is unplaced.  This may impact routing result. (ZRT-740)
Warning: Port rst_n of cell mac16
        is unplaced.  This may impact routing result. (ZRT-740)
Warning: Port sum_out of cell mac16
        is unplaced.  This may impact routing result. (ZRT-740)
Warning: Port carry of cell mac16
        is unplaced.  This may impact routing result. (ZRT-740)
Warning: Port out_ready of cell mac16
        is unplaced.  This may impact routing result. (ZRT-740)
Warning: Port VDD of cell mac16
        is unplaced.  This may impact routing result. (ZRT-740)
Warning: Port VSS of cell mac16
        is unplaced.  This may impact routing result. (ZRT-740)
Warning: Ignore 11 top cell ports with no pins. (ZRT-027)
Info: number of net_type_blockage: 0 
Information: Via ladder engine would be activated for pattern must join connection in certain commands. Please refer to man-page for the command list. (ZRT-619)
Wire on layer (MET2) needs more than one tracks
Via on layer (VIA1) needs more than one tracks
Via on layer (VIA2) needs more than one tracks
Warning: Layer MET2 default pitch 0.200 may be too small to handle up/down via. Note, that minimum requirements are "wire/via-down 0.215" & "wire/via-up 0.225". (ZRT-026)
Wire on layer (MET4) needs more than one tracks
Via on layer (VIA3) needs more than one tracks
Via on layer (VIA4) needs more than one tracks
Warning: Layer MET4 default pitch 0.200 may be too small to handle up/down via. Note, that minimum requirements are "wire/via-down 0.215" & "wire/via-up 0.225". (ZRT-026)
Via on layer (T4V2) needs more than one tracks
Warning: Layer MET5 default pitch 0.200 may be too small to handle up/down via. Note, that minimum requirements are "wire/via-down 0.200" & "wire/via-up 0.380". (ZRT-026)
Via on layer (RV) needs more than one tracks
Warning: Layer T4M2 default pitch 0.800 may be too small to handle up/down via. Note, that minimum requirements are "wire/via-down 0.800" & "wire/via-up 3.600". (ZRT-026)
Via on layer (RV) needs more than one tracks
Warning: Layer RDL default pitch 5.000 may be too small to handle up/down via. Note, that minimum requirements are "wire/via-down 6.500" & "wire/via-up 5.000". (ZRT-026)
Transition layer name: MET2(1)
Transition layer name: MET4(3)
Information: When applicable Min-max layer allow_pin_connection mode will allow paths of length 2.97 outside the layer range. (ZRT-707)
Information: When applicable Min-max layer allow_pin_connection mode will allow paths of length 2.97 outside the layer range on clock nets. (ZRT-718)
Information: When applicable layer based tapering will taper up to 0.00 in distance from the pin. (ZRT-706)
Warning: Cell u_mac16_top/clk_gate_opA_fifo_reg[2]/main_gate is placed overlapping with other cells at {{29.000 35.600} {35.200 37.400}}. (ZRT-763)
Warning: Cell u_mac16_top/clk_gate_mac_result_shadow_reg/main_gate is placed overlapping with other cells at {{106.000 24.800} {110.400 26.600}}. (ZRT-763)
GR Routing Service: Started IMRD 
GR Routing Service: ndmAttrDef 'usr_tmng_crit' created with default value 0 
GR Routing Service: ndmAttrDef 'rted_by_minDly' created with default value 0 
GR Routing Service: ndmAttrDef 'port_subnet_crit_blkConn' created with default value 0 
GR Routing Service: ndmAttrDef 'port_subnet_crit_blkPort' created with default value 0 
Loading timing information to the router ...
Design  Scenario default (Mode default Corner default)
Warning: Technology layer 'RDL' setting 'routing-direction' is not valid (NEX-001)
Timing information loaded to the router.
GR Routing Service: Setting costIdx to 3 
GR Routing Service: rebuildCongmap: itr = 3 
Number of partitions: 1 (1 x 1)
Size of partitions: 80 gCells x 80 gCells
Average gCell capacity  3.33	 on layer (1)	 MET1
Average gCell capacity  8.99	 on layer (2)	 MET2
Average gCell capacity  8.38	 on layer (3)	 MET3
Average gCell capacity  8.97	 on layer (4)	 MET4
Average gCell capacity  8.91	 on layer (5)	 MET5
Average gCell capacity  2.06	 on layer (6)	 T4M2
Average gCell capacity  0.34	 on layer (7)	 RDL
Average number of tracks per gCell 9.95	 on layer (1)	 MET1
Average number of tracks per gCell 9.01	 on layer (2)	 MET2
Average number of tracks per gCell 8.96	 on layer (3)	 MET3
Average number of tracks per gCell 9.01	 on layer (4)	 MET4
Average number of tracks per gCell 8.96	 on layer (5)	 MET5
Average number of tracks per gCell 2.25	 on layer (6)	 T4M2
Average number of tracks per gCell 0.36	 on layer (7)	 RDL
Number of gCells = 44800
[updNetsDmd] Elapsed real time: 0:00:00 
[updNetsDmd] Elapsed cpu  time: sys=0:00:00 usr=0:00:00 total=0:00:00
Created 1 thread routing service with costIdx = 3. (tbbMode 0)
GR Routing Service: Setting costIdx to 1 
rtapi Thread-server 0: startup 
Mgr Thread-server 0: Ctor 

************************************************************
* CTS STEP: Initial DRC fixing
************************************************************

[cto] Starting InitDrc.1
START_FUNC: cto:InitDrc.1      CPU:     50 s ( 0.01 hr) ELAPSE:     63 s ( 0.02 hr) MEM-PEAK:  1801 Mb Tue Aug 18 14:57:30 2026
start cto; name: mac16; type: design; tot_drc_vio: 0; buf_ct: 0; buf_area: 0.000000; cell_area: 209.880000
start cto; name: default:core_clk; type: clock; latency: 0.248184; gskew: 0.248184; tot_drc_vio: 0; wtran: 0.000000; wcap: 0.000000; buf_ct: 0; buf_area: 0.000000; cell_area: 209.880000
-------------------------------------------------------------
Optimizing clock tree DRC
clock: core_clk mode: default root: clk
Clock QoR Before DRC Optimization:
Clock: core_clk, Mode: default, Root: clk
Information: CTS QoR Pre Initial DRC Fixing: GlobalSkew = 0.2482; ID = 0.2482; NetsWithDRC = 0; Worst Tran/Cap cost = 0.0000/0.0000; ClockBufCount = 0; ClockBufArea = 0.0000; ClockCellArea = 209.8800; ClockWireLen = 4546.4100; Clock = core_clk; Mode = default; Corner = default; ClockRoot = clk. (CTS-037)

Begin Pre-Opt Drc Fixing
Starting multithread based drc fixing Pre opt drc fixing
Iteration 1 (effort: high)
Iteration 2 (effort: high)

    Optimization Summary 		

-------------------------------------------------

	# Drivers Attempted               =          0
	# Skipped during isValid and estimate          =          0
	# Failed subgraph evaluation           =          0
	# Failed main graph committ          =          0
	# Successful main graph commit      =          0
	# NumCTCells changed               =          0


	# Total CPU time                  = 00h:00m:00s
	# Total elapsed time              = 00h:00m:00s
	# Flow total speed up             =     0.9972

-------------------------------------------------

Pre-Opt drc fixing cpu time 00:00:00.27u 00:00:00.00s 00:00:00.27e: 
Clock QoR After Pre-Opt Drc Fixing:
Clock: core_clk, Mode: default, Root: clk
Information: CTS QoR Post Initial DRC Fixing: GlobalSkew = 0.2482; ID = 0.2482; NetsWithDRC = 0; Worst Tran/Cap cost = 0.0000/0.0000; ClockBufCount = 0; ClockBufArea = 0.0000; ClockCellArea = 209.8800; ClockWireLen = 4546.4100; Clock = core_clk; Mode = default; Corner = default; ClockRoot = clk. (CTS-037)
The elapsed time for optimization of clock tree is 0 hr : 0 min : 0.29 sec, cpu time is 0 hr : 0 min : 0.28 sec.
Information: The run time for Initial DRC fixing is 0 hr : 0 min : 0.29 sec, cpu time is 0 hr : 0 min : 0.28 sec. (CTS-104)
END_FUNC: cto:InitDrc.1        CPU:     51 s ( 0.01 hr) ELAPSE:     63 s ( 0.02 hr) MEM-PEAK:  1801 Mb Tue Aug 18 14:57:30 2026
end cto:InitDrc.1; cpu_time: 51; elapsed_time: 63; curr_mem: 1258; peak_mem: 1801
[cto] Finished InitDrc.1: PASS

************************************************************
* CTS STEP: Path-based global latency and skew optimization
************************************************************

[cto] Starting GLS.1
START_FUNC: cto:GLS.1          CPU:     51 s ( 0.01 hr) ELAPSE:     63 s ( 0.02 hr) MEM-PEAK:  1801 Mb Tue Aug 18 14:57:30 2026
No corner selected from constraint nor user primary corner
Selecting clock core_clk mode default corner:  default	
-------------------------------------------------------------
Optimizing clock tree global latency and skew
clock: core_clk mode: default root: clk
Clock QoR Before Global latency and skew opt:
Clock: core_clk, Mode: default, Root: clk
Information: CTS QoR Pre Optimization: GlobalSkew = 0.2482; ID = 0.2482; NetsWithDRC = 0; Worst Tran/Cap cost = 0.0000/0.0000; ClockBufCount = 0; ClockBufArea = 0.0000; ClockCellArea = 209.8800; ClockWireLen = 4546.4100; Clock = core_clk; Mode = default; Corner = default; ClockRoot = clk. (CTS-037)

Begin Global Latency and Skew Optimization
Starting multithread based global latency and skew optimization
START_FUNC: CTSSC GLS phase    CPU:     51 s ( 0.01 hr) ELAPSE:     63 s ( 0.02 hr) MEM-PEAK:  1801 Mb Tue Aug 18 14:57:30 2026

    Optimization Summary 		

-------------------------------------------------

	# Drivers Attempted               =         12
	# Skipped during isValid and estimate          =          2
	# Failed subgraph evaluation           =          0
	# Failed main graph committ          =          0
	# Successful main graph commit      =         10
	# Subgraph evaluation success rate in percent =     1.0000
	# Sg2Main acceptance ratio in percent      =     1.0000
	# NumCTCells changed               =          0

	# Accepted         sizing moves =       10

	# Total CPU time                  = 00h:00m:00s
	# Total elapsed time              = 00h:00m:00s
	# Flow total speed up             =     0.9962
	# Commit CPU time                 = 00h:00m:00s
	# Commit elapsed time             = 00h:00m:00s
	# Commit speed up                 =     0.9960
	# Generator CPU time              = 00h:00m:00s
	# Generator elapsed time          = 00h:00m:00s
	# Generator speed up              =     0.9978
	# Sg CPU time                     = 00h:00m:00s
	# Sg elapsed time                 = 00h:00m:00s
	# Sg speed up                     =     0.9961
	# The rest of flow speed up       =     0.9963

-------------------------------------------------


    Optimization Summary 		

-------------------------------------------------

	# Drivers Attempted               =          2
	# Skipped during isValid and estimate          =          2
	# Failed subgraph evaluation           =          0
	# Failed main graph committ          =          0
	# Successful main graph commit      =          0
	# NumCTCells changed               =          0


	# Total CPU time                  = 00h:00m:00s
	# Total elapsed time              = 00h:00m:00s
	# Flow total speed up             =     0.9980

-------------------------------------------------

END_FUNC: CTSSC GLS phase      CPU:     51 s ( 0.01 hr) ELAPSE:     63 s ( 0.02 hr) MEM-PEAK:  1801 Mb Tue Aug 18 14:57:30 2026
Global latency and skew opt cpu time 00:00:00.30u 00:00:00.01s 00:00:00.32e: 
Clock QoR After Global latency and skew opt:
Clock: core_clk, Mode: default, Root: clk
Information: CTS QoR Post Network Flow Optimization: GlobalSkew = 0.1317; ID = 0.1317; NetsWithDRC = 0; Worst Tran/Cap cost = 0.0000/0.0000; ClockBufCount = 0; ClockBufArea = 0.0000; ClockCellArea = 211.3200; ClockWireLen = 4546.4100; Clock = core_clk; Mode = default; Corner = default; ClockRoot = clk. (CTS-037)
Longest path:
  (0) 0.0030		0.0000		u_mac16_top/u_inA/clk_gate_data_out_reg/main_gate/B
  (1) 0.1316		0.1286		u_mac16_top/u_inA/clk_gate_data_out_reg/main_gate/Y
  (2) 0.1317		0.0001		u_mac16_top/u_inA/data_out_reg[15]/CK
Shortest path:
  (0) 0.0000		0.0000		u_mac16_top/u_mac/u_mul/product_reg_reg[3]/CK
The elapsed time for optimization of clock tree is 0 hr : 0 min : 0.33 sec, cpu time is 0 hr : 0 min : 0.32 sec.
Information: The run time for Path-based global latency and skew optimization is 0 hr : 0 min : 0.33 sec, cpu time is 0 hr : 0 min : 0.32 sec. (CTS-104)
END_FUNC: cto:GLS.1            CPU:     51 s ( 0.01 hr) ELAPSE:     63 s ( 0.02 hr) MEM-PEAK:  1801 Mb Tue Aug 18 14:57:30 2026
end cto:GLS.1; cpu_time: 51; elapsed_time: 63; curr_mem: 1258; peak_mem: 1801
[cto] Finished GLS.1: PASS

************************************************************
* CTS STEP: Area recovery
************************************************************

[cto] Starting AR.1
START_FUNC: cto:AR.1           CPU:     51 s ( 0.01 hr) ELAPSE:     63 s ( 0.02 hr) MEM-PEAK:  1801 Mb Tue Aug 18 14:57:30 2026
No corner selected from constraint nor user primary corner
Selecting clock core_clk mode default corner:  default	
-------------------------------------------------------------
Optimizing clock tree area
clock: core_clk mode: default root: clk
Starting multithread based area recovery and subtree balancing
Iteration 2 (effort: low)

    Optimization Summary 		

-------------------------------------------------

	# Drivers Attempted               =         73
	# Skipped during isValid and estimate          =          0
	# Failed subgraph evaluation           =         25
	# Failed main graph committ          =         25
	# Successful main graph commit      =         23
	# Subgraph evaluation success rate in percent =     0.6575
	# Sg2Main acceptance ratio in percent      =     0.4792
	# NumCTCells changed               =          0

	# Accepted         sizing moves =       23

	# Total CPU time                  = 00h:00m:00s
	# Total elapsed time              = 00h:00m:00s
	# Flow total speed up             =     0.9965
	# Commit CPU time                 = 00h:00m:00s
	# Commit elapsed time             = 00h:00m:00s
	# Commit speed up                 =     0.9964
	# Generator CPU time              = 00h:00m:00s
	# Generator elapsed time          = 00h:00m:00s
	# Generator speed up              =     0.9955
	# Sg CPU time                     = 00h:00m:00s
	# Sg elapsed time                 = 00h:00m:00s
	# Sg speed up                     =     0.9965
	# The rest of flow speed up       =     0.9966

-------------------------------------------------

Clock QoR After Area Recovery and Subtree Balancing:
Clock: core_clk, Mode: default, Root: clk
Information: CTS QoR Post Area Recovery Resizing: GlobalSkew = 0.1310; ID = 0.1310; NetsWithDRC = 0; Worst Tran/Cap cost = 0.0000/0.0000; ClockBufCount = 0; ClockBufArea = 0.0000; ClockCellArea = 82.0800; ClockWireLen = 4546.4100; Clock = core_clk; Mode = default; Corner = default; ClockRoot = clk. (CTS-037)
Area recovery and subtree balancing cpu time 00:00:00.87u 00:00:00.01s 00:00:00.90e: 
The elapsed time for optimization of clock tree is 0 hr : 0 min : 0.90 sec, cpu time is 0 hr : 0 min : 0.89 sec.
Information: The run time for Area recovery is 0 hr : 0 min : 0.90 sec, cpu time is 0 hr : 0 min : 0.89 sec. (CTS-104)
END_FUNC: cto:AR.1             CPU:     52 s ( 0.01 hr) ELAPSE:     64 s ( 0.02 hr) MEM-PEAK:  1801 Mb Tue Aug 18 14:57:31 2026
end cto:AR.1; cpu_time: 52; elapsed_time: 64; curr_mem: 1258; peak_mem: 1801
[cto] Finished AR.1: PASS

************************************************************
* CTS STEP: Final DRC fixing
************************************************************

[cto] Starting PostDrc.1
START_FUNC: cto:PostDrc.1      CPU:     52 s ( 0.01 hr) ELAPSE:     64 s ( 0.02 hr) MEM-PEAK:  1801 Mb Tue Aug 18 14:57:31 2026
-------------------------------------------------------------
Optimizing clock tree DRC
clock: core_clk mode: default root: clk
Clock QoR Before DRC Optimization:
Clock: core_clk, Mode: default, Root: clk
Information: CTS QoR Pre Final DRC Fixing: GlobalSkew = 0.1310; ID = 0.1310; NetsWithDRC = 0; Worst Tran/Cap cost = 0.0000/0.0000; ClockBufCount = 0; ClockBufArea = 0.0000; ClockCellArea = 82.0800; ClockWireLen = 4546.4100; Clock = core_clk; Mode = default; Corner = default; ClockRoot = clk. (CTS-037)

Begin Post-Opt Drc Fixing
Starting multithread based drc fixing Post opt drc fixing
START_FUNC: CTSSC DRC phase    CPU:     52 s ( 0.01 hr) ELAPSE:     64 s ( 0.02 hr) MEM-PEAK:  1801 Mb Tue Aug 18 14:57:31 2026

    Optimization Summary 		

-------------------------------------------------

	# Drivers Attempted               =          0
	# Skipped during isValid and estimate          =          0
	# Failed subgraph evaluation           =          0
	# Failed main graph committ          =          0
	# Successful main graph commit      =          0
	# NumCTCells changed               =          0


	# Total CPU time                  = 00h:00m:00s
	# Total elapsed time              = 00h:00m:00s
	# Flow total speed up             =     0.9971

-------------------------------------------------

END_FUNC: CTSSC DRC phase      CPU:     52 s ( 0.01 hr) ELAPSE:     64 s ( 0.02 hr) MEM-PEAK:  1801 Mb Tue Aug 18 14:57:31 2026
Post-Opt drc fixing cpu time 00:00:00.01u 00:00:00.00s 00:00:00.01e: 
Clock QoR After Post-Opt Drc Fixing:
Clock: core_clk, Mode: default, Root: clk
Information: CTS QoR Post Final DRC Fixing: GlobalSkew = 0.1310; ID = 0.1310; NetsWithDRC = 0; Worst Tran/Cap cost = 0.0000/0.0000; ClockBufCount = 0; ClockBufArea = 0.0000; ClockCellArea = 82.0800; ClockWireLen = 4546.4100; Clock = core_clk; Mode = default; Corner = default; ClockRoot = clk. (CTS-037)
The elapsed time for optimization of clock tree is 0 hr : 0 min : 0.03 sec, cpu time is 0 hr : 0 min : 0.02 sec.
Information: The run time for Final DRC fixing is 0 hr : 0 min : 0.03 sec, cpu time is 0 hr : 0 min : 0.02 sec. (CTS-104)
END_FUNC: cto:PostDrc.1        CPU:     52 s ( 0.01 hr) ELAPSE:     64 s ( 0.02 hr) MEM-PEAK:  1801 Mb Tue Aug 18 14:57:31 2026
end cto:PostDrc.1; cpu_time: 52; elapsed_time: 64; curr_mem: 1258; peak_mem: 1801
[cto] Finished PostDrc.1: PASS

************************************************************
* CTS STEP: Local skew optimization
************************************************************

[cto] Starting SolverBasedCto.1
START_FUNC: cto:SolverBasedCto.1 CPU:     52 s ( 0.01 hr) ELAPSE:     64 s ( 0.02 hr) MEM-PEAK:  1801 Mb Tue Aug 18 14:57:31 2026
Information: The stitching and editing of coupling caps is turned OFF for design 'mac16_ndm:mac16.design'. (TIM-125)
Information: Update timing completed net estimation for all the timing graph nets (TIM-111)
Information: Net estimation statistics: timing graph nets = 2562, routed nets = 31, across physical hierarchy nets = 0, parasitics cached nets = 31, delay annotated nets = 0, parasitics annotated nets = 0, multi-voltage nets = 0. (TIM-112)

Mode:default          Latency(early)   Latency(late)
Clock        Updated   rise    fall    rise    fall   Corner
------------------------------------------------------------
core_clk     Yes     0.0054  0.0054  0.0061  0.0061   default

Information: The stitching and editing of coupling caps is turned OFF for design 'mac16_ndm:mac16.design'. (TIM-125)
Information: Design Average RC for design mac16  (NEX-011)
Information: r = 0.918741 ohm/um, via_r = 0.000000 ohm/cut, c = 0.158760 ff/um, cc = 0.000000 ff/um (X dir) (NEX-017)
Information: r = 0.820126 ohm/um, via_r = 0.000000 ohm/cut, c = 0.169053 ff/um, cc = 0.000000 ff/um (Y dir) (NEX-017)
Information: Update timing completed net estimation for all the timing graph nets (TIM-111)
Information: Net estimation statistics: timing graph nets = 2562, routed nets = 31, across physical hierarchy nets = 0, parasitics cached nets = 2562, delay annotated nets = 0, parasitics annotated nets = 0, multi-voltage nets = 0. (TIM-112)
Clock: core_clk, Mode: default, Root: clk
Information: CTS QoR Pre Local Skew Optimization: GlobalSkew = nan; ID = nan; NetsWithDRC = 0; Worst Tran/Cap cost = 0.0000/0.0000; ClockBufCount = 0; ClockBufArea = 0.0000; ClockCellArea = 82.0800; ClockWireLen = 4546.4100; Clock = core_clk; Mode = default; Corner = default; ClockRoot = clk. (CTS-037)
Buffer/Inverter reference list for clock tree synthesis:
   ics55_LLSC_H9CR_typ_tt_1p2_25/BUFX0P7H9R
   ics55_LLSC_H9CR_typ_tt_1p2_25/BUFX11H9R
   ics55_LLSC_H9CR_typ_tt_1p2_25/BUFX13H9R
   ics55_LLSC_H9CR_typ_tt_1p2_25/BUFX16H9R
   ics55_LLSC_H9CR_typ_tt_1p2_25/BUFX1H9R
   ics55_LLSC_H9CR_typ_tt_1p2_25/BUFX1P4H9R
   ics55_LLSC_H9CR_typ_tt_1p2_25/BUFX1P7H9R
   ics55_LLSC_H9CR_typ_tt_1p2_25/BUFX2H9R
   ics55_LLSC_H9CR_typ_tt_1p2_25/BUFX2P5H9R
   ics55_LLSC_H9CR_typ_tt_1p2_25/BUFX3H9R
   ics55_LLSC_H9CR_typ_tt_1p2_25/BUFX3P5H9R
   ics55_LLSC_H9CR_typ_tt_1p2_25/BUFX4H9R
   ics55_LLSC_H9CR_typ_tt_1p2_25/BUFX5H9R
   ics55_LLSC_H9CR_typ_tt_1p2_25/BUFX6H9R
   ics55_LLSC_H9CR_typ_tt_1p2_25/BUFX7P5H9R
   ics55_LLSC_H9CR_typ_tt_1p2_25/BUFX9H9R
   ics55_LLSC_H9CR_typ_tt_1p2_25/DLY2X0P5H9R
   ics55_LLSC_H9CR_typ_tt_1p2_25/DLY2X1H9R
   ics55_LLSC_H9CR_typ_tt_1p2_25/DLY2X2H9R
   ics55_LLSC_H9CR_typ_tt_1p2_25/DLY2X4H9R
   ics55_LLSC_H9CR_typ_tt_1p2_25/DLY4X0P5H9R
   ics55_LLSC_H9CR_typ_tt_1p2_25/DLY4X1H9R
   ics55_LLSC_H9CR_typ_tt_1p2_25/DLY4X2H9R
   ics55_LLSC_H9CR_typ_tt_1p2_25/DLY4X4H9R
   ics55_LLSC_H9CR_typ_tt_1p2_25/FREEICGX0P5H9R
   ics55_LLSC_H9CR_typ_tt_1p2_25/FREEICGX0P6H9R
   ics55_LLSC_H9CR_typ_tt_1p2_25/FREEICGX0P7H9R
   ics55_LLSC_H9CR_typ_tt_1p2_25/FREEICGX0P8H9R
   ics55_LLSC_H9CR_typ_tt_1p2_25/FREEICGX11H9R
   ics55_LLSC_H9CR_typ_tt_1p2_25/FREEICGX13H9R
   ics55_LLSC_H9CR_typ_tt_1p2_25/FREEICGX16H9R
   ics55_LLSC_H9CR_typ_tt_1p2_25/FREEICGX1H9R
   ics55_LLSC_H9CR_typ_tt_1p2_25/FREEICGX1P2H9R
   ics55_LLSC_H9CR_typ_tt_1p2_25/FREEICGX1P4H9R
   ics55_LLSC_H9CR_typ_tt_1p2_25/FREEICGX1P7H9R
   ics55_LLSC_H9CR_typ_tt_1p2_25/FREEICGX2H9R
   ics55_LLSC_H9CR_typ_tt_1p2_25/FREEICGX2P5H9R
   ics55_LLSC_H9CR_typ_tt_1p2_25/FREEICGX3H9R
   ics55_LLSC_H9CR_typ_tt_1p2_25/FREEICGX3P5H9R
   ics55_LLSC_H9CR_typ_tt_1p2_25/FREEICGX4H9R
   ics55_LLSC_H9CR_typ_tt_1p2_25/FREEICGX5H9R
   ics55_LLSC_H9CR_typ_tt_1p2_25/FREEICGX6H9R
   ics55_LLSC_H9CR_typ_tt_1p2_25/FREEICGX7P5H9R
   ics55_LLSC_H9CR_typ_tt_1p2_25/FREEICGX9H9R
   ics55_LLSC_H9CR_typ_tt_1p2_25/INVX0P5H9R
   ics55_LLSC_H9CR_typ_tt_1p2_25/INVX0P7H9R
   ics55_LLSC_H9CR_typ_tt_1p2_25/INVX11H9R
   ics55_LLSC_H9CR_typ_tt_1p2_25/INVX13H9R
   ics55_LLSC_H9CR_typ_tt_1p2_25/INVX16H9R
   ics55_LLSC_H9CR_typ_tt_1p2_25/INVX1H9R
   ics55_LLSC_H9CR_typ_tt_1p2_25/INVX1P4H9R
   ics55_LLSC_H9CR_typ_tt_1p2_25/INVX1P7H9R
   ics55_LLSC_H9CR_typ_tt_1p2_25/INVX2H9R
   ics55_LLSC_H9CR_typ_tt_1p2_25/INVX2P5H9R
   ics55_LLSC_H9CR_typ_tt_1p2_25/INVX3H9R
   ics55_LLSC_H9CR_typ_tt_1p2_25/INVX3P5H9R
   ics55_LLSC_H9CR_typ_tt_1p2_25/INVX4H9R
   ics55_LLSC_H9CR_typ_tt_1p2_25/INVX5H9R
   ics55_LLSC_H9CR_typ_tt_1p2_25/INVX6H9R
   ics55_LLSC_H9CR_typ_tt_1p2_25/INVX7P5H9R
   ics55_LLSC_H9CR_typ_tt_1p2_25/INVX9H9R
There is no CTS reference for ICG cells

register reference list:
   ics55_LLSC_H9CR_typ_tt_1p2_25/ADFFQNX0P5H9R
   ics55_LLSC_H9CR_typ_tt_1p2_25/ADFFQNX1H9R
   ics55_LLSC_H9CR_typ_tt_1p2_25/ADFFQNX2H9R
   ics55_LLSC_H9CR_typ_tt_1p2_25/ADFFQNX3H9R
   ics55_LLSC_H9CR_typ_tt_1p2_25/ADFFQX0P5H9R
   ics55_LLSC_H9CR_typ_tt_1p2_25/ADFFQX1H9R
   ics55_LLSC_H9CR_typ_tt_1p2_25/ADFFQX2H9R
   ics55_LLSC_H9CR_typ_tt_1p2_25/ADFFQX3H9R
   ics55_LLSC_H9CR_typ_tt_1p2_25/ADFFQX4H9R
   ics55_LLSC_H9CR_typ_tt_1p2_25/ASDFFQNX0P5H9R
   ics55_LLSC_H9CR_typ_tt_1p2_25/ASDFFQNX1H9R
   ics55_LLSC_H9CR_typ_tt_1p2_25/ASDFFQNX2H9R
   ics55_LLSC_H9CR_typ_tt_1p2_25/ASDFFQNX3H9R
   ics55_LLSC_H9CR_typ_tt_1p2_25/ASDFFQX0P5H9R
   ics55_LLSC_H9CR_typ_tt_1p2_25/ASDFFQX1H9R
   ics55_LLSC_H9CR_typ_tt_1p2_25/ASDFFQX2H9R
   ics55_LLSC_H9CR_typ_tt_1p2_25/ASDFFQX3H9R
   ics55_LLSC_H9CR_typ_tt_1p2_25/ASDFFQX4H9R
   ics55_LLSC_H9CR_typ_tt_1p2_25/DFF2DQX1H9R
   ics55_LLSC_H9CR_typ_tt_1p2_25/DFF2DQX2H9R
   ics55_LLSC_H9CR_typ_tt_1p2_25/DFF2DQX3H9R
   ics55_LLSC_H9CR_typ_tt_1p2_25/DFF2DQX4H9R
   ics55_LLSC_H9CR_typ_tt_1p2_25/DFFQX0P5H9R
   ics55_LLSC_H9CR_typ_tt_1p2_25/DFFQX1H9R
   ics55_LLSC_H9CR_typ_tt_1p2_25/DFFQX2H9R
   ics55_LLSC_H9CR_typ_tt_1p2_25/DFFQX3H9R
   ics55_LLSC_H9CR_typ_tt_1p2_25/DFFQX4H9R
   ics55_LLSC_H9CR_typ_tt_1p2_25/DFFNQX1H9R
   ics55_LLSC_H9CR_typ_tt_1p2_25/DFFNQX2H9R
   ics55_LLSC_H9CR_typ_tt_1p2_25/DFFNQX3H9R
   ics55_LLSC_H9CR_typ_tt_1p2_25/DFFNRPQX1H9R
   ics55_LLSC_H9CR_typ_tt_1p2_25/DFFNRPQX2H9R
   ics55_LLSC_H9CR_typ_tt_1p2_25/DFFNRPQX3H9R
   ics55_LLSC_H9CR_typ_tt_1p2_25/DFFNRSX1H9R
   ics55_LLSC_H9CR_typ_tt_1p2_25/DFFNRSX2H9R
   ics55_LLSC_H9CR_typ_tt_1p2_25/DFFNRSX4H9R
   ics55_LLSC_H9CR_typ_tt_1p2_25/DFFNRX1H9R
   ics55_LLSC_H9CR_typ_tt_1p2_25/DFFNRX2H9R
   ics55_LLSC_H9CR_typ_tt_1p2_25/DFFNRX4H9R
   ics55_LLSC_H9CR_typ_tt_1p2_25/DFFNSQX1H9R
   ics55_LLSC_H9CR_typ_tt_1p2_25/DFFNSQX2H9R
   ics55_LLSC_H9CR_typ_tt_1p2_25/DFFNSQX3H9R
   ics55_LLSC_H9CR_typ_tt_1p2_25/DFFNSRPQX1H9R
   ics55_LLSC_H9CR_typ_tt_1p2_25/DFFNSRPQX2H9R
   ics55_LLSC_H9CR_typ_tt_1p2_25/DFFNSRPQX3H9R
   ics55_LLSC_H9CR_typ_tt_1p2_25/DFFNSX1H9R
   ics55_LLSC_H9CR_typ_tt_1p2_25/DFFNSX2H9R
   ics55_LLSC_H9CR_typ_tt_1p2_25/DFFNSX4H9R
   ics55_LLSC_H9CR_typ_tt_1p2_25/DFFNX1H9R
   ics55_LLSC_H9CR_typ_tt_1p2_25/DFFNX2H9R
   ics55_LLSC_H9CR_typ_tt_1p2_25/DFFNX4H9R
   ics55_LLSC_H9CR_typ_tt_1p2_25/DFFQNX0P5H9R
   ics55_LLSC_H9CR_typ_tt_1p2_25/DFFQNX1H9R
   ics55_LLSC_H9CR_typ_tt_1p2_25/DFFQNX2H9R
   ics55_LLSC_H9CR_typ_tt_1p2_25/DFFQNX3H9R
   ics55_LLSC_H9CR_typ_tt_1p2_25/DFFRPQNX0P5H9R
   ics55_LLSC_H9CR_typ_tt_1p2_25/DFFRPQNX1H9R
   ics55_LLSC_H9CR_typ_tt_1p2_25/DFFRPQNX2H9R
   ics55_LLSC_H9CR_typ_tt_1p2_25/DFFRPQNX3H9R
   ics55_LLSC_H9CR_typ_tt_1p2_25/DFFRPQX0P5H9R
   ics55_LLSC_H9CR_typ_tt_1p2_25/DFFRPQX1H9R
   ics55_LLSC_H9CR_typ_tt_1p2_25/DFFRPQX2H9R
   ics55_LLSC_H9CR_typ_tt_1p2_25/DFFRPQX3H9R
   ics55_LLSC_H9CR_typ_tt_1p2_25/DFFRPQX4H9R
   ics55_LLSC_H9CR_typ_tt_1p2_25/DFFRQX1H9R
   ics55_LLSC_H9CR_typ_tt_1p2_25/DFFRQX2H9R
   ics55_LLSC_H9CR_typ_tt_1p2_25/DFFRQX4H9R
   ics55_LLSC_H9CR_typ_tt_1p2_25/DFFRSX1H9R
   ics55_LLSC_H9CR_typ_tt_1p2_25/DFFRSX2H9R
   ics55_LLSC_H9CR_typ_tt_1p2_25/DFFRSX4H9R
   ics55_LLSC_H9CR_typ_tt_1p2_25/DFFRX1H9R
   ics55_LLSC_H9CR_typ_tt_1p2_25/DFFRX2H9R
   ics55_LLSC_H9CR_typ_tt_1p2_25/DFFRX4H9R
   ics55_LLSC_H9CR_typ_tt_1p2_25/DFFSQNX0P5H9R
   ics55_LLSC_H9CR_typ_tt_1p2_25/DFFSQNX1H9R
   ics55_LLSC_H9CR_typ_tt_1p2_25/DFFSQNX2H9R
   ics55_LLSC_H9CR_typ_tt_1p2_25/DFFSQNX3H9R
   ics55_LLSC_H9CR_typ_tt_1p2_25/DFFSQX0P5H9R
   ics55_LLSC_H9CR_typ_tt_1p2_25/DFFSQX1H9R
   ics55_LLSC_H9CR_typ_tt_1p2_25/DFFSQX2H9R
   ics55_LLSC_H9CR_typ_tt_1p2_25/DFFSQX3H9R
   ics55_LLSC_H9CR_typ_tt_1p2_25/DFFSQX4H9R
   ics55_LLSC_H9CR_typ_tt_1p2_25/DFFSRPQX0P5H9R
   ics55_LLSC_H9CR_typ_tt_1p2_25/DFFSRPQX1H9R
   ics55_LLSC_H9CR_typ_tt_1p2_25/DFFSRPQX2H9R
   ics55_LLSC_H9CR_typ_tt_1p2_25/DFFSRPQX3H9R
   ics55_LLSC_H9CR_typ_tt_1p2_25/DFFSRPQX4H9R
   ics55_LLSC_H9CR_typ_tt_1p2_25/DFFSX1H9R
   ics55_LLSC_H9CR_typ_tt_1p2_25/DFFSX2H9R
   ics55_LLSC_H9CR_typ_tt_1p2_25/DFFSX4H9R
   ics55_LLSC_H9CR_typ_tt_1p2_25/DFFTRSX1H9R
   ics55_LLSC_H9CR_typ_tt_1p2_25/DFFTRSX2H9R
   ics55_LLSC_H9CR_typ_tt_1p2_25/DFFTRX1H9R
   ics55_LLSC_H9CR_typ_tt_1p2_25/DFFTRX2H9R
   ics55_LLSC_H9CR_typ_tt_1p2_25/DFFTRX4H9R
   ics55_LLSC_H9CR_typ_tt_1p2_25/DFFTSX1H9R
   ics55_LLSC_H9CR_typ_tt_1p2_25/DFFTSX2H9R
   ics55_LLSC_H9CR_typ_tt_1p2_25/DFFTSX4H9R
   ics55_LLSC_H9CR_typ_tt_1p2_25/DFFX1H9R
   ics55_LLSC_H9CR_typ_tt_1p2_25/DFFX2H9R
   ics55_LLSC_H9CR_typ_tt_1p2_25/DFFX4H9R
   ics55_LLSC_H9CR_typ_tt_1p2_25/EDFFQNX0P5H9R
   ics55_LLSC_H9CR_typ_tt_1p2_25/EDFFQNX1H9R
   ics55_LLSC_H9CR_typ_tt_1p2_25/EDFFQNX2H9R
   ics55_LLSC_H9CR_typ_tt_1p2_25/EDFFQNX3H9R
   ics55_LLSC_H9CR_typ_tt_1p2_25/EDFFQX0P5H9R
   ics55_LLSC_H9CR_typ_tt_1p2_25/EDFFQX1H9R
   ics55_LLSC_H9CR_typ_tt_1p2_25/EDFFQX2H9R
   ics55_LLSC_H9CR_typ_tt_1p2_25/EDFFQX3H9R
   ics55_LLSC_H9CR_typ_tt_1p2_25/EDFFRQX1H9R
   ics55_LLSC_H9CR_typ_tt_1p2_25/EDFFRQX2H9R
   ics55_LLSC_H9CR_typ_tt_1p2_25/EDFFRQX4H9R
   ics55_LLSC_H9CR_typ_tt_1p2_25/EDFFRX1H9R
   ics55_LLSC_H9CR_typ_tt_1p2_25/EDFFRX2H9R
   ics55_LLSC_H9CR_typ_tt_1p2_25/EDFFRX4H9R
   ics55_LLSC_H9CR_typ_tt_1p2_25/EDFFTRQX1H9R
   ics55_LLSC_H9CR_typ_tt_1p2_25/EDFFTRQX2H9R
   ics55_LLSC_H9CR_typ_tt_1p2_25/EDFFTRQX4H9R
   ics55_LLSC_H9CR_typ_tt_1p2_25/EDFFTRX1H9R
   ics55_LLSC_H9CR_typ_tt_1p2_25/EDFFTRX2H9R
   ics55_LLSC_H9CR_typ_tt_1p2_25/EDFFTRX4H9R
   ics55_LLSC_H9CR_typ_tt_1p2_25/EDFFX1H9R
   ics55_LLSC_H9CR_typ_tt_1p2_25/EDFFX2H9R
   ics55_LLSC_H9CR_typ_tt_1p2_25/EDFFX4H9R
   ics55_LLSC_H9CR_typ_tt_1p2_25/ESDFFQNX0P5H9R
   ics55_LLSC_H9CR_typ_tt_1p2_25/ESDFFQNX1H9R
   ics55_LLSC_H9CR_typ_tt_1p2_25/ESDFFQNX2H9R
   ics55_LLSC_H9CR_typ_tt_1p2_25/ESDFFQNX3H9R
   ics55_LLSC_H9CR_typ_tt_1p2_25/ESDFFQX0P5H9R
   ics55_LLSC_H9CR_typ_tt_1p2_25/ESDFFQX1H9R
   ics55_LLSC_H9CR_typ_tt_1p2_25/ESDFFQX2H9R
   ics55_LLSC_H9CR_typ_tt_1p2_25/ESDFFQX3H9R
   ics55_LLSC_H9CR_typ_tt_1p2_25/ESDFFRQX1H9R
   ics55_LLSC_H9CR_typ_tt_1p2_25/ESDFFRQX2H9R
   ics55_LLSC_H9CR_typ_tt_1p2_25/ESDFFRQX4H9R
   ics55_LLSC_H9CR_typ_tt_1p2_25/ESDFFRX1H9R
   ics55_LLSC_H9CR_typ_tt_1p2_25/ESDFFRX4H9R
   ics55_LLSC_H9CR_typ_tt_1p2_25/ESDFFTRQX1H9R
   ics55_LLSC_H9CR_typ_tt_1p2_25/ESDFFTRQX2H9R
   ics55_LLSC_H9CR_typ_tt_1p2_25/ESDFFTRQX4H9R
   ics55_LLSC_H9CR_typ_tt_1p2_25/ESDFFTRX1H9R
   ics55_LLSC_H9CR_typ_tt_1p2_25/ESDFFTRX2H9R
   ics55_LLSC_H9CR_typ_tt_1p2_25/ESDFFTRX4H9R
   ics55_LLSC_H9CR_typ_tt_1p2_25/ESDFFX1H9R
   ics55_LLSC_H9CR_typ_tt_1p2_25/ESDFFX2H9R
   ics55_LLSC_H9CR_typ_tt_1p2_25/ESDFFX4H9R
   ics55_LLSC_H9CR_typ_tt_1p2_25/LATHQNX0P5H9R
   ics55_LLSC_H9CR_typ_tt_1p2_25/LATHQNX1H9R
   ics55_LLSC_H9CR_typ_tt_1p2_25/LATHQNX2H9R
   ics55_LLSC_H9CR_typ_tt_1p2_25/LATHQNX3H9R
   ics55_LLSC_H9CR_typ_tt_1p2_25/LATHQNX4H9R
   ics55_LLSC_H9CR_typ_tt_1p2_25/LATHQX0P5H9R
   ics55_LLSC_H9CR_typ_tt_1p2_25/LATHQX1H9R
   ics55_LLSC_H9CR_typ_tt_1p2_25/LATHQX2H9R
   ics55_LLSC_H9CR_typ_tt_1p2_25/LATHQX3H9R
   ics55_LLSC_H9CR_typ_tt_1p2_25/LATHRPQNX0P5H9R
   ics55_LLSC_H9CR_typ_tt_1p2_25/LATHRPQNX1H9R
   ics55_LLSC_H9CR_typ_tt_1p2_25/LATHRPQNX2H9R
   ics55_LLSC_H9CR_typ_tt_1p2_25/LATHRPQNX3H9R
   ics55_LLSC_H9CR_typ_tt_1p2_25/LATHRPQNX4H9R
   ics55_LLSC_H9CR_typ_tt_1p2_25/LATHRQX0P5H9R
   ics55_LLSC_H9CR_typ_tt_1p2_25/LATHRQX1H9R
   ics55_LLSC_H9CR_typ_tt_1p2_25/LATHRQX2H9R
   ics55_LLSC_H9CR_typ_tt_1p2_25/LATHRQX3H9R
   ics55_LLSC_H9CR_typ_tt_1p2_25/LATHSPQX0P5H9R
   ics55_LLSC_H9CR_typ_tt_1p2_25/LATHSPQX1H9R
   ics55_LLSC_H9CR_typ_tt_1p2_25/LATHSPQX2H9R
   ics55_LLSC_H9CR_typ_tt_1p2_25/LATHSPQX3H9R
   ics55_LLSC_H9CR_typ_tt_1p2_25/LATHSQNX0P5H9R
   ics55_LLSC_H9CR_typ_tt_1p2_25/LATHSQNX1H9R
   ics55_LLSC_H9CR_typ_tt_1p2_25/LATHSQNX2H9R
   ics55_LLSC_H9CR_typ_tt_1p2_25/LATHSQNX3H9R
   ics55_LLSC_H9CR_typ_tt_1p2_25/LATHSQNX4H9R
   ics55_LLSC_H9CR_typ_tt_1p2_25/LATHSRX1H9R
   ics55_LLSC_H9CR_typ_tt_1p2_25/LATHSRX2H9R
   ics55_LLSC_H9CR_typ_tt_1p2_25/LATHSRX4H9R
   ics55_LLSC_H9CR_typ_tt_1p2_25/LATLQNX0P5H9R
   ics55_LLSC_H9CR_typ_tt_1p2_25/LATLQNX1H9R
   ics55_LLSC_H9CR_typ_tt_1p2_25/LATLQNX2H9R
   ics55_LLSC_H9CR_typ_tt_1p2_25/LATLQNX3H9R
   ics55_LLSC_H9CR_typ_tt_1p2_25/LATLQNX4H9R
   ics55_LLSC_H9CR_typ_tt_1p2_25/LATLQX0P5H9R
   ics55_LLSC_H9CR_typ_tt_1p2_25/LATLQX1H9R
   ics55_LLSC_H9CR_typ_tt_1p2_25/LATLQX2H9R
   ics55_LLSC_H9CR_typ_tt_1p2_25/LATLQX3H9R
   ics55_LLSC_H9CR_typ_tt_1p2_25/LATLRPQNX0P5H9R
   ics55_LLSC_H9CR_typ_tt_1p2_25/LATLRPQNX1H9R
   ics55_LLSC_H9CR_typ_tt_1p2_25/LATLRPQNX2H9R
   ics55_LLSC_H9CR_typ_tt_1p2_25/LATLRPQNX3H9R
   ics55_LLSC_H9CR_typ_tt_1p2_25/LATLRPQNX4H9R
   ics55_LLSC_H9CR_typ_tt_1p2_25/LATLRQX0P5H9R
   ics55_LLSC_H9CR_typ_tt_1p2_25/LATLRQX1H9R
   ics55_LLSC_H9CR_typ_tt_1p2_25/LATLRQX2H9R
   ics55_LLSC_H9CR_typ_tt_1p2_25/LATLRQX3H9R
   ics55_LLSC_H9CR_typ_tt_1p2_25/LATLSPQX0P5H9R
   ics55_LLSC_H9CR_typ_tt_1p2_25/LATLSPQX1H9R
   ics55_LLSC_H9CR_typ_tt_1p2_25/LATLSPQX2H9R
   ics55_LLSC_H9CR_typ_tt_1p2_25/LATLSPQX3H9R
   ics55_LLSC_H9CR_typ_tt_1p2_25/LATLSQNX0P5H9R
   ics55_LLSC_H9CR_typ_tt_1p2_25/LATLSQNX1H9R
   ics55_LLSC_H9CR_typ_tt_1p2_25/LATLSQNX2H9R
   ics55_LLSC_H9CR_typ_tt_1p2_25/LATLSQNX3H9R
   ics55_LLSC_H9CR_typ_tt_1p2_25/LATLSQNX4H9R
   ics55_LLSC_H9CR_typ_tt_1p2_25/LATLSRX1H9R
   ics55_LLSC_H9CR_typ_tt_1p2_25/LATLSRX2H9R
   ics55_LLSC_H9CR_typ_tt_1p2_25/LATLSRX4H9R
   ics55_LLSC_H9CR_typ_tt_1p2_25/MDFFQNX0P5H9R
   ics55_LLSC_H9CR_typ_tt_1p2_25/MDFFQNX1H9R
   ics55_LLSC_H9CR_typ_tt_1p2_25/MDFFQNX2H9R
   ics55_LLSC_H9CR_typ_tt_1p2_25/MDFFQNX3H9R
   ics55_LLSC_H9CR_typ_tt_1p2_25/SDFFQNX0P5H9R
   ics55_LLSC_H9CR_typ_tt_1p2_25/SDFFQNX1H9R
   ics55_LLSC_H9CR_typ_tt_1p2_25/SDFFQNX2H9R
   ics55_LLSC_H9CR_typ_tt_1p2_25/SDFFQNX3H9R
   ics55_LLSC_H9CR_typ_tt_1p2_25/MDFFQX0P5H9R
   ics55_LLSC_H9CR_typ_tt_1p2_25/MDFFQX1H9R
   ics55_LLSC_H9CR_typ_tt_1p2_25/MDFFQX2H9R
   ics55_LLSC_H9CR_typ_tt_1p2_25/MDFFQX3H9R
   ics55_LLSC_H9CR_typ_tt_1p2_25/MDFFQX4H9R
   ics55_LLSC_H9CR_typ_tt_1p2_25/SDFF2DQX1H9R
   ics55_LLSC_H9CR_typ_tt_1p2_25/SDFF2DQX2H9R
   ics55_LLSC_H9CR_typ_tt_1p2_25/SDFF2DQX3H9R
   ics55_LLSC_H9CR_typ_tt_1p2_25/SDFF2DQX4H9R
   ics55_LLSC_H9CR_typ_tt_1p2_25/SDFFQX0P5H9R
   ics55_LLSC_H9CR_typ_tt_1p2_25/SDFFQX1H9R
   ics55_LLSC_H9CR_typ_tt_1p2_25/SDFFQX2H9R
   ics55_LLSC_H9CR_typ_tt_1p2_25/SDFFQX3H9R
   ics55_LLSC_H9CR_typ_tt_1p2_25/SDFFQX4H9R
   ics55_LLSC_H9CR_typ_tt_1p2_25/MSDFFQNX0P5H9R
   ics55_LLSC_H9CR_typ_tt_1p2_25/MSDFFQNX1H9R
   ics55_LLSC_H9CR_typ_tt_1p2_25/MSDFFQNX2H9R
   ics55_LLSC_H9CR_typ_tt_1p2_25/MSDFFQNX3H9R
   ics55_LLSC_H9CR_typ_tt_1p2_25/MSDFFQX0P5H9R
   ics55_LLSC_H9CR_typ_tt_1p2_25/MSDFFQX1H9R
   ics55_LLSC_H9CR_typ_tt_1p2_25/MSDFFQX2H9R
   ics55_LLSC_H9CR_typ_tt_1p2_25/MSDFFQX3H9R
   ics55_LLSC_H9CR_typ_tt_1p2_25/MSDFFQX4H9R
   ics55_LLSC_H9CR_typ_tt_1p2_25/SDFFNQX1H9R
   ics55_LLSC_H9CR_typ_tt_1p2_25/SDFFNQX2H9R
   ics55_LLSC_H9CR_typ_tt_1p2_25/SDFFNQX3H9R
   ics55_LLSC_H9CR_typ_tt_1p2_25/SDFFNRPQX1H9R
   ics55_LLSC_H9CR_typ_tt_1p2_25/SDFFNRPQX2H9R
   ics55_LLSC_H9CR_typ_tt_1p2_25/SDFFNRPQX3H9R
   ics55_LLSC_H9CR_typ_tt_1p2_25/SDFFNRSX1H9R
   ics55_LLSC_H9CR_typ_tt_1p2_25/SDFFNRSX2H9R
   ics55_LLSC_H9CR_typ_tt_1p2_25/SDFFNRSX4H9R
   ics55_LLSC_H9CR_typ_tt_1p2_25/SDFFNRX1H9R
   ics55_LLSC_H9CR_typ_tt_1p2_25/SDFFNRX2H9R
   ics55_LLSC_H9CR_typ_tt_1p2_25/SDFFNRX4H9R
   ics55_LLSC_H9CR_typ_tt_1p2_25/SDFFNSQX1H9R
   ics55_LLSC_H9CR_typ_tt_1p2_25/SDFFNSQX2H9R
   ics55_LLSC_H9CR_typ_tt_1p2_25/SDFFNSQX3H9R
   ics55_LLSC_H9CR_typ_tt_1p2_25/SDFFNSRPQX1H9R
   ics55_LLSC_H9CR_typ_tt_1p2_25/SDFFNSRPQX2H9R
   ics55_LLSC_H9CR_typ_tt_1p2_25/SDFFNSRPQX3H9R
   ics55_LLSC_H9CR_typ_tt_1p2_25/SDFFNSX1H9R
   ics55_LLSC_H9CR_typ_tt_1p2_25/SDFFNSX2H9R
   ics55_LLSC_H9CR_typ_tt_1p2_25/SDFFNSX4H9R
   ics55_LLSC_H9CR_typ_tt_1p2_25/SDFFNX1H9R
   ics55_LLSC_H9CR_typ_tt_1p2_25/SDFFNX2H9R
   ics55_LLSC_H9CR_typ_tt_1p2_25/SDFFNX4H9R
   ics55_LLSC_H9CR_typ_tt_1p2_25/SDFFRPQNX0P5H9R
   ics55_LLSC_H9CR_typ_tt_1p2_25/SDFFRPQNX1H9R
   ics55_LLSC_H9CR_typ_tt_1p2_25/SDFFRPQNX2H9R
   ics55_LLSC_H9CR_typ_tt_1p2_25/SDFFRPQNX3H9R
   ics55_LLSC_H9CR_typ_tt_1p2_25/SDFFRPQX0P5H9R
   ics55_LLSC_H9CR_typ_tt_1p2_25/SDFFRPQX1H9R
   ics55_LLSC_H9CR_typ_tt_1p2_25/SDFFRPQX2H9R
   ics55_LLSC_H9CR_typ_tt_1p2_25/SDFFRPQX3H9R
   ics55_LLSC_H9CR_typ_tt_1p2_25/SDFFRPQX4H9R
   ics55_LLSC_H9CR_typ_tt_1p2_25/SDFFRQX1H9R
   ics55_LLSC_H9CR_typ_tt_1p2_25/SDFFRQX2H9R
   ics55_LLSC_H9CR_typ_tt_1p2_25/SDFFRQX4H9R
   ics55_LLSC_H9CR_typ_tt_1p2_25/SDFFRSX1H9R
   ics55_LLSC_H9CR_typ_tt_1p2_25/SDFFRSX2H9R
   ics55_LLSC_H9CR_typ_tt_1p2_25/SDFFRSX4H9R
   ics55_LLSC_H9CR_typ_tt_1p2_25/SDFFRX1H9R
   ics55_LLSC_H9CR_typ_tt_1p2_25/SDFFRX2H9R
   ics55_LLSC_H9CR_typ_tt_1p2_25/SDFFRX4H9R
   ics55_LLSC_H9CR_typ_tt_1p2_25/SDFFSQNX0P5H9R
   ics55_LLSC_H9CR_typ_tt_1p2_25/SDFFSQNX1H9R
   ics55_LLSC_H9CR_typ_tt_1p2_25/SDFFSQNX2H9R
   ics55_LLSC_H9CR_typ_tt_1p2_25/SDFFSQNX3H9R
   ics55_LLSC_H9CR_typ_tt_1p2_25/SDFFSQX0P5H9R
   ics55_LLSC_H9CR_typ_tt_1p2_25/SDFFSQX1H9R
   ics55_LLSC_H9CR_typ_tt_1p2_25/SDFFSQX2H9R
   ics55_LLSC_H9CR_typ_tt_1p2_25/SDFFSQX3H9R
   ics55_LLSC_H9CR_typ_tt_1p2_25/SDFFSQX4H9R
   ics55_LLSC_H9CR_typ_tt_1p2_25/SDFFSRPQX0P5H9R
   ics55_LLSC_H9CR_typ_tt_1p2_25/SDFFSRPQX1H9R
   ics55_LLSC_H9CR_typ_tt_1p2_25/SDFFSRPQX2H9R
   ics55_LLSC_H9CR_typ_tt_1p2_25/SDFFSRPQX3H9R
   ics55_LLSC_H9CR_typ_tt_1p2_25/SDFFSRPQX4H9R
   ics55_LLSC_H9CR_typ_tt_1p2_25/SDFFSX1H9R
   ics55_LLSC_H9CR_typ_tt_1p2_25/SDFFSX2H9R
   ics55_LLSC_H9CR_typ_tt_1p2_25/SDFFSX4H9R
   ics55_LLSC_H9CR_typ_tt_1p2_25/SDFFTRSX1H9R
   ics55_LLSC_H9CR_typ_tt_1p2_25/SDFFTRSX2H9R
   ics55_LLSC_H9CR_typ_tt_1p2_25/SDFFTRX1H9R
   ics55_LLSC_H9CR_typ_tt_1p2_25/SDFFTRX2H9R
   ics55_LLSC_H9CR_typ_tt_1p2_25/SDFFTRX4H9R
   ics55_LLSC_H9CR_typ_tt_1p2_25/SDFFTSX1H9R
   ics55_LLSC_H9CR_typ_tt_1p2_25/SDFFTSX2H9R
   ics55_LLSC_H9CR_typ_tt_1p2_25/SDFFTSX4H9R
   ics55_LLSC_H9CR_typ_tt_1p2_25/SDFFX1H9R
   ics55_LLSC_H9CR_typ_tt_1p2_25/SDFFX2H9R
   ics55_LLSC_H9CR_typ_tt_1p2_25/SDFFX4H9R
   ics55_LLSC_H9CR_typ_tt_1p2_25/DFFTRQX1H9R
   ics55_LLSC_H9CR_typ_tt_1p2_25/DFFTRQX2H9R
   ics55_LLSC_H9CR_typ_tt_1p2_25/DFFTRQX4H9R
   ics55_LLSC_H9CR_typ_tt_1p2_25/SDFFTRQX1H9R
   ics55_LLSC_H9CR_typ_tt_1p2_25/SDFFTRQX2H9R
   ics55_LLSC_H9CR_typ_tt_1p2_25/SDFFTRQX4H9R

Information: 'default' is identified as primary corner for initial clock tree building. (CTS-103)
Clock cell spacing rule list:
   No clock cell spacing rule is found.
CCD MOO settings for (cto1, last_qor_strategy): 4 engines
    Engine R2R_TNS has 7 objectives, 3 enabled moves, iterationLimit = 1, solverType = CG_LP, estimateFanoutPower = 0, mergeIOWithR2R = 1, areaOnly = 0, useOldEngine = 0, preponeOpt = 1
                tns300Cutoff = 300, capAllowance = 1.600000, cgccdScaleBack = 5, powerccdScaleBack = 0, needTrialSeedGeneration = 0, drcMargin = 0.000000, commitOneByOne = 0
            R2R_TNS: priority 10, weight 10.000000, degradationPercentAllowed 0.010000, step back 0.090000, isTargeted 1, isMaximize 1
            HOLD_TNS: priority 20, weight 5.000000, degradationPercentAllowed 0.050000, step back 0.050000, isTargeted 1, isMaximize 1
            NONE_POWER: priority 30, weight 1.000000, degradationPercentAllowed 0.005000, step back 0.050000, isTargeted 1, isMaximize 0
            R2R_WNS: priority 50, weight 5.000000, degradationPercentAllowed 0.050000, step back 0.050000, isTargeted 1, isMaximize 1
            HOLD_WNS: priority 60, weight 5.000000, degradationPercentAllowed 0.050000, step back 0.050000, isTargeted 0, isMaximize 1
            IO_TNS: priority 70, weight 1.000000, degradationPercentAllowed 0.050000, step back 0.050000, isTargeted 0, isMaximize 1
            NONE_TOTAL_OFFSET: priority 99, weight 1.000000, degradationPercentAllowed nan, step back 0.050000, isTargeted 0, isMaximize 1
        Moves enabled: SIZE_CLOCK_TIMING, BUFFER_REMOVAL_CLOCK_TIMING, REPARENTING_CLOCK_TIMING, 
    Engine HOLD_TNS has 8 objectives, 2 enabled moves, iterationLimit = 1, solverType = CG_LP, estimateFanoutPower = 0, mergeIOWithR2R = 1, areaOnly = 0, useOldEngine = 0, preponeOpt = 0
                tns300Cutoff = 300, capAllowance = 1.600000, cgccdScaleBack = 5, powerccdScaleBack = 0, needTrialSeedGeneration = 0, drcMargin = 0.000000, commitOneByOne = 0
            HOLD_TNS: priority 10, weight 2.000000, degradationPercentAllowed 0.010000, step back 0.090000, isTargeted 1, isMaximize 1
            R2R_TNS: priority 20, weight 2.000000, degradationPercentAllowed 0.025000, step back 0.050000, isTargeted 1, isMaximize 1
            NONE_POWER: priority 30, weight 1.000000, degradationPercentAllowed 0.004000, step back 0.050000, isTargeted 1, isMaximize 0
            NONE_BUFFER_COUNT: priority 40, weight 5.000000, degradationPercentAllowed 0.005000, step back 0.100000, isTargeted 1, isMaximize 0
            R2R_WNS: priority 50, weight 1.000000, degradationPercentAllowed 0.010000, step back 0.050000, isTargeted 1, isMaximize 1
            HOLD_WNS: priority 60, weight 1.000000, degradationPercentAllowed 0.050000, step back 0.050000, isTargeted 0, isMaximize 1
            IO_TNS: priority 70, weight 1.000000, degradationPercentAllowed 0.050000, step back 0.050000, isTargeted 0, isMaximize 1
            NONE_TOTAL_OFFSET: priority 100, weight 1.000000, degradationPercentAllowed nan, step back 0.050000, isTargeted 0, isMaximize 1
        Moves enabled: SIZE_CLOCK_TIMING, BUFFER_CLOCK, 
    Engine R2R_TNS has 8 objectives, 2 enabled moves, iterationLimit = 1, solverType = CG_LP, estimateFanoutPower = 0, mergeIOWithR2R = 1, areaOnly = 0, useOldEngine = 0, preponeOpt = 0
                tns300Cutoff = 300, capAllowance = 1.600000, cgccdScaleBack = 5, powerccdScaleBack = 0, needTrialSeedGeneration = 0, drcMargin = 0.000000, commitOneByOne = 0
            R2R_TNS: priority 10, weight 10.000000, degradationPercentAllowed 0.010000, step back 0.090000, isTargeted 1, isMaximize 1
            HOLD_TNS: priority 20, weight 5.000000, degradationPercentAllowed 0.050000, step back 0.050000, isTargeted 1, isMaximize 1
            NONE_POWER: priority 30, weight 1.000000, degradationPercentAllowed 0.005000, step back 0.050000, isTargeted 1, isMaximize 0
            NONE_BUFFER_COUNT: priority 40, weight 5.000000, degradationPercentAllowed 0.005000, step back 0.100000, isTargeted 1, isMaximize 0
            R2R_WNS: priority 50, weight 5.000000, degradationPercentAllowed 0.050000, step back 0.050000, isTargeted 1, isMaximize 1
            HOLD_WNS: priority 60, weight 5.000000, degradationPercentAllowed 0.050000, step back 0.050000, isTargeted 0, isMaximize 1
            IO_TNS: priority 70, weight 1.000000, degradationPercentAllowed 0.050000, step back 0.050000, isTargeted 0, isMaximize 1
            NONE_TOTAL_OFFSET: priority 100, weight 1.000000, degradationPercentAllowed nan, step back 0.050000, isTargeted 0, isMaximize 1
        Moves enabled: SIZE_CLOCK_TIMING, BUFFER_CLOCK, 
    Engine NONE_POWER has 8 objectives, 2 enabled moves, iterationLimit = 1, solverType = CG_LP, estimateFanoutPower = 1, mergeIOWithR2R = 1, areaOnly = 0, useOldEngine = 0, preponeOpt = 0
                tns300Cutoff = 300, capAllowance = 100.000000, cgccdScaleBack = 5, powerccdScaleBack = 0, needTrialSeedGeneration = 0, drcMargin = 0.000000, commitOneByOne = 0
            NONE_POWER: priority 10, weight 20.000000, degradationPercentAllowed 0.005000, step back 0.050000, isTargeted 1, isMaximize 0
            NONE_BUFFER_COUNT: priority 20, weight 10.000000, degradationPercentAllowed 0.005000, step back 0.050000, isTargeted 1, isMaximize 0
            R2R_TNS: priority 30, weight 2.000000, degradationPercentAllowed 0.050000, step back 0.100000, isTargeted 1, isMaximize 1
            HOLD_TNS: priority 40, weight 1.000000, degradationPercentAllowed 0.000000, step back 0.050000, isTargeted 1, isMaximize 1
            R2R_WNS: priority 50, weight 1.000000, degradationPercentAllowed 0.005000, step back 0.050000, isTargeted 1, isMaximize 1
            HOLD_WNS: priority 60, weight 1.000000, degradationPercentAllowed 0.100000, step back 0.050000, isTargeted 0, isMaximize 1
            IO_TNS: priority 70, weight 1.000000, degradationPercentAllowed 0.050000, step back 0.050000, isTargeted 0, isMaximize 1
            NONE_TOTAL_OFFSET: priority 100, weight 1.000000, degradationPercentAllowed nan, step back 0.050000, isTargeted 0, isMaximize 1
        Moves enabled: SIZE_CLOCK_POWER, BUFFER_REMOVAL_CLOCK_POWER, 
DBG: ccdInfra::ccdInfra
Drc Mode Option: auto
CCD blasted path groups
DBG: ccdInfra::initAppOptions
DBG: ccdInfra::initCtsFixedBalancePins
CCD initialization runtime: cpu 0.059877, elapsed 0.070891, speed up 0.844635.

CCD-Info: App options set by user
   No CCD app option is set.

CCD: Netlist change observers are disabled for incremental timing updates
CCD: using 1 threads
CTSSC route status detected: clock (VR 0, GR 1609, DR 0), data (VR 2531, GR 0, DR 0); stage = auto, isPostRoute = FALSE
Information: Activity propagation will be performed for scenario default.
Information: Doing activity propagation for mode 'default' and corner 'default' with effort level 'low'. (POW-024)
Information: Timer-derived activity data is cached on scenario default (POW-052)
Information: Running switching activity propagation in scalar mode!

 **** Information : No. of simulation cycles = 4 ****
Total power = 1.117665, Leakage = 0.000546, Internal = 0.791273, Switching = 0.325846
Warning: Technology layer 'RDL' setting 'routing-direction' is not valid (NEX-001)

CCD: Initial QOR:
---------------------------------------------------------------------------------------------
 Design (setup) WNS = -0.166646, TNS = -1.263100, NVP = 15
 Design (hold) WNHS = -0.117803, TNHS = -1.151501, NHVP = 33

    Scenario default  WNS = -0.166646, TNS = -1.263100, NVP = 15
    Scenario default  WNHS = -0.117803, TNHS = -1.151501, NHVP = 33
---------------------------------------------------------------------------------------------
CCD-QoR: Timing: WNS = -0.167, TNS = -1.263, NVP = 15, UNWEIGHTED_TNS = -1.263, WNHS = -0.118, TNHS = -1.152, NHVP = 33, UNWEIGHTED_TNHS = -1.152, R2R(wns=-0.166646, tns=-1.263100, nvp=15)
 All scenarios used by CCD
    scenario 0: default , isDynamicPower, isLeakagePower, isMaxTran, isMaxCap
          mode: default, id = 0
          corner: default, id = 0
          isSetup: wns = -0.166646, unweighted tns = -1.263100
          isHold: wns = -0.117803, unweighted tns = -1.151501

Enable clock slack update

    Optimization Summary 		

-------------------------------------------------

  # Seeds generated                              0
  # Valid linear regressions                     0
  # Seeds with valid budget                      0
  # Seeds with accepted implementation           0
  # NumCTCells changed                           0


  # Total CPU time                               00h:00m:00s
  # Total elapsed time                           00h:00m:00s
  # Flow total speed up                          0.991558
  # Init lazy tns CPU time                       00h:00m:00s
  # Init lazy tns elapsed time                   00h:00m:00s
  # Init lazy tns speed up                       0.991365
  # Seed generation CPU time                     00h:00m:00s
  # Seed generation elapsed time                 00h:00m:00s
  # Seed generation speed up                     0.996644

-------------------------------------------------


CCD: After FMAX optimization:cto1_R2R_TNS0
---------------------------------------------------------------------------------------------
 Design (setup) WNS = -0.166646, TNS = -1.263100, NVP = 15
 Design (hold) WNHS = -0.117803, TNHS = -1.151501, NHVP = 33

    Scenario default  WNS = -0.166646, TNS = -1.263100, NVP = 15
    Scenario default  WNHS = -0.117803, TNHS = -1.151501, NHVP = 33
---------------------------------------------------------------------------------------------
CCD-QoR: Timing: WNS = -0.167, TNS = -1.263, NVP = 15, UNWEIGHTED_TNS = -1.263, WNHS = -0.118, TNHS = -1.152, NHVP = 33, UNWEIGHTED_TNHS = -1.152, R2R(wns=-0.166646, tns=-1.263100, nvp=15)

    Optimization Summary 		

-------------------------------------------------

  # Seeds generated                              0
  # Valid linear regressions                     0
  # Seeds with valid budget                      0
  # Seeds with accepted implementation           0
  # NumCTCells changed                           0


  # Total CPU time                               00h:00m:00s
  # Total elapsed time                           00h:00m:00s
  # Flow total speed up                          0.987322
  # Init lazy tns CPU time                       00h:00m:00s
  # Init lazy tns elapsed time                   00h:00m:00s
  # Init lazy tns speed up                       0.987939
  # Seed generation CPU time                     00h:00m:00s
  # Seed generation elapsed time                 00h:00m:00s
  # Seed generation speed up                     0.992504

-------------------------------------------------


CCD: After FMAX optimization:cto1_HOLD_TNS1
---------------------------------------------------------------------------------------------
 Design (setup) WNS = -0.166646, TNS = -1.263100, NVP = 15
 Design (hold) WNHS = -0.117803, TNHS = -1.151501, NHVP = 33

    Scenario default  WNS = -0.166646, TNS = -1.263100, NVP = 15
    Scenario default  WNHS = -0.117803, TNHS = -1.151501, NHVP = 33
---------------------------------------------------------------------------------------------
CCD-QoR: Timing: WNS = -0.167, TNS = -1.263, NVP = 15, UNWEIGHTED_TNS = -1.263, WNHS = -0.118, TNHS = -1.152, NHVP = 33, UNWEIGHTED_TNHS = -1.152, R2R(wns=-0.166646, tns=-1.263100, nvp=15)

    Optimization Summary 		

-------------------------------------------------

  # Seeds generated                              2
  # Valid linear regressions                     2
  # Seeds with valid budget                      0
  # Seeds with accepted implementation           0
  # NumCTCells changed                           0


  # Total CPU time                               00h:00m:00s
  # Total elapsed time                           00h:00m:00s
  # Flow total speed up                          0.995208
  # Init lazy tns CPU time                       00h:00m:00s
  # Init lazy tns elapsed time                   00h:00m:00s
  # Init lazy tns speed up                       0.991592
  # Seed generation CPU time                     00h:00m:00s
  # Seed generation elapsed time                 00h:00m:00s
  # Seed generation speed up                     0.996793
  # Linear regression CPU time                   00h:00m:00s
  # Linear regression elapsed time               00h:00m:00s
  # Linear regression speed up                   0.996704
  # LP solver CPU time                           00h:00m:00s
  # LP solver elapsed time                       00h:00m:00s
  # LP solver speed up                           0.994640
  # Breakdown of elapsed runtime for solver:     
     Lazy model initializations:                 10.90%
     Prepare moo/get initial QOR:                11.79%
     Commit/annotate budget:                     0.00%
     Solve runtime: 73.02% of which 38.89% is incremental-LP runtime
     Other:                                      4.29%

-------------------------------------------------


CCD: After FMAX optimization:cto1_R2R_TNS2
---------------------------------------------------------------------------------------------
 Design (setup) WNS = -0.166646, TNS = -1.263100, NVP = 15
 Design (hold) WNHS = -0.117803, TNHS = -1.151501, NHVP = 33

    Scenario default  WNS = -0.166646, TNS = -1.263100, NVP = 15
    Scenario default  WNHS = -0.117803, TNHS = -1.151501, NHVP = 33
---------------------------------------------------------------------------------------------
CCD-QoR: Timing: WNS = -0.167, TNS = -1.263, NVP = 15, UNWEIGHTED_TNS = -1.263, WNHS = -0.118, TNHS = -1.152, NHVP = 33, UNWEIGHTED_TNHS = -1.152, R2R(wns=-0.166646, tns=-1.263100, nvp=15)

    Optimization Summary 		

-------------------------------------------------

  # Seeds generated                              0
  # Valid linear regressions                     0
  # Seeds with valid budget                      0
  # Seeds with accepted implementation           0
  # NumCTCells changed                           0


  # Total CPU time                               00h:00m:00s
  # Total elapsed time                           00h:00m:00s
  # Flow total speed up                          0.991758
  # Init lazy tns CPU time                       00h:00m:00s
  # Init lazy tns elapsed time                   00h:00m:00s
  # Init lazy tns speed up                       0.991508
  # Seed generation CPU time                     00h:00m:00s
  # Seed generation elapsed time                 00h:00m:00s
  # Seed generation speed up                     0.997693

-------------------------------------------------


CCD: After FMAX optimization:cto1_NONE_POWER3
---------------------------------------------------------------------------------------------
 Design (setup) WNS = -0.166646, TNS = -1.263100, NVP = 15
 Design (hold) WNHS = -0.117803, TNHS = -1.151501, NHVP = 33

    Scenario default  WNS = -0.166646, TNS = -1.263100, NVP = 15
    Scenario default  WNHS = -0.117803, TNHS = -1.151501, NHVP = 33
---------------------------------------------------------------------------------------------
CCD-QoR: Timing: WNS = -0.167, TNS = -1.263, NVP = 15, UNWEIGHTED_TNS = -1.263, WNHS = -0.118, TNHS = -1.152, NHVP = 33, UNWEIGHTED_TNHS = -1.152, R2R(wns=-0.166646, tns=-1.263100, nvp=15)
 CCD flow runtime: cpu 0.985127, elapsed 1.056093, speed up 0.932803.
CCD unblasted path groups
Mark clock trees...
Marking clock synthesized attributes

Marking spacing rules

Clock cell spacing rule list:
   No clock cell spacing rule is found.
Clock: core_clk, Mode: default, Root: clk
Information: CTS QoR Post Local Skew Optimization: GlobalSkew = nan; ID = nan; NetsWithDRC = 0; Worst Tran/Cap cost = 0.0000/0.0000; ClockBufCount = 0; ClockBufArea = 0.0000; ClockCellArea = 82.0800; ClockWireLen = 4546.4100; Clock = core_clk; Mode = default; Corner = default; ClockRoot = clk. (CTS-037)
Information: The run time for Local skew optimization is 0 hr : 0 min : 1.48 sec, cpu time is 0 hr : 0 min : 1.31 sec. (CTS-104)
END_FUNC: cto:SolverBasedCto.1 CPU:     53 s ( 0.01 hr) ELAPSE:     66 s ( 0.02 hr) MEM-PEAK:  1801 Mb Tue Aug 18 14:57:33 2026
end cto:SolverBasedCto.1; cpu_time: 53; elapsed_time: 66; curr_mem: 1265; peak_mem: 1801
[cto] Finished SolverBasedCto.1: PASS
rtapi Thread-server 0: shutdown 
Mgr Thread-server 0: Dtor 

No. startProblems      =    60 

No. doRoutes           =     4 
No. doUnroutes         =     2 
No. redoRoutes         =     0 
No. redoUnroutes       =     0 
No. undoRoutes         =     0 
No. undoUnroutes       =     0 
No. commitRoutes       =     0 
No. commitUnroutes     =     0 
No. uncommitRoutes     =     0 
No. uncommitUnroutes   =     0 
No. doRoute fails      =     0 
No. doUnroute fails    =     0 

No. viaLadderQueries   =     0 
No. doDelVias          =     0 
No. doAddVias          =     0 
No. redoDelVias        =     0 
No. redoAddVias        =     0 
No. undoDelVias        =     0 
No. undoAddVias        =     0 
No. commitChangeVias   =     0 
No. uncommitChangeVias =     0 
No. doDelVias fails    =     0 
No. doAddVias fails    =     0 

Updating congestion ...
Updating congestion ...
GR Routing Service: Wrote GR congmap to NDM 
Information: The netlist change observers are enabled for incremental timing updates. (TIM-120)
Information: The netlist change observers are enabled for incremental extraction. (TIM-127)
Information: The net parasitics of block mac16 are cleared. (TIM-123)
Warning: Layer RDL does not have a preferred direction, assigning to horizontal. (ZRT-025)
Cell Min-Routing-Layer = MET1
Cell Max-Routing-Layer = T4M2
Turn off antenna since no rule is specified
Information: Option route.detail.force_end_on_preferred_grid will be ignored since none of the layers have preferred grid. (ZRT-703)
Warning: Port mode of cell mac16
        is unplaced.  This may impact routing result. (ZRT-740)
Warning: Port inA of cell mac16
        is unplaced.  This may impact routing result. (ZRT-740)
Warning: Port inB of cell mac16
        is unplaced.  This may impact routing result. (ZRT-740)
Warning: Port in_ready of cell mac16
        is unplaced.  This may impact routing result. (ZRT-740)
Warning: Port clk of cell mac16
        is unplaced.  This may impact routing result. (ZRT-740)
Warning: Port rst_n of cell mac16
        is unplaced.  This may impact routing result. (ZRT-740)
Warning: Port sum_out of cell mac16
        is unplaced.  This may impact routing result. (ZRT-740)
Warning: Port carry of cell mac16
        is unplaced.  This may impact routing result. (ZRT-740)
Warning: Port out_ready of cell mac16
        is unplaced.  This may impact routing result. (ZRT-740)
Warning: Port VDD of cell mac16
        is unplaced.  This may impact routing result. (ZRT-740)
Warning: Port VSS of cell mac16
        is unplaced.  This may impact routing result. (ZRT-740)
Warning: Ignore 11 top cell ports with no pins. (ZRT-027)
Info: number of net_type_blockage: 0 
Information: Via ladder engine would be activated for pattern must join connection in certain commands. Please refer to man-page for the command list. (ZRT-619)
Wire on layer (MET2) needs more than one tracks
Via on layer (VIA1) needs more than one tracks
Via on layer (VIA2) needs more than one tracks
Warning: Layer MET2 default pitch 0.200 may be too small to handle up/down via. Note, that minimum requirements are "wire/via-down 0.215" & "wire/via-up 0.225". (ZRT-026)
Wire on layer (MET4) needs more than one tracks
Via on layer (VIA3) needs more than one tracks
Via on layer (VIA4) needs more than one tracks
Warning: Layer MET4 default pitch 0.200 may be too small to handle up/down via. Note, that minimum requirements are "wire/via-down 0.215" & "wire/via-up 0.225". (ZRT-026)
Via on layer (T4V2) needs more than one tracks
Warning: Layer MET5 default pitch 0.200 may be too small to handle up/down via. Note, that minimum requirements are "wire/via-down 0.200" & "wire/via-up 0.380". (ZRT-026)
Via on layer (RV) needs more than one tracks
Warning: Layer T4M2 default pitch 0.800 may be too small to handle up/down via. Note, that minimum requirements are "wire/via-down 0.800" & "wire/via-up 3.600". (ZRT-026)
Via on layer (RV) needs more than one tracks
Warning: Layer RDL default pitch 5.000 may be too small to handle up/down via. Note, that minimum requirements are "wire/via-down 6.500" & "wire/via-up 5.000". (ZRT-026)
Transition layer name: MET2(1)
Transition layer name: MET4(3)
Information: When applicable Min-max layer allow_pin_connection mode will allow paths of length 2.97 outside the layer range. (ZRT-707)
Information: When applicable Min-max layer allow_pin_connection mode will allow paths of length 2.97 outside the layer range on clock nets. (ZRT-718)
Information: When applicable layer based tapering will taper up to 0.00 in distance from the pin. (ZRT-706)
Warning: Cell u_mac16_top/opA_fifo_reg[0][3] is placed overlapping with other cells at {{28.400 41.000} {33.200 42.800}}. (ZRT-763)
Warning: Cell u_mac16_top/clk_gate_mac_result_shadow_reg/main_gate is placed overlapping with other cells at {{106.000 24.800} {107.400 26.600}}. (ZRT-763)
Start Global Route ... 
[Init] Elapsed real time: 0:00:00 
[Init] Elapsed cpu  time: sys=0:00:00 usr=0:00:00 total=0:00:00
[Init] Stage (MB): Used    0  Alloctr    0  Proc    0 
[Init] Total (MB): Used   21  Alloctr   22  Proc 7059 
Printing options for 'route.common.*'
common.verbose_level                                    :	 0                   

Printing options for 'route.global.*'
global.crosstalk_driven                                 :	 false               
global.timing_driven                                    :	 false               

Begin global routing.
Constructing data structure ...
Design statistics:
Design Bounding Box (0.00um,0.00um,144.00um,143.20um)
Number of routing layers = 7
layer MET1, dir Hor, min width = 0.09um, min space = 0.09um pitch = 0.18um
layer MET2, dir Ver, min width = 0.1um, min space = 0.1um pitch = 0.2um
layer MET3, dir Hor, min width = 0.1um, min space = 0.1um pitch = 0.2um
layer MET4, dir Ver, min width = 0.1um, min space = 0.1um pitch = 0.2um
layer MET5, dir Hor, min width = 0.1um, min space = 0.1um pitch = 0.2um
layer T4M2, dir Ver, min width = 0.4um, min space = 0.4um pitch = 0.8um
layer RDL, dir Hor, min width = 3um, min space = 2um pitch = 5um
Current Stage stats:
[End of Build Tech Data] Elapsed real time: 0:00:00 
[End of Build Tech Data] Elapsed cpu  time: sys=0:00:00 usr=0:00:00 total=0:00:00
[End of Build Tech Data] Stage (MB): Used    0  Alloctr    0  Proc    0 
[End of Build Tech Data] Total (MB): Used   25  Alloctr   26  Proc 7059 
Net statistics:
Total number of nets     = 2564
Number of nets to route  = 31
Number of single or zero port nets = 2
26 nets are partially connected,
 of which 0 are detail routed and 26 are global routed.
7 nets are fully connected,
 of which 2 are detail routed and 5 are global routed.
Net length statistics: 
Net Count(Ignore Fully Rted) 26, Total Half Perimeter Wire Length (HPWL) 2040 microns
HPWL   0 ~   50 microns: Net Count        1	Total HPWL           49 microns
HPWL  50 ~  100 microns: Net Count       23	Total HPWL         1651 microns
HPWL 100 ~  200 microns: Net Count        2	Total HPWL          341 microns
HPWL 200 ~  300 microns: Net Count        0	Total HPWL            0 microns
HPWL 300 ~  400 microns: Net Count        0	Total HPWL            0 microns
HPWL 400 ~  500 microns: Net Count        0	Total HPWL            0 microns
HPWL 500 ~  600 microns: Net Count        0	Total HPWL            0 microns
HPWL 600 ~  700 microns: Net Count        0	Total HPWL            0 microns
HPWL 700 ~  800 microns: Net Count        0	Total HPWL            0 microns
HPWL 800 ~  900 microns: Net Count        0	Total HPWL            0 microns
HPWL 900 ~ 1000 microns: Net Count        0	Total HPWL            0 microns
HPWL     > 1000 microns: Net Count        0	Total HPWL            0 microns
Current Stage stats:
[End of Build All Nets] Elapsed real time: 0:00:00 
[End of Build All Nets] Elapsed cpu  time: sys=0:00:00 usr=0:00:00 total=0:00:00
[End of Build All Nets] Stage (MB): Used    1  Alloctr    1  Proc    0 
[End of Build All Nets] Total (MB): Used   27  Alloctr   28  Proc 7059 
Number of partitions: 1 (1 x 1)
Size of partitions: 80 gCells x 80 gCells
Average gCell capacity  3.37	 on layer (1)	 MET1
Average gCell capacity  8.99	 on layer (2)	 MET2
Average gCell capacity  8.38	 on layer (3)	 MET3
Average gCell capacity  8.97	 on layer (4)	 MET4
Average gCell capacity  8.91	 on layer (5)	 MET5
Average gCell capacity  2.06	 on layer (6)	 T4M2
Average gCell capacity  0.34	 on layer (7)	 RDL
Average number of tracks per gCell 9.95	 on layer (1)	 MET1
Average number of tracks per gCell 9.01	 on layer (2)	 MET2
Average number of tracks per gCell 8.96	 on layer (3)	 MET3
Average number of tracks per gCell 9.01	 on layer (4)	 MET4
Average number of tracks per gCell 8.96	 on layer (5)	 MET5
Average number of tracks per gCell 2.25	 on layer (6)	 T4M2
Average number of tracks per gCell 0.36	 on layer (7)	 RDL
Number of gCells = 44800
Current Stage stats:
[End of Build Congestion Map] Elapsed real time: 0:00:00 
[End of Build Congestion Map] Elapsed cpu  time: sys=0:00:00 usr=0:00:00 total=0:00:00
[End of Build Congestion Map] Stage (MB): Used    0  Alloctr    0  Proc    0 
[End of Build Congestion Map] Total (MB): Used   28  Alloctr   29  Proc 7059 
Current Stage stats:
[End of Add Nets Demand] Elapsed real time: 0:00:00 
[End of Add Nets Demand] Elapsed cpu  time: sys=0:00:00 usr=0:00:00 total=0:00:00
[End of Add Nets Demand] Stage (MB): Used    0  Alloctr    0  Proc    0 
[End of Add Nets Demand] Total (MB): Used   28  Alloctr   29  Proc 7059 
Number of user frozen nets = 0
Total stats:
[End of Build Data] Elapsed real time: 0:00:00 
[End of Build Data] Elapsed cpu  time: sys=0:00:00 usr=0:00:00 total=0:00:00
[End of Build Data] Stage (MB): Used    3  Alloctr    3  Proc    0 
[End of Build Data] Total (MB): Used   28  Alloctr   29  Proc 7059 
Number of partitions: 1 (1 x 1)
Size of partitions: 80 gCells x 80 gCells
Current Stage stats:
[End of Blocked Pin Detection] Elapsed real time: 0:00:00 
[End of Blocked Pin Detection] Elapsed cpu  time: sys=0:00:00 usr=0:00:00 total=0:00:00
[End of Blocked Pin Detection] Stage (MB): Used   68  Alloctr   68  Proc    0 
[End of Blocked Pin Detection] Total (MB): Used   96  Alloctr   97  Proc 7059 
Information: Using 1 threads for routing. (ZRT-444)
Information: Multiple gcell levels ON
Information: Buffer distance is estimated to be ~1185.0000um (658 gCells)

Start GR phase 0
Number of partitions: 1 (1 x 1)
Size of partitions: 80 gCells x 80 gCells
[rtAllBotParts] Elapsed real time: 0:00:00 
[rtAllBotParts] Elapsed cpu  time: sys=0:00:00 usr=0:00:00 total=0:00:00
[rtTop] Elapsed real time: 0:00:00 
[rtTop] Elapsed cpu  time: sys=0:00:00 usr=0:00:00 total=0:00:00
Current Stage stats:
[End of Initial Routing] Elapsed real time: 0:00:00 
[End of Initial Routing] Elapsed cpu  time: sys=0:00:00 usr=0:00:00 total=0:00:00
[End of Initial Routing] Stage (MB): Used    0  Alloctr    0  Proc    0 
[End of Initial Routing] Total (MB): Used   96  Alloctr   97  Proc 7059 
Initial. Routing result:
Initial. Both Dirs: Dmd-Cap  =     0 Max = 0 GRCs =     0 (0.00%)
Initial. H routing: Dmd-Cap  =     0 Max = 0 (GRCs =  0) GRCs =     0 (0.00%)
Initial. V routing: Dmd-Cap  =     0 Max = 0 (GRCs =  0) GRCs =     0 (0.00%)
Initial. Both Dirs: Overflow =     6 Max = 3 GRCs =     3 (0.02%)
Initial. H routing: Overflow =     6 Max = 3 (GRCs =  2) GRCs =     3 (0.05%)
Initial. V routing: Overflow =     0 Max = 0 (GRCs =  0) GRCs =     0 (0.00%)
Initial. MET1       Overflow =     6 Max = 3 (GRCs =  2) GRCs =     3 (0.05%)
Initial. MET2       Overflow =     0 Max = 0 (GRCs =  0) GRCs =     0 (0.00%)
Initial. MET3       Overflow =     0 Max = 0 (GRCs =  0) GRCs =     0 (0.00%)
Initial. MET4       Overflow =     0 Max = 0 (GRCs =  0) GRCs =     0 (0.00%)
Initial. MET5       Overflow =     0 Max = 0 (GRCs =  0) GRCs =     0 (0.00%)
Initial. T4M2       Overflow =     0 Max = 0 (GRCs =  0) GRCs =     0 (0.00%)
Initial. RDL        Overflow =     0 Max = 0 (GRCs =  0) GRCs =     0 (0.00%)

Initial. Total Wire Length = 4405.63
Initial. Layer MET1 wire length = 4.71
Initial. Layer MET2 wire length = 2.06
Initial. Layer MET3 wire length = 2200.87
Initial. Layer MET4 wire length = 2131.25
Initial. Layer MET5 wire length = 66.75
Initial. Layer T4M2 wire length = 0.00
Initial. Layer RDL wire length = 0.00
Initial. Total Number of Contacts = 2729
Initial. Via VIA12 count = 863
Initial. Via VIA23 count = 857
Initial. Via VIA34 count = 989
Initial. Via VIA45 count = 20
Initial. Via T4M2_MET5 count = 0
Initial. Via RDL_T4M2 count = 0
Initial. completed.
[End of Whole Chip Routing] Elapsed real time: 0:00:00 
[End of Whole Chip Routing] Elapsed cpu  time: sys=0:00:00 usr=0:00:00 total=0:00:00
[End of Whole Chip Routing] Stage (MB): Used   71  Alloctr   71  Proc    0 
[End of Whole Chip Routing] Total (MB): Used   96  Alloctr   97  Proc 7059 

Information: Global Routing didn't terminate early. (ZRT-103)

Congestion utilization per direction:
Average vertical track utilization   =  3.99 %
Peak    vertical track utilization   = 55.00 %
Average horizontal track utilization =  2.06 %
Peak    horizontal track utilization = 31.58 %

[End of Global Routing] Elapsed real time: 0:00:00 
[End of Global Routing] Elapsed cpu  time: sys=0:00:00 usr=0:00:00 total=0:00:00
[End of Global Routing] Stage (MB): Used   70  Alloctr   70  Proc    0 
[End of Global Routing] Total (MB): Used   95  Alloctr   96  Proc 7059 
Updating congestion ...
Updating congestion ...
[End of dbOut] Elapsed real time: 0:00:00 
[End of dbOut] Elapsed cpu  time: sys=0:00:00 usr=0:00:00 total=0:00:00
[End of dbOut] Stage (MB): Used    0  Alloctr    0  Proc    0 
[End of dbOut] Total (MB): Used   53  Alloctr   54  Proc 7059 
Skip track assign
Skip detail route
Updating the database ...
There are 0 buffers added and 0 inverters added by Clock Tree Optimization.
************************************************************
* CTS STEP: Postlude
************************************************************
Info: 797 sinks and boundary insts are set as application_fixed
Information: The run time for postlude is 0 hr : 0 min : 0.01 sec, cpu time is 0 hr : 0 min : 0.01 sec. (CTS-104)
************************************************************
* CTS STEP: Summary report
************************************************************
There are 31 flat clock tree nets.
There are 30 non-sink instances (total area 82.08) on clock trees including 0 instances dont_touch.
Clock tree synthesize and optimization added 0 buffers and 0 inverters (total area 0.00).
 Compilation of clock trees finished successfully
 Run time for cts 00:00:04.45u 00:00:00.40s 00:00:05.38e: 
[Tim-Power] Info: Cleared Leakage libCell cache.

Summary of messages during CTS:
===============================================================
  Tag   Count  Type           Description
---------------------------------------------------------------
CTS-038    1  Warning  No clock routing rule is specified.

No clock balance group was found, so skip the balance
Info: clearing CTS-GR option
Info: clearinf CTO-GR option
Information: Ending   clock_opt / build_clock / Trial CTS (FLW-8001)
Information: Time: 2026-08-18 14:57:33 / Session:  00:01:05 / Command:  00:00:05 / CPU:  00:00:04 / Memory: 1801 MB (FLW-8100)

Information: The stitching and editing of coupling caps is turned OFF for design 'mac16_ndm:mac16.design'. (TIM-125)
Information: Design mac16 has 2564 nets, 31 global routed, 0 detail routed. (NEX-024)
Warning: Technology layer 'RDL' setting 'routing-direction' is not valid (NEX-001)
Information: The RC mode used is CTO for design 'mac16'. (NEX-022)
Information: Design Average RC for design mac16  (NEX-011)
Information: r = 0.918810 ohm/um, via_r = 0.000000 ohm/cut, c = 0.158569 ff/um, cc = 0.000000 ff/um (X dir) (NEX-017)
Information: r = 0.820126 ohm/um, via_r = 0.000000 ohm/cut, c = 0.168896 ff/um, cc = 0.000000 ff/um (Y dir) (NEX-017)
Information: Update timing completed net estimation for all the timing graph nets (TIM-111)
Information: Net estimation statistics: timing graph nets = 2562, routed nets = 31, across physical hierarchy nets = 0, parasitics cached nets = 2562, delay annotated nets = 0, parasitics annotated nets = 0, multi-voltage nets = 0. (TIM-112)
Clock-opt command begin                   CPU:    49 s (  0.01 hr )  ELAPSE:    66 s (  0.02 hr )  MEM-PEAK:  1801 MB
Warning: Cannot find any max transition constraint on the design. (OPT-070)
Info: update em.

Clock-opt timing update complete          CPU:    49 s (  0.01 hr )  ELAPSE:    66 s (  0.02 hr )  MEM-PEAK:  1801 MB
INFO: Propagating Switching Activities
Information: Activity propagation will be performed for scenario default.
Information: Doing activity propagation for mode 'default' and corner 'default' with effort level 'medium'. (POW-024)
Information: Timer-derived activity data is cached on scenario default (POW-052)
Information: Running switching activity propagation in scalar mode!

 **** Information : No. of simulation cycles = 7 ****
INFO: Switching Activity propagation took     0.00024 sec
INFO: Propagating Switching Activity for all power flows 

Clock-opt initial QoR
_____________________
Scenario Mapping Table
1: default

Pathgroup Mapping Table
1: **default**
2: **async_default**
3: **clock_gating_default**
4: **in2reg_default**
5: **reg2out_default**
6: **in2out_default**
7: core_clk

-------------------------------------------------------------------------------------------------------------------------------------------------------------
PATHGROUP QOR 
-------------------------------------------------------------------------------------------------------------------------------------------------------------
Scene  PG      WNS        TNS    NSV      WHV        THV    NHV
    1   1   0.0000     0.0000      0   0.0000     0.0000      0
    1   2   0.0000     0.0000      0   0.0000     0.0000      0
    1   3   0.0000     0.0000      0   0.0000     0.0000      0
    1   4   0.0000     0.0000      0   0.1190     0.3383      3
    1   5   0.0000     0.0000      0   0.0000     0.0000      0
    1   6   0.0000     0.0000      0   0.0000     0.0000      0
    1   7   0.1672     1.2664     15   0.0465     0.8152     30
----------------------------------------------------------------------------------------------------------------------------------------------------------------------
SCENARIO QOR 
----------------------------------------------------------------------------------------------------------------------------------------------------------------------
Scene  PG      WNS        TNS   R2RTNS    NSV      WHV        THV    NHV  MaxTrnV   MaxTranC  MaxCapV    Leakage
    1   *   0.1672     1.2664   1.2664     15   0.1190     1.1536     33        0     0.0000        0    546.176
----------------------------------------------------------------------------------------------------------------------------------------------------------------------
DESIGN QOR 
----------------------------------------------------------------------------------------------------------------------------------------------------------------------
Scene  PG      WNS        TNS   R2RTNS    NSV      WHV        THV    NHV  MaxTrnV   MaxTranC  MaxCapV    Leakage         Area    InstCnt     BufCnt     InvCnt
    *   *   0.1672     1.2664   1.2664     15   0.1190     1.1536     33        0     0.0000        0    546.176     10990.44       2428         15        172
----------------------------------------------------------------------------------------------------------------------------------------------------------------------

Clock-opt initial QoR Summary       WNS        TNS   R2RTNS    NSV      WHV        THV    NHV  MaxTrnV  MaxCapV    Leakage         Area    InstCnt
Clock-opt initial QoR Summary    0.1672     1.2664   1.2664     15   0.1190     1.1536     33        0        0    546.176     10990.44       2428
Information: The netlist change observers are disabled for incremental extraction. (TIM-126)
INFO: using 1 threads
Warning: Technology layer 'RDL' setting 'routing-direction' is not valid (NEX-001)
Clock-opt initialization complete         CPU:    52 s (  0.01 hr )  ELAPSE:    69 s (  0.02 hr )  MEM-PEAK:  1801 MB
Clock-opt optimization summary            SETUP-COST    R2R-COST HOLD-COST LDRC-COST          AREA     LEAKAGE     INSTCNT            ELAPSE       MEM
Warning: Cannot find any max transition constraint on the design. (OPT-070)
Number of Site types in the design = 1
Setting up Chip Core
Chip Core shape: (50000 50000) (1390000 1382000)
Number of VARs = 1
Number of unique PDs = 1
Number of Power Domains = 1
Number of Voltage Areas = 1
Number of supply Nets = 2
Number of used supplies = 0
Blocked VAs: 

    Scenario default  WNS = 0.167152, TNS = 1.266414, NVP = 15
    Scenario default  WNHS = invalid, TNHS = 0.000000, NHVP = 0

     ELAPSED  WORST NEG TOTAL NEG              MAX       MAX     BUFFER    INVERTER   LVTH      LVTH      PEAK   
      TIME      SLACK     SLACK     AREA    TRAN COST CAP COST    COUNT     COUNT     COUNT    PERCENT   MEMORY  
    --------- --------- --------- --------- --------- --------- --------- --------- --------- --------- ---------
      0:01:09     0.167     1.266 10990.440     0.000     0.000        15       172         0     0.000      1801 

Information: The netlist change observers are enabled for incremental extraction. (TIM-127)

Information: Initializing classic cellmap without advanced rules enabled and without PDC enabled
Information: The following app options are used in cellmap
        place.legalize.enable_color_aware_placement : false
        place.legalize.use_nll_query_cm : false
        place.legalize.enable_advanced_legalizer : false
        place.legalize.enable_prerouted_net_check : true
        place.legalize.enable_advanced_prerouted_net_check : false
        place.legalize.always_continue : true
        place.legalize.limit_legality_checks : false
        place.common.pnet_aware_density : 1.0000
        place.common.pnet_aware_min_width : 0.0000
        place.common.pnet_aware_layers : {}
        place.common.use_placement_model : false
        place.common.enable_advanced_placement_model : true
        cts.placement.cell_spacing_rule_style : maximum
Total 0.0123 seconds to build cellmap data
INFO: creating 27(r) x 27(c) GridCells YDim 5.4 XDim 5.4
INFO: number of GridCells (0xaa609c00): 729
INFO: creating 27(r) x 27(c) GridCells YDim 5.4 XDim 5.4
INFO: number of GridCells (0xaa609c00): 729
Total 0.0137 seconds to load 2428 cell instances into cellmap
Moveable cells: 1601; Application fixed cells: 827; Macro cells: 0; User fixed cells: 0
Average cell width 2.5147, cell height 1.8000, cell area 4.5265 for total 2428 placed and application fixed cells
Clock-opt optimization Phase 5 Iter  1          1.27        1.27      1.15         -      10990.44      546.18        2428              0.02      1801

APSINFO: No multi-Vth libcells found, turning off percentage LVT optimization flow
Clock-opt optimization Phase 6 Iter  1          1.27        1.27      1.15         -      10990.44      546.18        2428              0.02      1801
Corner Scaling is off, multiplier is 1.000000
Corner Scaling is off, multiplier is 1.000000
Using default layer MET4
new cutoff lpd: 4.91218e-07
corner scaling: maxCornerId = 0
corner=default, tran factor=1.000000 (0.208726 / 0.208726)
bmap: stepx = stepy = 90000
creating bmap
DB units per micron : 10000
Core Area = 16 X 16 ()
INFO: New Levelizer turned on
Clock-opt optimization Phase 6 Iter  2          1.27        1.27      1.15         -      10990.44      546.18        2428              0.02      1801
Clock-opt optimization Phase 6 Iter  3          1.27        1.27      1.15         -      10990.44      546.18        2428              0.02      1801

Layer name: MET1, Mask name: metal1, Layer number: 9
Layer name: MET2, Mask name: metal2, Layer number: 11
Layer name: MET3, Mask name: metal3, Layer number: 13
Layer name: MET4, Mask name: metal4, Layer number: 15
Layer name: MET5, Mask name: metal5, Layer number: 17
Layer name: T4M2, Mask name: metal6, Layer number: 19
CCL: Total Usage Adjustment : 1
INFO: Derive row count 20 from GR congestion map (80/4)
INFO: Derive col count 20 from GR congestion map (80/4)
Convert timing mode ...
Clock-opt optimization Phase 7 Iter  1          1.27        1.27      1.15         -      10990.44      546.18        2428              0.02      1801
Clock-opt optimization Phase 7 Iter  2          1.27        1.27      1.15         -      10990.44      546.18        2428              0.02      1801
Clock-opt optimization Phase 7 Iter  3          1.27        1.27      1.15         -      10990.44      546.18        2428              0.02      1801
Clock-opt optimization Phase 7 Iter  4          1.27        1.27      1.15         -      10990.44      546.18        2428              0.02      1801
Clock-opt optimization Phase 7 Iter  5          1.27        1.27      1.15         -      10990.44      546.18        2428              0.02      1801
Clock-opt optimization Phase 7 Iter  6          1.27        1.27      1.15         -      10990.44      546.18        2428              0.02      1801
Clock-opt optimization Phase 7 Iter  7          1.27        1.27      1.15         -      10990.44      546.18        2428              0.02      1801
Clock-opt optimization Phase 7 Iter  8          1.27        1.27      1.15         -      10990.44      546.18        2428              0.02      1801
Clock-opt optimization Phase 7 Iter  9          1.27        1.27      1.15         -      10990.44      546.18        2428              0.02      1801
Corner Scaling is off, multiplier is 1.000000
Using default layer MET4
new cutoff lpd: 4.91218e-07
corner scaling: maxCornerId = 0
corner=default, tran factor=1.000000 (0.208726 / 0.208726)
bmap: stepx = stepy = 90000
creating bmap
DB units per micron : 10000
Core Area = 16 X 16 ()
Clock-opt optimization Phase 7 Iter 10          1.27        1.27      1.15         -      10990.44      546.18        2428              0.02      1801
Clock-opt optimization Phase 7 Iter 11          1.27        1.27      1.15         -      10990.44      546.18        2428              0.02      1801
Clock-opt optimization Phase 7 Iter 12          1.27        1.27      1.15         -      10990.44      546.18        2428              0.02      1801
Clock-opt optimization Phase 7 Iter 13          1.27        1.27      1.15         -      10990.44      546.18        2428              0.02      1801
Clock-opt optimization Phase 7 Iter 14          1.27        1.27      1.15         -      10990.44      546.18        2428              0.02      1801
Clock-opt optimization Phase 7 Iter 15          1.27        1.27      1.15         -      10990.44      546.18        2428              0.02      1801
Clock-opt optimization Phase 7 Iter 16          1.27        1.27      1.15         -      10990.44      546.18        2428              0.02      1801
Clock-opt optimization Phase 7 Iter 17          1.27        1.27      1.15         -      10990.44      546.18        2428              0.02      1801
Clock-opt optimization summary            SETUP-COST    R2R-COST HOLD-COST LDRC-COST          AREA     LEAKAGE     INSTCNT            ELAPSE       MEM
Clock-opt optimization Phase 7 Iter 18          1.27        1.27      1.15         -      10990.44      546.18        2428              0.02      1801
Clock-opt optimization Phase 7 Iter 19          1.27        1.27      1.15         -      10990.44      546.18        2428              0.02      1801
Clock-opt optimization Phase 7 Iter 20          1.27        1.27      1.15         -      10990.44      546.18        2428              0.02      1801
Clock-opt optimization Phase 7 Iter 21          1.27        1.27      1.15         -      10990.44      546.18        2428              0.02      1801
Clock-opt optimization Phase 7 Iter 22          1.27        1.27      1.15         -      10990.44      546.18        2428              0.02      1801
Clock-opt optimization Phase 7 Iter 23          1.27        1.27      1.15         -      10990.44      546.18        2428              0.02      1801
Clock-opt optimization Phase 7 Iter 24          1.27        1.27      1.15         -      10990.44      546.18        2428              0.02      1801

Clock-opt optimization Phase 8 Iter  1          0.00        0.00      1.15         -      11108.16      563.83        2459              0.02      1801

Information: Starting clock_opt / build_clock / CTS (FLW-8000)
Information: Time: 2026-08-18 14:57:39 / Session:  00:01:11 / Command:  00:00:11 / CPU:  00:00:10 / Memory: 1801 MB (FLW-8100)
Clock-opt optimization Phase 9 Iter  1          0.00        0.00      1.15         -      11108.16      563.83        2459              0.02      1801
Info: Enabling GR in final CTS
Info: Enabling GR in final CTO
************************************************************
* CTS STEP: Design Initialization for Clock Synthesis
************************************************************
Information: CTS will work on the following scenarios. (CTS-101)
   default	(Mode: default; Corner: default)
Information: CTS will work on all clocks in active scenarios, including 1 master clocks and 0 generated clocks. (CTS-107)
Output units used in this log:
   Time        : 1.00ns
   Resistance  : 1.00kOhm
   Capacitance : 1.00pF
   Power       : 1.00nW
   Length      : 1.00um
Information: Clock derating is enabled

CTS related app options set by user:
   cts.common.copy_balance_points_to_missing_modes = true
   cts.compile.enable_cell_relocation = none
   cts.compile.enable_global_route = true
   cts.compile.enable_local_skew = true
   cts.optimize.enable_global_route = true
   cts.optimize.enable_local_skew = true

Buffer/Inverter reference list for clock tree synthesis:
   ics55_LLSC_H9CR_typ_tt_1p2_25/BUFX0P7H9R
   ics55_LLSC_H9CR_typ_tt_1p2_25/BUFX11H9R
   ics55_LLSC_H9CR_typ_tt_1p2_25/BUFX13H9R
   ics55_LLSC_H9CR_typ_tt_1p2_25/BUFX16H9R
   ics55_LLSC_H9CR_typ_tt_1p2_25/BUFX1H9R
   ics55_LLSC_H9CR_typ_tt_1p2_25/BUFX1P4H9R
   ics55_LLSC_H9CR_typ_tt_1p2_25/BUFX1P7H9R
   ics55_LLSC_H9CR_typ_tt_1p2_25/BUFX2H9R
   ics55_LLSC_H9CR_typ_tt_1p2_25/BUFX2P5H9R
   ics55_LLSC_H9CR_typ_tt_1p2_25/BUFX3H9R
   ics55_LLSC_H9CR_typ_tt_1p2_25/BUFX3P5H9R
   ics55_LLSC_H9CR_typ_tt_1p2_25/BUFX4H9R
   ics55_LLSC_H9CR_typ_tt_1p2_25/BUFX5H9R
   ics55_LLSC_H9CR_typ_tt_1p2_25/BUFX6H9R
   ics55_LLSC_H9CR_typ_tt_1p2_25/BUFX7P5H9R
   ics55_LLSC_H9CR_typ_tt_1p2_25/BUFX9H9R
   ics55_LLSC_H9CR_typ_tt_1p2_25/DLY2X0P5H9R
   ics55_LLSC_H9CR_typ_tt_1p2_25/DLY2X1H9R
   ics55_LLSC_H9CR_typ_tt_1p2_25/DLY2X2H9R
   ics55_LLSC_H9CR_typ_tt_1p2_25/DLY2X4H9R
   ics55_LLSC_H9CR_typ_tt_1p2_25/DLY4X0P5H9R
   ics55_LLSC_H9CR_typ_tt_1p2_25/DLY4X1H9R
   ics55_LLSC_H9CR_typ_tt_1p2_25/DLY4X2H9R
   ics55_LLSC_H9CR_typ_tt_1p2_25/DLY4X4H9R
   ics55_LLSC_H9CR_typ_tt_1p2_25/FREEICGX0P5H9R
   ics55_LLSC_H9CR_typ_tt_1p2_25/FREEICGX0P6H9R
   ics55_LLSC_H9CR_typ_tt_1p2_25/FREEICGX0P7H9R
   ics55_LLSC_H9CR_typ_tt_1p2_25/FREEICGX0P8H9R
   ics55_LLSC_H9CR_typ_tt_1p2_25/FREEICGX11H9R
   ics55_LLSC_H9CR_typ_tt_1p2_25/FREEICGX13H9R
   ics55_LLSC_H9CR_typ_tt_1p2_25/FREEICGX16H9R
   ics55_LLSC_H9CR_typ_tt_1p2_25/FREEICGX1H9R
   ics55_LLSC_H9CR_typ_tt_1p2_25/FREEICGX1P2H9R
   ics55_LLSC_H9CR_typ_tt_1p2_25/FREEICGX1P4H9R
   ics55_LLSC_H9CR_typ_tt_1p2_25/FREEICGX1P7H9R
   ics55_LLSC_H9CR_typ_tt_1p2_25/FREEICGX2H9R
   ics55_LLSC_H9CR_typ_tt_1p2_25/FREEICGX2P5H9R
   ics55_LLSC_H9CR_typ_tt_1p2_25/FREEICGX3H9R
   ics55_LLSC_H9CR_typ_tt_1p2_25/FREEICGX3P5H9R
   ics55_LLSC_H9CR_typ_tt_1p2_25/FREEICGX4H9R
   ics55_LLSC_H9CR_typ_tt_1p2_25/FREEICGX5H9R
   ics55_LLSC_H9CR_typ_tt_1p2_25/FREEICGX6H9R
   ics55_LLSC_H9CR_typ_tt_1p2_25/FREEICGX7P5H9R
   ics55_LLSC_H9CR_typ_tt_1p2_25/FREEICGX9H9R
   ics55_LLSC_H9CR_typ_tt_1p2_25/INVX0P5H9R
   ics55_LLSC_H9CR_typ_tt_1p2_25/INVX0P7H9R
   ics55_LLSC_H9CR_typ_tt_1p2_25/INVX11H9R
   ics55_LLSC_H9CR_typ_tt_1p2_25/INVX13H9R
   ics55_LLSC_H9CR_typ_tt_1p2_25/INVX16H9R
   ics55_LLSC_H9CR_typ_tt_1p2_25/INVX1H9R
   ics55_LLSC_H9CR_typ_tt_1p2_25/INVX1P4H9R
   ics55_LLSC_H9CR_typ_tt_1p2_25/INVX1P7H9R
   ics55_LLSC_H9CR_typ_tt_1p2_25/INVX2H9R
   ics55_LLSC_H9CR_typ_tt_1p2_25/INVX2P5H9R
   ics55_LLSC_H9CR_typ_tt_1p2_25/INVX3H9R
   ics55_LLSC_H9CR_typ_tt_1p2_25/INVX3P5H9R
   ics55_LLSC_H9CR_typ_tt_1p2_25/INVX4H9R
   ics55_LLSC_H9CR_typ_tt_1p2_25/INVX5H9R
   ics55_LLSC_H9CR_typ_tt_1p2_25/INVX6H9R
   ics55_LLSC_H9CR_typ_tt_1p2_25/INVX7P5H9R
   ics55_LLSC_H9CR_typ_tt_1p2_25/INVX9H9R
There is no CTS reference for ICG cells
Warning: Technology layer 'RDL' setting 'routing-direction' is not valid (NEX-001)
Information: 'default' is identified as primary corner for initial clock tree building. (CTS-103)
Number of Site types in the design = 1
Setting up Chip Core
Chip Core shape: (50000 50000) (1390000 1382000)
Number of VARs = 1
Number of unique PDs = 1
Number of Power Domains = 1
Number of Voltage Areas = 1
Number of supply Nets = 2
Number of used supplies = 0
Blocked VAs: 
Warning: No clock routing rule is specified. (CTS-038)

Clock cell spacing rule list:
   No clock cell spacing rule is found.
Information: The run time for design initialization is 0 hr : 0 min : 0.08 sec, cpu time is 0 hr : 0 min : 0.06 sec. (CTS-104)
Info: run final cts with the following settings: _runCts 0 _runCto 1 _runSnapClockSinks 0
************************************************************
* CTS STEP: Clock Tree Initialization
************************************************************
Drc Mode Option: auto
Information: Initializing classic cellmap without advanced rules enabled and with PDC enabled
Information: The following app options are used in cellmap
        place.legalize.enable_color_aware_placement : false
        place.legalize.use_nll_query_cm : false
        place.legalize.enable_advanced_legalizer : false
        place.legalize.enable_prerouted_net_check : true
        place.legalize.enable_advanced_prerouted_net_check : false
        place.legalize.always_continue : true
        place.legalize.limit_legality_checks : false
        place.common.pnet_aware_density : 1.0000
        place.common.pnet_aware_min_width : 0.0000
        place.common.pnet_aware_layers : {}
        place.common.use_placement_model : false
        place.common.enable_advanced_placement_model : true
        cts.placement.cell_spacing_rule_style : maximum
Information: Creating classic rule checker.
Warning: Routing direction of metal layer POLY is neither "horizontal" nor "vertical".  PDC checks will not be performed on this layer. (PDC-003)
Warning: Routing direction of metal layer RDL is neither "horizontal" nor "vertical".  PDC checks will not be performed on this layer. (PDC-003)
PDC app_options settings =========
	place.legalize.enable_prerouted_net_check: 1
	place.legalize.num_tracks_for_access_check: 1
	place.legalize.use_eol_spacing_for_access_check: 0
	place.legalize.allow_touch_track_for_access_check: 1
	place.legalize.reduce_conservatism_in_eol_check: 0
	place.legalize.preroute_shape_merge_distance: 0.0
	place.legalize.enable_non_preferred_direction_span_check: 0

Layer MET1: cached 0 shapes out of 343 total shapes.
Layer MET2: cached 0 shapes out of 5 total shapes.
Cached 0 vias out of 2789 total vias.
Total 0.0257 seconds to build cellmap data
INFO: creating 16(r) x 16(c) GridCells YDim 9 XDim 9
INFO: number of GridCells (0x9d178580): 256
INFO: creating 16(r) x 16(c) GridCells YDim 9 XDim 9
INFO: number of GridCells (0x9d178580): 256
Total 0.0217 seconds to load 2459 cell instances into cellmap
Moveable cells: 1632; Application fixed cells: 827; Macro cells: 0; User fixed cells: 0
Average cell width 2.5096, cell height 1.8000, cell area 4.5173 for total 2459 placed and application fixed cells
Information: Legalizer's PDC rule check is enabled
Information: Legalizer's advanced rule check is enabled

Start Auto-Exception Derivations...
 No internal pin was found.
 No conflict pin was found.
 No macro pin was found for clock balance point settings.
 No macro pin was found for disabling self arcs.
Information: The run time for clock tree initialization is 0 hr : 0 min : 0.07 sec, cpu time is 0 hr : 0 min : 0.05 sec. (CTS-104)
Drc Mode Option: auto
Enable multi-thread Tasks, number of thread is 1
Information: The stitching and editing of coupling caps is turned OFF for design 'mac16_ndm:mac16.design'. (TIM-125)
Information: Update timing completed net estimation for all the timing graph nets (TIM-111)
Information: Net estimation statistics: timing graph nets = 2593, routed nets = 31, across physical hierarchy nets = 0, parasitics cached nets = 31, delay annotated nets = 0, parasitics annotated nets = 0, multi-voltage nets = 0. (TIM-112)
Information: 0 out of 0 clock cells have been moved due to NDR or via ladder related legalization rules.
Warning: Layer RDL does not have a preferred direction, assigning to horizontal. (ZRT-025)
Cell Min-Routing-Layer = MET1
Cell Max-Routing-Layer = T4M2
Turn off antenna since no rule is specified
Information: Option route.detail.force_end_on_preferred_grid will be ignored since none of the layers have preferred grid. (ZRT-703)
Warning: Port mode of cell mac16
        is unplaced.  This may impact routing result. (ZRT-740)
Warning: Port inA of cell mac16
        is unplaced.  This may impact routing result. (ZRT-740)
Warning: Port inB of cell mac16
        is unplaced.  This may impact routing result. (ZRT-740)
Warning: Port in_ready of cell mac16
        is unplaced.  This may impact routing result. (ZRT-740)
Warning: Port clk of cell mac16
        is unplaced.  This may impact routing result. (ZRT-740)
Warning: Port rst_n of cell mac16
        is unplaced.  This may impact routing result. (ZRT-740)
Warning: Port sum_out of cell mac16
        is unplaced.  This may impact routing result. (ZRT-740)
Warning: Port carry of cell mac16
        is unplaced.  This may impact routing result. (ZRT-740)
Warning: Port out_ready of cell mac16
        is unplaced.  This may impact routing result. (ZRT-740)
Warning: Port VDD of cell mac16
        is unplaced.  This may impact routing result. (ZRT-740)
Warning: Port VSS of cell mac16
        is unplaced.  This may impact routing result. (ZRT-740)
Warning: Ignore 11 top cell ports with no pins. (ZRT-027)
Info: number of net_type_blockage: 0 
Information: Via ladder engine would be activated for pattern must join connection in certain commands. Please refer to man-page for the command list. (ZRT-619)
Wire on layer (MET2) needs more than one tracks
Via on layer (VIA1) needs more than one tracks
Via on layer (VIA2) needs more than one tracks
Warning: Layer MET2 default pitch 0.200 may be too small to handle up/down via. Note, that minimum requirements are "wire/via-down 0.215" & "wire/via-up 0.225". (ZRT-026)
Wire on layer (MET4) needs more than one tracks
Via on layer (VIA3) needs more than one tracks
Via on layer (VIA4) needs more than one tracks
Warning: Layer MET4 default pitch 0.200 may be too small to handle up/down via. Note, that minimum requirements are "wire/via-down 0.215" & "wire/via-up 0.225". (ZRT-026)
Via on layer (T4V2) needs more than one tracks
Warning: Layer MET5 default pitch 0.200 may be too small to handle up/down via. Note, that minimum requirements are "wire/via-down 0.200" & "wire/via-up 0.380". (ZRT-026)
Via on layer (RV) needs more than one tracks
Warning: Layer T4M2 default pitch 0.800 may be too small to handle up/down via. Note, that minimum requirements are "wire/via-down 0.800" & "wire/via-up 3.600". (ZRT-026)
Via on layer (RV) needs more than one tracks
Warning: Layer RDL default pitch 5.000 may be too small to handle up/down via. Note, that minimum requirements are "wire/via-down 6.500" & "wire/via-up 5.000". (ZRT-026)
Transition layer name: MET2(1)
Transition layer name: MET4(3)
Information: When applicable Min-max layer allow_pin_connection mode will allow paths of length 2.97 outside the layer range. (ZRT-707)
Information: When applicable Min-max layer allow_pin_connection mode will allow paths of length 2.97 outside the layer range on clock nets. (ZRT-718)
Information: When applicable layer based tapering will taper up to 0.00 in distance from the pin. (ZRT-706)
Warning: Cell u_mac16_top/opA_fifo_reg[0][3] is placed overlapping with other cells at {{28.400 41.000} {33.200 42.800}}. (ZRT-763)
Warning: Cell u_mac16_top/clk_gate_mac_result_shadow_reg/main_gate is placed overlapping with other cells at {{106.000 24.800} {107.400 26.600}}. (ZRT-763)
Warning: Cell ctmTdsLR_1_471 is placed overlapping with other cells at {{121.800 100.400} {123.600 102.200}}. (ZRT-763)
Information: The run time for balance point scaling is 0 hr : 0 min : 0.00 sec, cpu time is 0 hr : 0 min : 0.00 sec. (CTS-104)
************************************************************
* CTS STEP: Pre-Optimization DRC Fixing
************************************************************
-------------------------------------------------------------
Fixing clock: core_clk mode: default root: clk

Clock QoR Before Fixing Clock Tree DRC Violation ...
Clock: core_clk, Mode: default, Root: clk
Information: CTS QoR Pre Initial DRC Fixing: GlobalSkew = 0.1310; ID = 0.1310; NetsWithDRC = 0; Worst Tran/Cap cost = 0.0000/0.0000; ClockBufCount = 0; ClockBufArea = 0.0000; ClockCellArea = 82.0800; ClockWireLen = 4595.3050; Clock = core_clk; Mode = default; Corner = default; ClockRoot = clk. (CTS-037)

Starting fixing clock tree DRC Violation ...
Resized 0 cell(s), relocated 0 cell(s), cloned 0 repeater(s) and inserted 0 buffer(s)/inverter(s)
Cloned 0 repeater gate(s)
Ran incremental ZGR 0 time(s) for 0 net(s) and restored ZGR 0 time(s) for 0 net(s)
Clock QoR After Fixing Pre-Opt DRC Violation:
Clock: core_clk, Mode: default, Root: clk
Information: CTS QoR Post Initial DRC Fixing: GlobalSkew = 0.1310; ID = 0.1310; NetsWithDRC = 0; Worst Tran/Cap cost = 0.0000/0.0000; ClockBufCount = 0; ClockBufArea = 0.0000; ClockCellArea = 82.0800; ClockWireLen = 4595.3050; Clock = core_clk; Mode = default; Corner = default; ClockRoot = clk. (CTS-037)
The elapsed time for fixing DRC violation is 0 hr : 0 min : 0.01 sec, cpu time is 0 hr : 0 min : 0.01 sec.
Information: The run time for pre-optimization DRC fixing is 0 hr : 0 min : 0.01 sec, cpu time is 0 hr : 0 min : 0.01 sec. (CTS-104)
All together, ran incremental ZGR 0 time(s) for 0 net(s) and restoring ZGR invoked 0 time(s) for 0 net(s)
There are 0 buffers added and 0 inverters added by Clock Tree Optimization.
Mark clock trees...
Marking clock synthesized attributes

Marking spacing rules

Clock cell spacing rule list:
   No clock cell spacing rule is found.
************************************************************
* CTS STEP: Multi-objective Clock Optimization
************************************************************
Information: The stitching and editing of coupling caps is turned OFF for design 'mac16_ndm:mac16.design'. (TIM-125)
Information: Update timing completed net estimation for all the timing graph nets (TIM-111)
Information: Net estimation statistics: timing graph nets = 2593, routed nets = 31, across physical hierarchy nets = 0, parasitics cached nets = 2593, delay annotated nets = 0, parasitics annotated nets = 0, multi-voltage nets = 0. (TIM-112)
CCD app option: ccd.targeted_ccd_path_groups:  **clock_gating_default**
Target path group: scenario default pathgroup **clock_gating_default**
Information: CCD will use corner default for honoring max prepone/postpone limits
CCD-Info: Adjusting IO clock latencies to improve timing (ccd.adjust_io_clock_latency = true)
@ CG solver holdWeight = 0.100000
@ CG solver setupWeight = 1.000000
@ CG solver delayCostWeight = 5.000000
@ CG solver zeroDirWeight = 5.000000
@ CG solver wnsWeight = 10.000000
INFO: Clock latency adjustments are made on following clocks

Mode:default          Latency(early)   Latency(late)
Clock        Updated   rise    fall    rise    fall   Corner
------------------------------------------------------------
core_clk     Yes     0.1296  0.1296  0.1303  0.1303   default
Information: The netlist change observers are disabled for incremental timing updates. (TIM-119)
Information: The netlist change observers are disabled for incremental extraction. (TIM-126)
CTSSC route status detected: clock (VR 0, GR 1709, DR 0), data (VR 2562, GR 0, DR 0); stage = auto, isPostRoute = FALSE
Warning: Technology layer 'RDL' setting 'routing-direction' is not valid (NEX-001)
Warning: Layer RDL does not have a preferred direction, assigning to horizontal. (ZRT-025)
Cell Min-Routing-Layer = MET1
Cell Max-Routing-Layer = T4M2
Turn off antenna since no rule is specified
Information: Option route.detail.force_end_on_preferred_grid will be ignored since none of the layers have preferred grid. (ZRT-703)
Warning: Port mode of cell mac16
        is unplaced.  This may impact routing result. (ZRT-740)
Warning: Port inA of cell mac16
        is unplaced.  This may impact routing result. (ZRT-740)
Warning: Port inB of cell mac16
        is unplaced.  This may impact routing result. (ZRT-740)
Warning: Port in_ready of cell mac16
        is unplaced.  This may impact routing result. (ZRT-740)
Warning: Port clk of cell mac16
        is unplaced.  This may impact routing result. (ZRT-740)
Warning: Port rst_n of cell mac16
        is unplaced.  This may impact routing result. (ZRT-740)
Warning: Port sum_out of cell mac16
        is unplaced.  This may impact routing result. (ZRT-740)
Warning: Port carry of cell mac16
        is unplaced.  This may impact routing result. (ZRT-740)
Warning: Port out_ready of cell mac16
        is unplaced.  This may impact routing result. (ZRT-740)
Warning: Port VDD of cell mac16
        is unplaced.  This may impact routing result. (ZRT-740)
Warning: Port VSS of cell mac16
        is unplaced.  This may impact routing result. (ZRT-740)
Warning: Ignore 11 top cell ports with no pins. (ZRT-027)
Info: number of net_type_blockage: 0 
Information: Via ladder engine would be activated for pattern must join connection in certain commands. Please refer to man-page for the command list. (ZRT-619)
Wire on layer (MET2) needs more than one tracks
Via on layer (VIA1) needs more than one tracks
Via on layer (VIA2) needs more than one tracks
Warning: Layer MET2 default pitch 0.200 may be too small to handle up/down via. Note, that minimum requirements are "wire/via-down 0.215" & "wire/via-up 0.225". (ZRT-026)
Wire on layer (MET4) needs more than one tracks
Via on layer (VIA3) needs more than one tracks
Via on layer (VIA4) needs more than one tracks
Warning: Layer MET4 default pitch 0.200 may be too small to handle up/down via. Note, that minimum requirements are "wire/via-down 0.215" & "wire/via-up 0.225". (ZRT-026)
Via on layer (T4V2) needs more than one tracks
Warning: Layer MET5 default pitch 0.200 may be too small to handle up/down via. Note, that minimum requirements are "wire/via-down 0.200" & "wire/via-up 0.380". (ZRT-026)
Via on layer (RV) needs more than one tracks
Warning: Layer T4M2 default pitch 0.800 may be too small to handle up/down via. Note, that minimum requirements are "wire/via-down 0.800" & "wire/via-up 3.600". (ZRT-026)
Via on layer (RV) needs more than one tracks
Warning: Layer RDL default pitch 5.000 may be too small to handle up/down via. Note, that minimum requirements are "wire/via-down 6.500" & "wire/via-up 5.000". (ZRT-026)
Transition layer name: MET2(1)
Transition layer name: MET4(3)
Information: When applicable Min-max layer allow_pin_connection mode will allow paths of length 2.97 outside the layer range. (ZRT-707)
Information: When applicable Min-max layer allow_pin_connection mode will allow paths of length 2.97 outside the layer range on clock nets. (ZRT-718)
Information: When applicable layer based tapering will taper up to 0.00 in distance from the pin. (ZRT-706)
Warning: Cell u_mac16_top/opA_fifo_reg[0][3] is placed overlapping with other cells at {{28.400 41.000} {33.200 42.800}}. (ZRT-763)
Warning: Cell u_mac16_top/clk_gate_mac_result_shadow_reg/main_gate is placed overlapping with other cells at {{106.000 24.800} {107.400 26.600}}. (ZRT-763)
Warning: Cell ctmTdsLR_1_471 is placed overlapping with other cells at {{121.800 100.400} {123.600 102.200}}. (ZRT-763)
GR Routing Service: Started IMRD 
GR Routing Service: ndmAttrDef 'usr_tmng_crit' created with default value 0 
GR Routing Service: ndmAttrDef 'rted_by_minDly' created with default value 0 
GR Routing Service: ndmAttrDef 'port_subnet_crit_blkConn' created with default value 0 
GR Routing Service: ndmAttrDef 'port_subnet_crit_blkPort' created with default value 0 
Loading timing information to the router ...
Design  Scenario default (Mode default Corner default)
Warning: Technology layer 'RDL' setting 'routing-direction' is not valid (NEX-001)
Timing information loaded to the router.
GR Routing Service: Setting costIdx to 3 
GR Routing Service: rebuildCongmap: itr = 3 
Number of partitions: 1 (1 x 1)
Size of partitions: 80 gCells x 80 gCells
Average gCell capacity  3.36	 on layer (1)	 MET1
Average gCell capacity  8.99	 on layer (2)	 MET2
Average gCell capacity  8.38	 on layer (3)	 MET3
Average gCell capacity  8.97	 on layer (4)	 MET4
Average gCell capacity  8.91	 on layer (5)	 MET5
Average gCell capacity  2.06	 on layer (6)	 T4M2
Average gCell capacity  0.34	 on layer (7)	 RDL
Average number of tracks per gCell 9.95	 on layer (1)	 MET1
Average number of tracks per gCell 9.01	 on layer (2)	 MET2
Average number of tracks per gCell 8.96	 on layer (3)	 MET3
Average number of tracks per gCell 9.01	 on layer (4)	 MET4
Average number of tracks per gCell 8.96	 on layer (5)	 MET5
Average number of tracks per gCell 2.25	 on layer (6)	 T4M2
Average number of tracks per gCell 0.36	 on layer (7)	 RDL
Number of gCells = 44800
[updNetsDmd] Elapsed real time: 0:00:00 
[updNetsDmd] Elapsed cpu  time: sys=0:00:00 usr=0:00:00 total=0:00:00
Created 1 thread routing service with costIdx = 3. (tbbMode 0)
GR Routing Service: Setting costIdx to 1 
rtapi Thread-server 0: startup 
Mgr Thread-server 0: Ctor 
There is no CTS reference for ICG cells
Information: 'default' is identified as primary corner for initial clock tree building. (CTS-103)
Clock cell spacing rule list:
   No clock cell spacing rule is found.
CCD MOO settings for (budget_implementation, last_qor_strategy): 4 engines
    Engine R2R_TNS has 6 objectives, 3 enabled moves, iterationLimit = 2, solverType = CG_LP, estimateFanoutPower = 0, mergeIOWithR2R = 1, areaOnly = 0, useOldEngine = 0, preponeOpt = 1
                tns300Cutoff = 300, capAllowance = 1.600000, cgccdScaleBack = 5, powerccdScaleBack = 0, needTrialSeedGeneration = 0, drcMargin = 0.000000, commitOneByOne = 0
            R2R_TNS: priority 10, weight 10.000000, degradationPercentAllowed 0.010000, step back 0.100000, isTargeted 1, isMaximize 1
            IO_TNS: priority 10, weight 10.000000, degradationPercentAllowed 0.010000, step back 0.050000, isTargeted 0, isMaximize 1
            R2R_WNS: priority 20, weight 5.000000, degradationPercentAllowed 0.050000, step back 0.050000, isTargeted 1, isMaximize 1
            HOLD_TNS: priority 30, weight 5.000000, degradationPercentAllowed 0.500000, step back 0.050000, isTargeted 1, isMaximize 1
            NONE_POWER: priority 40, weight 1.000000, degradationPercentAllowed 0.010000, step back 0.010000, isTargeted 1, isMaximize 0
            NONE_TOTAL_OFFSET: priority 99, weight 1.000000, degradationPercentAllowed nan, step back 0.050000, isTargeted 0, isMaximize 1
        Moves enabled: SIZE_CLOCK_TIMING, BUFFER_REMOVAL_CLOCK_TIMING, REPARENTING_CLOCK_TIMING, 
    Engine R2R_TNS has 7 objectives, 2 enabled moves, iterationLimit = 2, solverType = CG_LP, estimateFanoutPower = 0, mergeIOWithR2R = 1, areaOnly = 0, useOldEngine = 0, preponeOpt = 0
                tns300Cutoff = 300, capAllowance = 1.600000, cgccdScaleBack = 5, powerccdScaleBack = 0, needTrialSeedGeneration = 0, drcMargin = 0.000000, commitOneByOne = 0
            R2R_TNS: priority 10, weight 10.000000, degradationPercentAllowed 0.010000, step back 0.100000, isTargeted 1, isMaximize 1
            IO_TNS: priority 10, weight 10.000000, degradationPercentAllowed 0.010000, step back 0.050000, isTargeted 0, isMaximize 1
            R2R_WNS: priority 11, weight 5.000000, degradationPercentAllowed 0.050000, step back 0.050000, isTargeted 1, isMaximize 1
            HOLD_TNS: priority 20, weight 5.000000, degradationPercentAllowed 0.500000, step back 0.050000, isTargeted 1, isMaximize 1
            NONE_POWER: priority 30, weight 1.000000, degradationPercentAllowed 0.010000, step back 0.010000, isTargeted 1, isMaximize 0
            NONE_BUFFER_COUNT: priority 40, weight 1.000000, degradationPercentAllowed 0.010000, step back 0.100000, isTargeted 1, isMaximize 0
            NONE_TOTAL_OFFSET: priority 100, weight 1.000000, degradationPercentAllowed nan, step back 0.050000, isTargeted 0, isMaximize 1
        Moves enabled: SIZE_CLOCK_TIMING, BUFFER_CLOCK, 
    Engine HOLD_TNS has 8 objectives, 2 enabled moves, iterationLimit = 1, solverType = CG_LP, estimateFanoutPower = 0, mergeIOWithR2R = 1, areaOnly = 0, useOldEngine = 0, preponeOpt = 0
                tns300Cutoff = 300, capAllowance = 1.600000, cgccdScaleBack = 5, powerccdScaleBack = 0, needTrialSeedGeneration = 0, drcMargin = 0.000000, commitOneByOne = 0
            HOLD_TNS: priority 10, weight 2.000000, degradationPercentAllowed 0.010000, step back 0.090000, isTargeted 1, isMaximize 1
            R2R_TNS: priority 20, weight 2.000000, degradationPercentAllowed 0.025000, step back 0.050000, isTargeted 1, isMaximize 1
            R2R_WNS: priority 25, weight 1.000000, degradationPercentAllowed 0.010000, step back 0.050000, isTargeted 1, isMaximize 1
            NONE_POWER: priority 30, weight 1.000000, degradationPercentAllowed 0.004000, step back 0.010000, isTargeted 1, isMaximize 0
            NONE_BUFFER_COUNT: priority 40, weight 5.000000, degradationPercentAllowed 0.005000, step back 0.100000, isTargeted 1, isMaximize 0
            HOLD_WNS: priority 60, weight 1.000000, degradationPercentAllowed 0.050000, step back 0.050000, isTargeted 0, isMaximize 1
            IO_TNS: priority 70, weight 1.000000, degradationPercentAllowed nan, step back 0.050000, isTargeted 0, isMaximize 1
            NONE_TOTAL_OFFSET: priority 100, weight 1.000000, degradationPercentAllowed nan, step back 0.050000, isTargeted 0, isMaximize 1
        Moves enabled: SIZE_CLOCK_TIMING, BUFFER_CLOCK, 
    Engine R2R_WNS has 8 objectives, 4 enabled moves, iterationLimit = 1, solverType = LP_ONLY, estimateFanoutPower = 0, mergeIOWithR2R = 1, areaOnly = 0, useOldEngine = 0, preponeOpt = 0
                tns300Cutoff = 300, capAllowance = 1.600000, cgccdScaleBack = 5, powerccdScaleBack = 0, needTrialSeedGeneration = 0, drcMargin = 0.000000, commitOneByOne = 0
            R2R_WNS: priority 10, weight 10.000000, degradationPercentAllowed 0.000000, step back 0.005000, isTargeted 1, isMaximize 1
            R2R_TNS: priority 20, weight 5.000000, degradationPercentAllowed 0.050000, step back 0.050000, isTargeted 1, isMaximize 1
            NONE_BUFFER_COUNT: priority 30, weight 1.000000, degradationPercentAllowed 0.010000, step back 0.100000, isTargeted 1, isMaximize 0
            NONE_TOTAL_OFFSET: priority 33, weight 1.000000, degradationPercentAllowed nan, step back 0.000000, isTargeted 1, isMaximize 1
            NONE_POWER: priority 35, weight 20.000000, degradationPercentAllowed 0.010000, step back 0.010000, isTargeted 0, isMaximize 0
            HOLD_TNS: priority 60, weight 1.000000, degradationPercentAllowed 0.100000, step back 0.100000, isTargeted 0, isMaximize 1
            IO_TNS: priority 70, weight 1.000000, degradationPercentAllowed 0.100000, step back 0.050000, isTargeted 0, isMaximize 1
            IO_WNS: priority 80, weight 1.000000, degradationPercentAllowed 0.100000, step back 0.050000, isTargeted 0, isMaximize 1
        Moves enabled: SIZE_CLOCK_TIMING, BUFFER_CLOCK, BUFFER_REMOVAL_CLOCK_TIMING, REPARENTING_CLOCK_TIMING, 
DBG: ccdInfra::ccdInfra
Drc Mode Option: auto
CCD blasted path groups
DBG: ccdInfra::initAppOptions
DBG: ccdInfra::initCtsFixedBalancePins
CCD initialization runtime: cpu 0.058631, elapsed 0.069941, speed up 0.838292.

CCD-Info: App options set by user
   No CCD app option is set.

CCD: Netlist change observers are disabled for incremental timing updates
CCD: using 1 threads
CTSSC route status detected: clock (VR 0, GR 1709, DR 0), data (VR 2562, GR 0, DR 0); stage = auto, isPostRoute = FALSE
Total power = 1.120533, Leakage = 0.000564, Internal = 0.791567, Switching = 0.328402
Warning: Technology layer 'RDL' setting 'routing-direction' is not valid (NEX-001)

CCD: Initial QOR:
---------------------------------------------------------------------------------------------
 Design (setup) WNS = 0.000307, TNS = 0.000000, NVP = 0
 Design (hold) WNHS = -0.046550, TNHS = -0.815229, NHVP = 30

    Scenario default  WNS = 0.000307, TNS = 0.000000, NVP = 0
    Scenario default  WNHS = -0.046550, TNHS = -0.815229, NHVP = 30
---------------------------------------------------------------------------------------------
CCD-QoR: Timing: WNS = 0.000, TNS = 0.000, NVP = 0, UNWEIGHTED_TNS = 0.000, WNHS = -0.047, TNHS = -0.815, NHVP = 30, UNWEIGHTED_TNHS = -0.815, R2R(wns=0.000307, tns=0.000000, nvp=0)
 All scenarios used by CCD
    scenario 0: default , isDynamicPower, isLeakagePower, isMaxTran, isMaxCap
          mode: default, id = 0
          corner: default, id = 0
          isSetup: wns = 0.000307, unweighted tns = 0.000000
          isHold: wns = -0.046550, unweighted tns = -0.815229

Enable clock slack update

    Optimization Summary 		

-------------------------------------------------

  # Seeds generated                              0
  # Valid linear regressions                     0
  # Seeds with valid budget                      0
  # Seeds with accepted implementation           0
  # NumCTCells changed                           0


  # Total CPU time                               00h:00m:00s
  # Total elapsed time                           00h:00m:00s
  # Flow total speed up                          0.992236
  # Init lazy tns CPU time                       00h:00m:00s
  # Init lazy tns elapsed time                   00h:00m:00s
  # Init lazy tns speed up                       0.992082
  # Seed generation CPU time                     00h:00m:00s
  # Seed generation elapsed time                 00h:00m:00s
  # Seed generation speed up                     0.987113

-------------------------------------------------


CCD: After FMAX optimization:budget_implementation_HOLD_TNS2
---------------------------------------------------------------------------------------------
 Design (setup) WNS = 0.000307, TNS = 0.000000, NVP = 0
 Design (hold) WNHS = -0.046550, TNHS = -0.815229, NHVP = 30

    Scenario default  WNS = 0.000307, TNS = 0.000000, NVP = 0
    Scenario default  WNHS = -0.046550, TNHS = -0.815229, NHVP = 30
---------------------------------------------------------------------------------------------
CCD-QoR: Timing: WNS = 0.000, TNS = 0.000, NVP = 0, UNWEIGHTED_TNS = 0.000, WNHS = -0.047, TNHS = -0.815, NHVP = 30, UNWEIGHTED_TNHS = -0.815, R2R(wns=0.000307, tns=0.000000, nvp=0)

    Optimization Summary 		

-------------------------------------------------

  # Seeds generated                              0
  # Valid linear regressions                     0
  # Seeds with valid budget                      0
  # Seeds with accepted implementation           0
  # NumCTCells changed                           0


  # Total CPU time                               00h:00m:00s
  # Total elapsed time                           00h:00m:00s
  # Flow total speed up                          0.990187
  # Init lazy tns CPU time                       00h:00m:00s
  # Init lazy tns elapsed time                   00h:00m:00s
  # Init lazy tns speed up                       0.989959
  # Seed generation CPU time                     00h:00m:00s
  # Seed generation elapsed time                 00h:00m:00s
  # Seed generation speed up                     1.000000

-------------------------------------------------


CCD: After FMAX optimization:budget_implementation_R2R_WNS3
---------------------------------------------------------------------------------------------
 Design (setup) WNS = 0.000307, TNS = 0.000000, NVP = 0
 Design (hold) WNHS = -0.046550, TNHS = -0.815229, NHVP = 30

    Scenario default  WNS = 0.000307, TNS = 0.000000, NVP = 0
    Scenario default  WNHS = -0.046550, TNHS = -0.815229, NHVP = 30
---------------------------------------------------------------------------------------------
CCD-QoR: Timing: WNS = 0.000, TNS = 0.000, NVP = 0, UNWEIGHTED_TNS = 0.000, WNHS = -0.047, TNHS = -0.815, NHVP = 30, UNWEIGHTED_TNHS = -0.815, R2R(wns=0.000307, tns=0.000000, nvp=0)
 CCD flow runtime: cpu 0.430817, elapsed 0.480557, speed up 0.896495.
CCD unblasted path groups
Mark clock trees...
Marking clock synthesized attributes

Marking spacing rules

Clock cell spacing rule list:
   No clock cell spacing rule is found.
Information: The netlist change observers are enabled for incremental timing updates. (TIM-120)
Information: The netlist change observers are enabled for incremental extraction. (TIM-127)
rtapi Thread-server 0: shutdown 
Mgr Thread-server 0: Dtor 

No. startProblems      =     0 

No. doRoutes           =     0 
No. doUnroutes         =     0 
No. redoRoutes         =     0 
No. redoUnroutes       =     0 
No. undoRoutes         =     0 
No. undoUnroutes       =     0 
No. commitRoutes       =     0 
No. commitUnroutes     =     0 
No. uncommitRoutes     =     0 
No. uncommitUnroutes   =     0 
No. doRoute fails      =     0 
No. doUnroute fails    =     0 

No. viaLadderQueries   =     0 
No. doDelVias          =     0 
No. doAddVias          =     0 
No. redoDelVias        =     0 
No. redoAddVias        =     0 
No. undoDelVias        =     0 
No. undoAddVias        =     0 
No. commitChangeVias   =     0 
No. uncommitChangeVias =     0 
No. doDelVias fails    =     0 
No. doAddVias fails    =     0 

Updating congestion ...
Updating congestion ...
GR Routing Service: Wrote GR congmap to NDM 
Information: The net parasitics of block mac16 are cleared. (TIM-123)
Warning: Layer RDL does not have a preferred direction, assigning to horizontal. (ZRT-025)
Cell Min-Routing-Layer = MET1
Cell Max-Routing-Layer = T4M2
Turn off antenna since no rule is specified
Information: Option route.detail.force_end_on_preferred_grid will be ignored since none of the layers have preferred grid. (ZRT-703)
Warning: Port mode of cell mac16
        is unplaced.  This may impact routing result. (ZRT-740)
Warning: Port inA of cell mac16
        is unplaced.  This may impact routing result. (ZRT-740)
Warning: Port inB of cell mac16
        is unplaced.  This may impact routing result. (ZRT-740)
Warning: Port in_ready of cell mac16
        is unplaced.  This may impact routing result. (ZRT-740)
Warning: Port clk of cell mac16
        is unplaced.  This may impact routing result. (ZRT-740)
Warning: Port rst_n of cell mac16
        is unplaced.  This may impact routing result. (ZRT-740)
Warning: Port sum_out of cell mac16
        is unplaced.  This may impact routing result. (ZRT-740)
Warning: Port carry of cell mac16
        is unplaced.  This may impact routing result. (ZRT-740)
Warning: Port out_ready of cell mac16
        is unplaced.  This may impact routing result. (ZRT-740)
Warning: Port VDD of cell mac16
        is unplaced.  This may impact routing result. (ZRT-740)
Warning: Port VSS of cell mac16
        is unplaced.  This may impact routing result. (ZRT-740)
Warning: Ignore 11 top cell ports with no pins. (ZRT-027)
Info: number of net_type_blockage: 0 
Information: Via ladder engine would be activated for pattern must join connection in certain commands. Please refer to man-page for the command list. (ZRT-619)
Wire on layer (MET2) needs more than one tracks
Via on layer (VIA1) needs more than one tracks
Via on layer (VIA2) needs more than one tracks
Warning: Layer MET2 default pitch 0.200 may be too small to handle up/down via. Note, that minimum requirements are "wire/via-down 0.215" & "wire/via-up 0.225". (ZRT-026)
Wire on layer (MET4) needs more than one tracks
Via on layer (VIA3) needs more than one tracks
Via on layer (VIA4) needs more than one tracks
Warning: Layer MET4 default pitch 0.200 may be too small to handle up/down via. Note, that minimum requirements are "wire/via-down 0.215" & "wire/via-up 0.225". (ZRT-026)
Via on layer (T4V2) needs more than one tracks
Warning: Layer MET5 default pitch 0.200 may be too small to handle up/down via. Note, that minimum requirements are "wire/via-down 0.200" & "wire/via-up 0.380". (ZRT-026)
Via on layer (RV) needs more than one tracks
Warning: Layer T4M2 default pitch 0.800 may be too small to handle up/down via. Note, that minimum requirements are "wire/via-down 0.800" & "wire/via-up 3.600". (ZRT-026)
Via on layer (RV) needs more than one tracks
Warning: Layer RDL default pitch 5.000 may be too small to handle up/down via. Note, that minimum requirements are "wire/via-down 6.500" & "wire/via-up 5.000". (ZRT-026)
Transition layer name: MET2(1)
Transition layer name: MET4(3)
Information: When applicable Min-max layer allow_pin_connection mode will allow paths of length 2.97 outside the layer range. (ZRT-707)
Information: When applicable Min-max layer allow_pin_connection mode will allow paths of length 2.97 outside the layer range on clock nets. (ZRT-718)
Information: When applicable layer based tapering will taper up to 0.00 in distance from the pin. (ZRT-706)
Warning: Cell u_mac16_top/opA_fifo_reg[0][3] is placed overlapping with other cells at {{28.400 41.000} {33.200 42.800}}. (ZRT-763)
Warning: Cell u_mac16_top/clk_gate_mac_result_shadow_reg/main_gate is placed overlapping with other cells at {{106.000 24.800} {107.400 26.600}}. (ZRT-763)
Warning: Cell ctmTdsLR_1_471 is placed overlapping with other cells at {{121.800 100.400} {123.600 102.200}}. (ZRT-763)
Start Global Route ... 
[Init] Elapsed real time: 0:00:00 
[Init] Elapsed cpu  time: sys=0:00:00 usr=0:00:00 total=0:00:00
[Init] Stage (MB): Used    0  Alloctr    0  Proc    0 
[Init] Total (MB): Used   21  Alloctr   22  Proc 7063 
Printing options for 'route.common.*'
common.verbose_level                                    :	 0                   

Printing options for 'route.global.*'
global.crosstalk_driven                                 :	 false               
global.timing_driven                                    :	 false               

Begin global routing.
Constructing data structure ...
Design statistics:
Design Bounding Box (0.00um,0.00um,144.00um,143.20um)
Number of routing layers = 7
layer MET1, dir Hor, min width = 0.09um, min space = 0.09um pitch = 0.18um
layer MET2, dir Ver, min width = 0.1um, min space = 0.1um pitch = 0.2um
layer MET3, dir Hor, min width = 0.1um, min space = 0.1um pitch = 0.2um
layer MET4, dir Ver, min width = 0.1um, min space = 0.1um pitch = 0.2um
layer MET5, dir Hor, min width = 0.1um, min space = 0.1um pitch = 0.2um
layer T4M2, dir Ver, min width = 0.4um, min space = 0.4um pitch = 0.8um
layer RDL, dir Hor, min width = 3um, min space = 2um pitch = 5um
Current Stage stats:
[End of Build Tech Data] Elapsed real time: 0:00:00 
[End of Build Tech Data] Elapsed cpu  time: sys=0:00:00 usr=0:00:00 total=0:00:00
[End of Build Tech Data] Stage (MB): Used    0  Alloctr    0  Proc    0 
[End of Build Tech Data] Total (MB): Used   26  Alloctr   26  Proc 7063 
Net statistics:
Total number of nets     = 2595
Number of nets to route  = 31
Number of single or zero port nets = 2
Number of nets with min-layer-mode soft = 20
Number of nets with min-layer-mode soft-cost-low = 20
34 nets are fully connected,
 of which 3 are detail routed and 31 are global routed.
Net length statistics: 
Net Count(Ignore Fully Rted) 0, Total Half Perimeter Wire Length (HPWL) 0 microns
HPWL   0 ~   50 microns: Net Count        0	Total HPWL            0 microns
HPWL  50 ~  100 microns: Net Count        0	Total HPWL            0 microns
HPWL 100 ~  200 microns: Net Count        0	Total HPWL            0 microns
HPWL 200 ~  300 microns: Net Count        0	Total HPWL            0 microns
HPWL 300 ~  400 microns: Net Count        0	Total HPWL            0 microns
HPWL 400 ~  500 microns: Net Count        0	Total HPWL            0 microns
HPWL 500 ~  600 microns: Net Count        0	Total HPWL            0 microns
HPWL 600 ~  700 microns: Net Count        0	Total HPWL            0 microns
HPWL 700 ~  800 microns: Net Count        0	Total HPWL            0 microns
HPWL 800 ~  900 microns: Net Count        0	Total HPWL            0 microns
HPWL 900 ~ 1000 microns: Net Count        0	Total HPWL            0 microns
HPWL     > 1000 microns: Net Count        0	Total HPWL            0 microns
Current Stage stats:
[End of Build All Nets] Elapsed real time: 0:00:00 
[End of Build All Nets] Elapsed cpu  time: sys=0:00:00 usr=0:00:00 total=0:00:00
[End of Build All Nets] Stage (MB): Used    1  Alloctr    1  Proc    0 
[End of Build All Nets] Total (MB): Used   27  Alloctr   28  Proc 7063 
Number of partitions: 1 (1 x 1)
Size of partitions: 80 gCells x 80 gCells
Average gCell capacity  3.36	 on layer (1)	 MET1
Average gCell capacity  8.99	 on layer (2)	 MET2
Average gCell capacity  8.38	 on layer (3)	 MET3
Average gCell capacity  8.97	 on layer (4)	 MET4
Average gCell capacity  8.91	 on layer (5)	 MET5
Average gCell capacity  2.06	 on layer (6)	 T4M2
Average gCell capacity  0.34	 on layer (7)	 RDL
Average number of tracks per gCell 9.95	 on layer (1)	 MET1
Average number of tracks per gCell 9.01	 on layer (2)	 MET2
Average number of tracks per gCell 8.96	 on layer (3)	 MET3
Average number of tracks per gCell 9.01	 on layer (4)	 MET4
Average number of tracks per gCell 8.96	 on layer (5)	 MET5
Average number of tracks per gCell 2.25	 on layer (6)	 T4M2
Average number of tracks per gCell 0.36	 on layer (7)	 RDL
Number of gCells = 44800
Current Stage stats:
[End of Build Congestion Map] Elapsed real time: 0:00:00 
[End of Build Congestion Map] Elapsed cpu  time: sys=0:00:00 usr=0:00:00 total=0:00:00
[End of Build Congestion Map] Stage (MB): Used    0  Alloctr    0  Proc    0 
[End of Build Congestion Map] Total (MB): Used   28  Alloctr   29  Proc 7063 
Current Stage stats:
[End of Add Nets Demand] Elapsed real time: 0:00:00 
[End of Add Nets Demand] Elapsed cpu  time: sys=0:00:00 usr=0:00:00 total=0:00:00
[End of Add Nets Demand] Stage (MB): Used    0  Alloctr    0  Proc    0 
[End of Add Nets Demand] Total (MB): Used   28  Alloctr   29  Proc 7063 
Number of user frozen nets = 0
Total stats:
[End of Build Data] Elapsed real time: 0:00:00 
[End of Build Data] Elapsed cpu  time: sys=0:00:00 usr=0:00:00 total=0:00:00
[End of Build Data] Stage (MB): Used    3  Alloctr    3  Proc    0 
[End of Build Data] Total (MB): Used   28  Alloctr   29  Proc 7063 
Current Stage stats:
[End of Blocked Pin Detection] Elapsed real time: 0:00:00 
[End of Blocked Pin Detection] Elapsed cpu  time: sys=0:00:00 usr=0:00:00 total=0:00:00
[End of Blocked Pin Detection] Stage (MB): Used    0  Alloctr    0  Proc    0 
[End of Blocked Pin Detection] Total (MB): Used   28  Alloctr   29  Proc 7063 
Information: Using 1 threads for routing. (ZRT-444)
Information: Multiple gcell levels ON
Information: Buffer distance is estimated to be ~1185.0000um (658 gCells)

Start GR phase 0
Number of partitions: 1 (1 x 1)
Size of partitions: 80 gCells x 80 gCells
[rtAllBotParts] Elapsed real time: 0:00:00 
[rtAllBotParts] Elapsed cpu  time: sys=0:00:00 usr=0:00:00 total=0:00:00
[rtTop] Elapsed real time: 0:00:00 
[rtTop] Elapsed cpu  time: sys=0:00:00 usr=0:00:00 total=0:00:00
Current Stage stats:
[End of Initial Routing] Elapsed real time: 0:00:00 
[End of Initial Routing] Elapsed cpu  time: sys=0:00:00 usr=0:00:00 total=0:00:00
[End of Initial Routing] Stage (MB): Used   68  Alloctr   68  Proc    0 
[End of Initial Routing] Total (MB): Used   96  Alloctr   97  Proc 7063 
Initial. Routing result:
Initial. Both Dirs: Dmd-Cap  =     0 Max = 0 GRCs =     0 (0.00%)
Initial. H routing: Dmd-Cap  =     0 Max = 0 (GRCs =  0) GRCs =     0 (0.00%)
Initial. V routing: Dmd-Cap  =     0 Max = 0 (GRCs =  0) GRCs =     0 (0.00%)
Initial. Both Dirs: Overflow =     7 Max = 3 GRCs =     4 (0.03%)
Initial. H routing: Overflow =     7 Max = 3 (GRCs =  2) GRCs =     4 (0.06%)
Initial. V routing: Overflow =     0 Max = 0 (GRCs =  0) GRCs =     0 (0.00%)
Initial. MET1       Overflow =     7 Max = 3 (GRCs =  2) GRCs =     4 (0.06%)
Initial. MET2       Overflow =     0 Max = 0 (GRCs =  0) GRCs =     0 (0.00%)
Initial. MET3       Overflow =     0 Max = 0 (GRCs =  0) GRCs =     0 (0.00%)
Initial. MET4       Overflow =     0 Max = 0 (GRCs =  0) GRCs =     0 (0.00%)
Initial. MET5       Overflow =     0 Max = 0 (GRCs =  0) GRCs =     0 (0.00%)
Initial. T4M2       Overflow =     0 Max = 0 (GRCs =  0) GRCs =     0 (0.00%)
Initial. RDL        Overflow =     0 Max = 0 (GRCs =  0) GRCs =     0 (0.00%)

Initial. Total Wire Length = 4405.63
Initial. Layer MET1 wire length = 4.71
Initial. Layer MET2 wire length = 2.06
Initial. Layer MET3 wire length = 2200.87
Initial. Layer MET4 wire length = 2131.25
Initial. Layer MET5 wire length = 66.75
Initial. Layer T4M2 wire length = 0.00
Initial. Layer RDL wire length = 0.00
Initial. Total Number of Contacts = 2729
Initial. Via VIA12 count = 863
Initial. Via VIA23 count = 857
Initial. Via VIA34 count = 989
Initial. Via VIA45 count = 20
Initial. Via T4M2_MET5 count = 0
Initial. Via RDL_T4M2 count = 0
Initial. completed.
[End of Whole Chip Routing] Elapsed real time: 0:00:00 
[End of Whole Chip Routing] Elapsed cpu  time: sys=0:00:00 usr=0:00:00 total=0:00:00
[End of Whole Chip Routing] Stage (MB): Used   71  Alloctr   71  Proc    0 
[End of Whole Chip Routing] Total (MB): Used   96  Alloctr   97  Proc 7063 

Information: Global Routing didn't terminate early. (ZRT-103)

Congestion utilization per direction:
Average vertical track utilization   =  3.99 %
Peak    vertical track utilization   = 55.00 %
Average horizontal track utilization =  2.07 %
Peak    horizontal track utilization = 31.58 %

[End of Global Routing] Elapsed real time: 0:00:00 
[End of Global Routing] Elapsed cpu  time: sys=0:00:00 usr=0:00:00 total=0:00:00
[End of Global Routing] Stage (MB): Used   70  Alloctr   70  Proc    0 
[End of Global Routing] Total (MB): Used   96  Alloctr   96  Proc 7063 
Updating congestion ...
Updating congestion ...
[End of dbOut] Elapsed real time: 0:00:00 
[End of dbOut] Elapsed cpu  time: sys=0:00:00 usr=0:00:00 total=0:00:00
[End of dbOut] Stage (MB): Used    0  Alloctr    0  Proc    0 
[End of dbOut] Total (MB): Used   53  Alloctr   54  Proc 7063 
Skip track assign
Skip detail route
Updating the database ...
Information: The run time for Multi-objective Clock Optimization is 0 hr : 0 min : 1.64 sec, cpu time is 0 hr : 0 min : 1.47 sec. (CTS-104)
************************************************************
* CTS STEP: Postlude
************************************************************
nplDplc2Placer::setParam(effort,1)
nplDplc2Placer::setParam(debug,0)
nplDplc2Placer::setParam(site_check,2)
nplDplc2Placer::setParam(app_firm_wgt,0)
Warning: Routing direction of metal layer POLY is neither "horizontal" nor "vertical".  PDC checks will not be performed on this layer. (PDC-003)
Warning: Routing direction of metal layer RDL is neither "horizontal" nor "vertical".  PDC checks will not be performed on this layer. (PDC-003)
PDC app_options settings =========
	place.legalize.enable_prerouted_net_check: 1
	place.legalize.num_tracks_for_access_check: 1
	place.legalize.use_eol_spacing_for_access_check: 0
	place.legalize.allow_touch_track_for_access_check: 1
	place.legalize.reduce_conservatism_in_eol_check: 0
	place.legalize.preroute_shape_merge_distance: 0.0
	place.legalize.enable_non_preferred_direction_span_check: 0

Layer MET1: cached 0 shapes out of 343 total shapes.
Layer MET2: cached 0 shapes out of 5 total shapes.
Cached 0 vias out of 2789 total vias.

Legalizing Top Level Design mac16 ... 
Information: Initializing classic cellmap without advanced rules enabled and without PDC enabled
Information: The following app options are used in cellmap
        place.legalize.enable_color_aware_placement : false
        place.legalize.use_nll_query_cm : false
        place.legalize.enable_advanced_legalizer : false
        place.legalize.enable_prerouted_net_check : true
        place.legalize.enable_advanced_prerouted_net_check : false
        place.legalize.always_continue : true
        place.legalize.limit_legality_checks : false
        place.common.pnet_aware_density : 1.0000
        place.common.pnet_aware_min_width : 0.0000
        place.common.pnet_aware_layers : {}
        place.common.use_placement_model : false
        place.common.enable_advanced_placement_model : true
        cts.placement.cell_spacing_rule_style : maximum
Total 0.0116 seconds to build cellmap data
Information: Creating classic rule checker.
Warning: Routing direction of metal layer POLY is neither "horizontal" nor "vertical".  PDC checks will not be performed on this layer. (PDC-003)
Warning: Routing direction of metal layer RDL is neither "horizontal" nor "vertical".  PDC checks will not be performed on this layer. (PDC-003)
=====> Processed 126 ref cells (0 fillers) from library

Bounds/Regions In This Design:
        Area    Num Cells  Exclusive Name
 (square um)
     17848.8         2459        Yes DEFAULT_VA

Starting legalizer.
Warning: Exclusive bound 'DEFAULT' has no cells.
Optimizing Exclusive Bound 'DEFAULT_VA' (2/2)
    Done Exclusive Bound 'DEFAULT_VA' (2/2) (0 sec)
Legalization complete (0 total sec)

****************************************
  Report : Placement Attempts
  Site   : core9
****************************************

number of cells:                   2459
number of references:               126
number of site rows:                 74
number of locations attempted:    29427
number of locations failed:           0  (0.0%)

Legality of references at locations:
0 references had failures.

Legality of references in rows:
0 references had row failures.

****************************************
  Report : Cell Displacements
****************************************

number of cells aggregated:        1632 (11829 total sites)
avg row height over cells:        1.800 um
rms cell displacement:            0.347 um ( 0.19 row height)
rms weighted cell displacement:   0.347 um ( 0.19 row height)
max cell displacement:            3.600 um ( 2.00 row height)
avg cell displacement:            0.078 um ( 0.04 row height)
avg weighted cell displacement:   0.078 um ( 0.04 row height)
number of cells moved:              166
number of large displacements:        0
large displacement threshold:     3.000 row height

Displacements of worst 10 cells:
Cell: U2603 (ADDFX1H9R)
  Input location: (45.8,111.2)
  Legal location: (45.8,114.8)
  Displacement:   3.600 um ( 2.00 row height)
Cell: U2767 (INVX0P5H9R)
  Input location: (116.4,33.8)
  Legal location: (114.6,32)
  Displacement:   2.546 um ( 1.41 row height)
Cell: U2795 (INVX0P5H9R)
  Input location: (115.8,33.8)
  Legal location: (114,35.6)
  Displacement:   2.546 um ( 1.41 row height)
Cell: ZBUF_96_inst_1156 (BUFX1P4H9R)
  Input location: (83.4,122)
  Legal location: (84.8,120.2)
  Displacement:   2.280 um ( 1.27 row height)
Cell: ZBUF_2_inst_1166 (BUFX3P5H9R)
  Input location: (113.6,111.2)
  Legal location: (112.2,109.4)
  Displacement:   2.280 um ( 1.27 row height)
Cell: U1290 (AOI22X0P5H9R)
  Input location: (114.4,33.8)
  Legal location: (113.2,32)
  Displacement:   2.163 um ( 1.20 row height)
Cell: ZBUF_156_inst_1144 (BUFX1P4H9R)
  Input location: (81.2,111.2)
  Legal location: (80.2,109.4)
  Displacement:   2.059 um ( 1.14 row height)
Cell: ZBUF_32_inst_1149 (BUFX1P4H9R)
  Input location: (81.2,116.6)
  Legal location: (80.4,114.8)
  Displacement:   1.970 um ( 1.09 row height)
Cell: U1496 (MUXT2X0P5H9R)
  Input location: (97.6,10.4)
  Legal location: (98.4,8.6)
  Displacement:   1.970 um ( 1.09 row height)
Cell: U2477 (CGENX1H9R)
  Input location: (95,113)
  Legal location: (95.6,111.2)
  Displacement:   1.897 um ( 1.05 row height)

 Successfully legalize placement.
Info: 797 sinks and boundary insts are collected
Info: 797 sinks and boundary insts are unset from application_fixed
Information: The run time for postlude is 0 hr : 0 min : 0.14 sec, cpu time is 0 hr : 0 min : 0.11 sec. (CTS-104)
************************************************************
* CTS STEP: Summary report
************************************************************
There are 31 flat clock tree nets.
There are 30 non-sink instances (total area 82.08) on clock trees including 0 instances dont_touch.
Clock tree synthesize and optimization added 0 buffers and 0 inverters (total area 0.00).
 Compilation of clock trees finished successfully
 Run time for cts 00:00:01.63u 00:00:00.17s 00:00:02.09e: 
[Tim-Power] Info: Cleared Leakage libCell cache.

Summary of messages during CTS:
===============================================================
  Tag   Count  Type           Description
---------------------------------------------------------------
CTS-038    1  Warning  No clock routing rule is specified.
Info: clearing CTS-GR option
Info: clearinf CTO-GR option
Information: The stitching and editing of coupling caps is turned OFF for design 'mac16_ndm:mac16.design'. (TIM-125)
Information: Design mac16 has 2595 nets, 31 global routed, 0 detail routed. (NEX-024)
Warning: Technology layer 'RDL' setting 'routing-direction' is not valid (NEX-001)
Number of Site types in the design = 1
Setting up Chip Core
Chip Core shape: (50000 50000) (1390000 1382000)
Number of VARs = 1
Number of unique PDs = 1
Number of Power Domains = 1
Number of Voltage Areas = 1
Number of supply Nets = 2
Number of used supplies = 0
Blocked VAs: 
Information: Initializing classic cellmap without advanced rules enabled and without PDC enabled
Information: The following app options are used in cellmap
        place.legalize.enable_color_aware_placement : false
        place.legalize.use_nll_query_cm : false
        place.legalize.enable_advanced_legalizer : false
        place.legalize.enable_prerouted_net_check : true
        place.legalize.enable_advanced_prerouted_net_check : false
        place.legalize.always_continue : true
        place.legalize.limit_legality_checks : false
        place.common.pnet_aware_density : 1.0000
        place.common.pnet_aware_min_width : 0.0000
        place.common.pnet_aware_layers : {}
        place.common.use_placement_model : false
        place.common.enable_advanced_placement_model : true
        cts.placement.cell_spacing_rule_style : maximum
Total 0.0117 seconds to build cellmap data
INFO: creating 16(r) x 16(c) GridCells YDim 9 XDim 9
INFO: number of GridCells (0x9eb30900): 256
INFO: creating 16(r) x 16(c) GridCells YDim 9 XDim 9
INFO: number of GridCells (0x9eb30900): 256
Total 0.0133 seconds to load 2459 cell instances into cellmap
Moveable cells: 2429; Application fixed cells: 30; Macro cells: 0; User fixed cells: 0
Average cell width 2.5096, cell height 1.8000, cell area 4.5173 for total 2459 placed and application fixed cells
Information: Current block utilization is '0.62230', effective utilization is '0.62235'. (OPT-055)
Information: The RC mode used is CTO for design 'mac16'. (NEX-022)
Information: Design Average RC for design mac16  (NEX-011)
Information: r = 0.918776 ohm/um, via_r = 0.000000 ohm/cut, c = 0.158751 ff/um, cc = 0.000000 ff/um (X dir) (NEX-017)
Information: r = 0.820126 ohm/um, via_r = 0.000000 ohm/cut, c = 0.169005 ff/um, cc = 0.000000 ff/um (Y dir) (NEX-017)
Information: Update timing completed net estimation for all the timing graph nets (TIM-111)
Information: Net estimation statistics: timing graph nets = 2593, routed nets = 31, across physical hierarchy nets = 0, parasitics cached nets = 2593, delay annotated nets = 0, parasitics annotated nets = 0, multi-voltage nets = 0. (TIM-112)

    Scenario default  WNS = 0.006289, TNS = 0.016086, NVP = 4

     ELAPSED  WORST NEG TOTAL NEG              MAX       MAX     BUFFER    INVERTER   LVTH      LVTH      PEAK   
      TIME      SLACK     SLACK     AREA    TRAN COST CAP COST    COUNT     COUNT     COUNT    PERCENT   MEMORY  
    --------- --------- --------- --------- --------- --------- --------- --------- --------- --------- ---------
      0:01:13     0.006     0.016 11108.160     0.000     0.000        46       172         0     0.000      1801 

Information: Ending   clock_opt / build_clock / CTS (FLW-8001)
Information: Time: 2026-08-18 14:57:41 / Session:  00:01:13 / Command:  00:00:13 / CPU:  00:00:12 / Memory: 1801 MB (FLW-8100)
Information: The value of option cts.compile.enable_cell_relocation has been overridden to "leaf_only" to support latency-driven placement. (CTS-973)

Clock-opt optimization Phase 10 Iter  1         0.02        0.02      1.15         -      11108.16      563.83        2459              0.02      1801

Enable dominated scenarios

Clock-opt optimization complete                 0.02        0.02      1.15         -      11108.16      563.83        2459              0.02      1801
[Tim-Power] Info: Cleared Leakage libCell cache.
Co-efficient Ratio Summary:
4.193421605155  6.578038173730  2.479639287277  7.744187540401  0.485050000353  3.179565833784  5.567214754587  2.894454387461  6.565921217863  9.017937505874  3.104624918614  9.864425735886  6.078365764085  2.744209841123  8.318122804907
9.699225032798  2.464623076605  1.382370347867  9.387185529619  3.142429417561  0.968752894210  6.613183023294  4.146578793224  7.876358918112  2.191135103696  0.963788758639  2.701137487824  3.840692864440  3.750207553169  7.663465042299
6.212201173665  7.759678599508  7.862243172358  0.402388477150  0.032845095897  0.596111512371  4.701287396892  7.205135512169  8.278351398268  1.183725190997  3.334480015889  5.868698775665  7.173036185364  9.669810499761  7.591494547087
7.632106309971  7.679078189967  9.831314304271  1.878806317928  3.230072343539  1.226270037326  7.050450494780  2.403928173631  6.139852544054  4.100210066110  1.274762196290  4.571735697006  5.624010608820  7.826858753678  4.759140618263
5.409027926377  2.609823652834  0.626142538674  6.381676652919  9.187474022495  0.513656796621  5.027570618562  6.119813446103  6.181472312107  1.581675365776  7.486097105270  9.585672275762  2.041962287119  3.921164467338  0.650495882345
9.472458902409  3.368484394994  4.897111549020  6.860149244452  2.000104051691  9.095345907689  2.197041709512  0.915900067443  5.466092308426  8.142690055883  4.607149548397  8.245573500573  3.504015605451  1.682710612888  7.173440918510
9.939562708992  3.617852773282  8.946772638251  1.169969932707  4.529946656262  3.090979409795  5.580726136993  1.131397763510  0.721709625254  7.515947417690  0.649378582444  1.018141859529  5.811754566269  5.826734483342  4.349390492435
0.216216918936  9.612142423126  7.311156783703  0.823519541628  0.356161286693  8.022019569284  2.603132585844  5.024802551363  1.359359521353  5.407563451201  2.804179750681  1.266410868216  0.417905213533  1.833876065081  6.448564937188
Information: The net parasitics of block mac16 are cleared. (TIM-123)
Information: The stitching and editing of coupling caps is turned OFF for design 'mac16_ndm:mac16.design'. (TIM-125)
Information: Design mac16 has 2595 nets, 31 global routed, 0 detail routed. (NEX-024)
Warning: Technology layer 'RDL' setting 'routing-direction' is not valid (NEX-001)
Information: The RC mode used is CTO for design 'mac16'. (NEX-022)
Information: Design Average RC for design mac16  (NEX-011)
Information: r = 0.918776 ohm/um, via_r = 0.000000 ohm/cut, c = 0.158751 ff/um, cc = 0.000000 ff/um (X dir) (NEX-017)
Information: r = 0.820126 ohm/um, via_r = 0.000000 ohm/cut, c = 0.169005 ff/um, cc = 0.000000 ff/um (Y dir) (NEX-017)
Information: Update timing completed net estimation for all the timing graph nets (TIM-111)
Information: Net estimation statistics: timing graph nets = 2593, routed nets = 31, across physical hierarchy nets = 0, parasitics cached nets = 2593, delay annotated nets = 0, parasitics annotated nets = 0, multi-voltage nets = 0. (TIM-112)

Clock-opt final QoR
___________________
Scenario Mapping Table
1: default

Pathgroup Mapping Table
1: **default**
2: **async_default**
3: **clock_gating_default**
4: **in2reg_default**
5: **reg2out_default**
6: **in2out_default**
7: core_clk

-------------------------------------------------------------------------------------------------------------------------------------------------------------
PATHGROUP QOR 
-------------------------------------------------------------------------------------------------------------------------------------------------------------
Scene  PG      WNS        TNS    NSV      WHV        THV    NHV
    1   1   0.0000     0.0000      0   0.0000     0.0000      0
    1   2   0.0000     0.0000      0   0.0000     0.0000      0
    1   3   0.0000     0.0000      0   0.0000     0.0000      0
    1   4   0.0000     0.0000      0   0.0000     0.0000      0
    1   5   0.0000     0.0000      0   0.0000     0.0000      0
    1   6   0.0000     0.0000      0   0.0000     0.0000      0
    1   7   0.0063     0.0161      4   0.0465     0.8152     30
----------------------------------------------------------------------------------------------------------------------------------------------------------------------
SCENARIO QOR 
----------------------------------------------------------------------------------------------------------------------------------------------------------------------
Scene  PG      WNS        TNS   R2RTNS    NSV      WHV        THV    NHV  MaxTrnV   MaxTranC  MaxCapV    Leakage
    1   *   0.0063     0.0161   0.0161      4   0.0465     0.8152     30        0     0.0000        0    563.832
----------------------------------------------------------------------------------------------------------------------------------------------------------------------
DESIGN QOR 
----------------------------------------------------------------------------------------------------------------------------------------------------------------------
Scene  PG      WNS        TNS   R2RTNS    NSV      WHV        THV    NHV  MaxTrnV   MaxTranC  MaxCapV    Leakage         Area    InstCnt     BufCnt     InvCnt
    *   *   0.0063     0.0161   0.0161      4   0.0465     0.8152     30        0     0.0000        0    563.832     11108.16       2459         46        172
----------------------------------------------------------------------------------------------------------------------------------------------------------------------

Clock-opt final QoR Summary         WNS        TNS   R2RTNS    NSV      WHV        THV    NHV  MaxTrnV  MaxCapV    Leakage         Area    InstCnt
Clock-opt final QoR Summary      0.0063     0.0161   0.0161      4   0.0465     0.8152     30        0        0    563.832     11108.16       2459

Clock-opt command complete                CPU:    57 s (  0.02 hr )  ELAPSE:    74 s (  0.02 hr )  MEM-PEAK:  1801 MB
Clock-opt command statistics  CPU=8 sec (0.00 hr) ELAPSED=8 sec (0.00 hr) MEM-PEAK=1.759 GB
[Tim-Power] Info: Cleared Leakage libCell cache.

Information: Ending   clock_opt / build_clock (FLW-8001)
Information: Time: 2026-08-18 14:57:41 / Session:  00:01:14 / Command:  00:00:13 / CPU:  00:00:12 / Memory: 1801 MB (FLW-8100)
TEST: runCore bldClkEnd-end
INFO: run stage route_clock (init -> end)
TEST: runCore rteClkInit-init

----------------------------------------------------------------------------------------------------------
Information: Starting clock_opt / route_clock (FLW-8000)
Information: Time: 2026-08-18 14:57:41 / Session:  00:01:14 / Command:  00:00:13 / CPU:  00:00:12 / Memory: 1801 MB (FLW-8100)
----------------------------------------------------------------------------------------------------------

Information: Starting clock_opt / route_clock / Clock Routing (FLW-8000)
Information: Time: 2026-08-18 14:57:41 / Session:  00:01:14 / Command:  00:00:14 / CPU:  00:00:12 / Memory: 1801 MB (FLW-8100)
Clock-opt optimization Phase 2 Iter  1          0.02        0.02      0.82         -      11108.16      563.83        2459              0.02      1801
Running clock routing step.
set_app_options -as_user_default -list {route.global.global_route_topology_style 1}
Warning: Ignoring -as_user_default option since application option <route.global.global_route_topology_style> is global scoped. (NDMUI-1004)
route.global.global_route_topology_style 1
route_group -all_clock_nets -reuse_existing_global_route true
Information: The net parasitics of block mac16 are cleared. (TIM-123)
Warning: Layer RDL does not have a preferred direction, assigning to horizontal. (ZRT-025)
Cell Min-Routing-Layer = MET1
Cell Max-Routing-Layer = T4M2
Turn off antenna since no rule is specified
Information: Option route.detail.force_end_on_preferred_grid will be ignored since none of the layers have preferred grid. (ZRT-703)
Warning: Port mode of cell mac16
        is unplaced.  This may impact routing result. (ZRT-740)
Warning: Port inA of cell mac16
        is unplaced.  This may impact routing result. (ZRT-740)
Warning: Port inB of cell mac16
        is unplaced.  This may impact routing result. (ZRT-740)
Warning: Port in_ready of cell mac16
        is unplaced.  This may impact routing result. (ZRT-740)
Warning: Port clk of cell mac16
        is unplaced.  This may impact routing result. (ZRT-740)
Warning: Port rst_n of cell mac16
        is unplaced.  This may impact routing result. (ZRT-740)
Warning: Port sum_out of cell mac16
        is unplaced.  This may impact routing result. (ZRT-740)
Warning: Port carry of cell mac16
        is unplaced.  This may impact routing result. (ZRT-740)
Warning: Port out_ready of cell mac16
        is unplaced.  This may impact routing result. (ZRT-740)
Warning: Port VDD of cell mac16
        is unplaced.  This may impact routing result. (ZRT-740)
Warning: Port VSS of cell mac16
        is unplaced.  This may impact routing result. (ZRT-740)
Warning: Ignore 11 top cell ports with no pins. (ZRT-027)
Info: number of net_type_blockage: 0 
Information: Via ladder engine would be activated for pattern must join connection in certain commands. Please refer to man-page for the command list. (ZRT-619)
Wire on layer (MET2) needs more than one tracks
Via on layer (VIA1) needs more than one tracks
Via on layer (VIA2) needs more than one tracks
Warning: Layer MET2 default pitch 0.200 may be too small to handle up/down via. Note, that minimum requirements are "wire/via-down 0.215" & "wire/via-up 0.225". (ZRT-026)
Wire on layer (MET4) needs more than one tracks
Via on layer (VIA3) needs more than one tracks
Via on layer (VIA4) needs more than one tracks
Warning: Layer MET4 default pitch 0.200 may be too small to handle up/down via. Note, that minimum requirements are "wire/via-down 0.215" & "wire/via-up 0.225". (ZRT-026)
Via on layer (T4V2) needs more than one tracks
Warning: Layer MET5 default pitch 0.200 may be too small to handle up/down via. Note, that minimum requirements are "wire/via-down 0.200" & "wire/via-up 0.380". (ZRT-026)
Via on layer (RV) needs more than one tracks
Warning: Layer T4M2 default pitch 0.800 may be too small to handle up/down via. Note, that minimum requirements are "wire/via-down 0.800" & "wire/via-up 3.600". (ZRT-026)
Via on layer (RV) needs more than one tracks
Warning: Layer RDL default pitch 5.000 may be too small to handle up/down via. Note, that minimum requirements are "wire/via-down 6.500" & "wire/via-up 5.000". (ZRT-026)
Transition layer name: MET2(1)
Transition layer name: MET4(3)
Information: When applicable Min-max layer allow_pin_connection mode will allow paths of length 2.97 outside the layer range. (ZRT-707)
Information: When applicable Min-max layer allow_pin_connection mode will allow paths of length 2.97 outside the layer range on clock nets. (ZRT-718)
Information: When applicable layer based tapering will taper up to 0.00 in distance from the pin. (ZRT-706)

    Found 0 via ladders to verify.

VIA LADDER INFO: found 0 via ladder DRCs across 0 nets.
Updating the database ...

    Via ladders will be inserted on 0 of 0 ports with via ladder constraints.

Updating the database ...
Start Global Route ... 
[Init] Elapsed real time: 0:00:00 
[Init] Elapsed cpu  time: sys=0:00:00 usr=0:00:00 total=0:00:00
[Init] Stage (MB): Used    0  Alloctr    0  Proc    0 
[Init] Total (MB): Used   21  Alloctr   22  Proc 7062 
GR will route in ATREE-style.
Printing options for 'route.common.*'
common.verbose_level                                    :	 0                   

Printing options for 'route.global.*'
global.crosstalk_driven                                 :	 false               
global.timing_driven                                    :	 false               

Begin global routing.
Constructing data structure ...
Design statistics:
Design Bounding Box (0.00um,0.00um,144.00um,143.20um)
Number of routing layers = 7
layer MET1, dir Hor, min width = 0.09um, min space = 0.09um pitch = 0.18um
layer MET2, dir Ver, min width = 0.1um, min space = 0.1um pitch = 0.2um
layer MET3, dir Hor, min width = 0.1um, min space = 0.1um pitch = 0.2um
layer MET4, dir Ver, min width = 0.1um, min space = 0.1um pitch = 0.2um
layer MET5, dir Hor, min width = 0.1um, min space = 0.1um pitch = 0.2um
layer T4M2, dir Ver, min width = 0.4um, min space = 0.4um pitch = 0.8um
layer RDL, dir Hor, min width = 3um, min space = 2um pitch = 5um
Current Stage stats:
[End of Build Tech Data] Elapsed real time: 0:00:00 
[End of Build Tech Data] Elapsed cpu  time: sys=0:00:00 usr=0:00:00 total=0:00:00
[End of Build Tech Data] Stage (MB): Used    0  Alloctr    0  Proc    0 
[End of Build Tech Data] Total (MB): Used   26  Alloctr   26  Proc 7062 
Net statistics:
Total number of nets     = 2595
Number of nets to route  = 31
Number of single or zero port nets = 2
Number of nets with min-layer-mode soft = 20
Number of nets with min-layer-mode soft-cost-low = 20
33 nets are fully connected,
 of which 2 are detail routed and 31 are global routed.
Net length statistics: 
Net Count(Ignore Fully Rted) 0, Total Half Perimeter Wire Length (HPWL) 0 microns
HPWL   0 ~   50 microns: Net Count        0	Total HPWL            0 microns
HPWL  50 ~  100 microns: Net Count        0	Total HPWL            0 microns
HPWL 100 ~  200 microns: Net Count        0	Total HPWL            0 microns
HPWL 200 ~  300 microns: Net Count        0	Total HPWL            0 microns
HPWL 300 ~  400 microns: Net Count        0	Total HPWL            0 microns
HPWL 400 ~  500 microns: Net Count        0	Total HPWL            0 microns
HPWL 500 ~  600 microns: Net Count        0	Total HPWL            0 microns
HPWL 600 ~  700 microns: Net Count        0	Total HPWL            0 microns
HPWL 700 ~  800 microns: Net Count        0	Total HPWL            0 microns
HPWL 800 ~  900 microns: Net Count        0	Total HPWL            0 microns
HPWL 900 ~ 1000 microns: Net Count        0	Total HPWL            0 microns
HPWL     > 1000 microns: Net Count        0	Total HPWL            0 microns
Current Stage stats:
[End of Build All Nets] Elapsed real time: 0:00:00 
[End of Build All Nets] Elapsed cpu  time: sys=0:00:00 usr=0:00:00 total=0:00:00
[End of Build All Nets] Stage (MB): Used    1  Alloctr    1  Proc    0 
[End of Build All Nets] Total (MB): Used   27  Alloctr   28  Proc 7062 
Number of partitions: 1 (1 x 1)
Size of partitions: 80 gCells x 80 gCells
Average gCell capacity  3.32	 on layer (1)	 MET1
Average gCell capacity  8.99	 on layer (2)	 MET2
Average gCell capacity  8.38	 on layer (3)	 MET3
Average gCell capacity  8.97	 on layer (4)	 MET4
Average gCell capacity  8.91	 on layer (5)	 MET5
Average gCell capacity  2.06	 on layer (6)	 T4M2
Average gCell capacity  0.34	 on layer (7)	 RDL
Average number of tracks per gCell 9.95	 on layer (1)	 MET1
Average number of tracks per gCell 9.01	 on layer (2)	 MET2
Average number of tracks per gCell 8.96	 on layer (3)	 MET3
Average number of tracks per gCell 9.01	 on layer (4)	 MET4
Average number of tracks per gCell 8.96	 on layer (5)	 MET5
Average number of tracks per gCell 2.25	 on layer (6)	 T4M2
Average number of tracks per gCell 0.36	 on layer (7)	 RDL
Number of gCells = 44800
Current Stage stats:
[End of Build Congestion Map] Elapsed real time: 0:00:00 
[End of Build Congestion Map] Elapsed cpu  time: sys=0:00:00 usr=0:00:00 total=0:00:00
[End of Build Congestion Map] Stage (MB): Used    0  Alloctr    0  Proc    0 
[End of Build Congestion Map] Total (MB): Used   28  Alloctr   29  Proc 7062 
Current Stage stats:
[End of Add Nets Demand] Elapsed real time: 0:00:00 
[End of Add Nets Demand] Elapsed cpu  time: sys=0:00:00 usr=0:00:00 total=0:00:00
[End of Add Nets Demand] Stage (MB): Used    0  Alloctr    0  Proc    0 
[End of Add Nets Demand] Total (MB): Used   28  Alloctr   29  Proc 7062 
Number of user frozen nets = 0
Total stats:
[End of Build Data] Elapsed real time: 0:00:00 
[End of Build Data] Elapsed cpu  time: sys=0:00:00 usr=0:00:00 total=0:00:00
[End of Build Data] Stage (MB): Used    3  Alloctr    3  Proc    0 
[End of Build Data] Total (MB): Used   28  Alloctr   29  Proc 7062 
Current Stage stats:
[End of Blocked Pin Detection] Elapsed real time: 0:00:00 
[End of Blocked Pin Detection] Elapsed cpu  time: sys=0:00:00 usr=0:00:00 total=0:00:00
[End of Blocked Pin Detection] Stage (MB): Used    0  Alloctr    0  Proc    0 
[End of Blocked Pin Detection] Total (MB): Used   28  Alloctr   29  Proc 7062 
Information: Using 1 threads for routing. (ZRT-444)
Information: Multiple gcell levels ON
Information: Buffer distance is estimated to be ~1185.0000um (658 gCells)

Start GR phase 0
Number of partitions: 1 (1 x 1)
Size of partitions: 80 gCells x 80 gCells
[rtAllBotParts] Elapsed real time: 0:00:00 
[rtAllBotParts] Elapsed cpu  time: sys=0:00:00 usr=0:00:00 total=0:00:00
[rtTop] Elapsed real time: 0:00:00 
[rtTop] Elapsed cpu  time: sys=0:00:00 usr=0:00:00 total=0:00:00
Current Stage stats:
[End of Initial Routing] Elapsed real time: 0:00:00 
[End of Initial Routing] Elapsed cpu  time: sys=0:00:00 usr=0:00:00 total=0:00:00
[End of Initial Routing] Stage (MB): Used  176  Alloctr  176  Proc    0 
[End of Initial Routing] Total (MB): Used  204  Alloctr  205  Proc 7062 
Initial. Routing result:
Initial. Both Dirs: Dmd-Cap  =     0 Max = 0 GRCs =     0 (0.00%)
Initial. H routing: Dmd-Cap  =     0 Max = 0 (GRCs =  0) GRCs =     0 (0.00%)
Initial. V routing: Dmd-Cap  =     0 Max = 0 (GRCs =  0) GRCs =     0 (0.00%)
Initial. Both Dirs: Overflow =     7 Max = 3 GRCs =     4 (0.03%)
Initial. H routing: Overflow =     7 Max = 3 (GRCs =  2) GRCs =     4 (0.06%)
Initial. V routing: Overflow =     0 Max = 0 (GRCs =  0) GRCs =     0 (0.00%)
Initial. MET1       Overflow =     7 Max = 3 (GRCs =  2) GRCs =     4 (0.06%)
Initial. MET2       Overflow =     0 Max = 0 (GRCs =  0) GRCs =     0 (0.00%)
Initial. MET3       Overflow =     0 Max = 0 (GRCs =  0) GRCs =     0 (0.00%)
Initial. MET4       Overflow =     0 Max = 0 (GRCs =  0) GRCs =     0 (0.00%)
Initial. MET5       Overflow =     0 Max = 0 (GRCs =  0) GRCs =     0 (0.00%)
Initial. T4M2       Overflow =     0 Max = 0 (GRCs =  0) GRCs =     0 (0.00%)
Initial. RDL        Overflow =     0 Max = 0 (GRCs =  0) GRCs =     0 (0.00%)

Initial. Total Wire Length = 4405.63
Initial. Layer MET1 wire length = 4.71
Initial. Layer MET2 wire length = 2.06
Initial. Layer MET3 wire length = 2200.87
Initial. Layer MET4 wire length = 2131.25
Initial. Layer MET5 wire length = 66.75
Initial. Layer T4M2 wire length = 0.00
Initial. Layer RDL wire length = 0.00
Initial. Total Number of Contacts = 2729
Initial. Via VIA12 count = 863
Initial. Via VIA23 count = 857
Initial. Via VIA34 count = 989
Initial. Via VIA45 count = 20
Initial. Via T4M2_MET5 count = 0
Initial. Via RDL_T4M2 count = 0
Initial. completed.

Start GR phase 1
Tue Aug 18 14:57:42 2026
Number of partitions: 1 (1 x 1)
Size of partitions: 80 gCells x 80 gCells
[rtAllParts] Elapsed real time: 0:00:00 
[rtAllParts] Elapsed cpu  time: sys=0:00:00 usr=0:00:00 total=0:00:00
Current Stage stats:
[End of Phase1 Routing] Elapsed real time: 0:00:00 
[End of Phase1 Routing] Elapsed cpu  time: sys=0:00:00 usr=0:00:00 total=0:00:00
[End of Phase1 Routing] Stage (MB): Used    0  Alloctr    0  Proc    0 
[End of Phase1 Routing] Total (MB): Used  204  Alloctr  205  Proc 7062 
phase1. Routing result:
phase1. Both Dirs: Dmd-Cap  =     0 Max = 0 GRCs =     0 (0.00%)
phase1. H routing: Dmd-Cap  =     0 Max = 0 (GRCs =  0) GRCs =     0 (0.00%)
phase1. V routing: Dmd-Cap  =     0 Max = 0 (GRCs =  0) GRCs =     0 (0.00%)
phase1. Both Dirs: Overflow =     0 Max = 1 GRCs =     1 (0.01%)
phase1. H routing: Overflow =     0 Max = 1 (GRCs =  1) GRCs =     1 (0.02%)
phase1. V routing: Overflow =     0 Max = 0 (GRCs =  0) GRCs =     0 (0.00%)
phase1. MET1       Overflow =     0 Max = 1 (GRCs =  1) GRCs =     1 (0.02%)
phase1. MET2       Overflow =     0 Max = 0 (GRCs =  0) GRCs =     0 (0.00%)
phase1. MET3       Overflow =     0 Max = 0 (GRCs =  0) GRCs =     0 (0.00%)
phase1. MET4       Overflow =     0 Max = 0 (GRCs =  0) GRCs =     0 (0.00%)
phase1. MET5       Overflow =     0 Max = 0 (GRCs =  0) GRCs =     0 (0.00%)
phase1. T4M2       Overflow =     0 Max = 0 (GRCs =  0) GRCs =     0 (0.00%)
phase1. RDL        Overflow =     0 Max = 0 (GRCs =  0) GRCs =     0 (0.00%)

phase1. Total Wire Length = 4406.74
phase1. Layer MET1 wire length = 2.18
phase1. Layer MET2 wire length = 9.10
phase1. Layer MET3 wire length = 2204.66
phase1. Layer MET4 wire length = 2124.05
phase1. Layer MET5 wire length = 66.75
phase1. Layer T4M2 wire length = 0.00
phase1. Layer RDL wire length = 0.00
phase1. Total Number of Contacts = 2720
phase1. Via VIA12 count = 857
phase1. Via VIA23 count = 856
phase1. Via VIA34 count = 987
phase1. Via VIA45 count = 20
phase1. Via T4M2_MET5 count = 0
phase1. Via RDL_T4M2 count = 0
phase1. completed.

Start GR phase 2
Tue Aug 18 14:57:42 2026
Number of partitions: 1 (1 x 1)
Size of partitions: 80 gCells x 80 gCells
[rtAllParts] Elapsed real time: 0:00:00 
[rtAllParts] Elapsed cpu  time: sys=0:00:00 usr=0:00:00 total=0:00:00
[updNetsDmd] Elapsed real time: 0:00:00 
[updNetsDmd] Elapsed cpu  time: sys=0:00:00 usr=0:00:00 total=0:00:00
Current Stage stats:
[End of Phase2 Routing] Elapsed real time: 0:00:00 
[End of Phase2 Routing] Elapsed cpu  time: sys=0:00:00 usr=0:00:00 total=0:00:00
[End of Phase2 Routing] Stage (MB): Used    0  Alloctr    0  Proc    0 
[End of Phase2 Routing] Total (MB): Used  204  Alloctr  205  Proc 7062 
phase2. Routing result:
phase2. Both Dirs: Dmd-Cap  =     0 Max = 0 GRCs =     0 (0.00%)
phase2. H routing: Dmd-Cap  =     0 Max = 0 (GRCs =  0) GRCs =     0 (0.00%)
phase2. V routing: Dmd-Cap  =     0 Max = 0 (GRCs =  0) GRCs =     0 (0.00%)
phase2. Both Dirs: Overflow =     0 Max = 1 GRCs =     1 (0.01%)
phase2. H routing: Overflow =     0 Max = 1 (GRCs =  1) GRCs =     1 (0.02%)
phase2. V routing: Overflow =     0 Max = 0 (GRCs =  0) GRCs =     0 (0.00%)
phase2. MET1       Overflow =     0 Max = 1 (GRCs =  1) GRCs =     1 (0.02%)
phase2. MET2       Overflow =     0 Max = 0 (GRCs =  0) GRCs =     0 (0.00%)
phase2. MET3       Overflow =     0 Max = 0 (GRCs =  0) GRCs =     0 (0.00%)
phase2. MET4       Overflow =     0 Max = 0 (GRCs =  0) GRCs =     0 (0.00%)
phase2. MET5       Overflow =     0 Max = 0 (GRCs =  0) GRCs =     0 (0.00%)
phase2. T4M2       Overflow =     0 Max = 0 (GRCs =  0) GRCs =     0 (0.00%)
phase2. RDL        Overflow =     0 Max = 0 (GRCs =  0) GRCs =     0 (0.00%)

phase2. Total Wire Length = 4406.74
phase2. Layer MET1 wire length = 2.18
phase2. Layer MET2 wire length = 9.10
phase2. Layer MET3 wire length = 2204.66
phase2. Layer MET4 wire length = 2124.05
phase2. Layer MET5 wire length = 66.75
phase2. Layer T4M2 wire length = 0.00
phase2. Layer RDL wire length = 0.00
phase2. Total Number of Contacts = 2720
phase2. Via VIA12 count = 857
phase2. Via VIA23 count = 856
phase2. Via VIA34 count = 987
phase2. Via VIA45 count = 20
phase2. Via T4M2_MET5 count = 0
phase2. Via RDL_T4M2 count = 0
phase2. completed.
[End of Whole Chip Routing] Elapsed real time: 0:00:00 
[End of Whole Chip Routing] Elapsed cpu  time: sys=0:00:00 usr=0:00:00 total=0:00:00
[End of Whole Chip Routing] Stage (MB): Used  179  Alloctr  179  Proc    0 
[End of Whole Chip Routing] Total (MB): Used  204  Alloctr  205  Proc 7062 

Information: Global Routing terminated early. (ZRT-103)

Congestion utilization per direction:
Average vertical track utilization   =  3.97 %
Peak    vertical track utilization   = 50.00 %
Average horizontal track utilization =  1.46 %
Peak    horizontal track utilization = 22.22 %

[End of Global Routing] Elapsed real time: 0:00:00 
[End of Global Routing] Elapsed cpu  time: sys=0:00:00 usr=0:00:00 total=0:00:00
[End of Global Routing] Stage (MB): Used  178  Alloctr  178  Proc    0 
[End of Global Routing] Total (MB): Used  204  Alloctr  204  Proc 7062 
Updating congestion ...
Updating congestion ...
[End of dbOut] Elapsed real time: 0:00:00 
[End of dbOut] Elapsed cpu  time: sys=0:00:00 usr=0:00:00 total=0:00:00
[End of dbOut] Stage (MB): Used    0  Alloctr    0  Proc    0 
[End of dbOut] Total (MB): Used   53  Alloctr   54  Proc 7062 

Start track assignment

Printing options for 'route.common.*'
common.verbose_level                                    :	 0                   

Printing options for 'route.track.*'
track.crosstalk_driven                                  :	 false               
track.timing_driven                                     :	 false               

Information: Using 1 threads for routing. (ZRT-444)

[Track Assign: TA init] Elapsed real time: 0:00:00 
[Track Assign: TA init] Elapsed cpu  time: sys=0:00:00 usr=0:00:00 total=0:00:00
[Track Assign: TA init] Stage (MB): Used    0  Alloctr    0  Proc    0 
[Track Assign: TA init] Total (MB): Used   18  Alloctr   19  Proc 7062 

Start initial assignment

Assign Horizontal partitions, iteration 0 
Routed partition 1/10       
Routed partition 2/10       
Routed partition 3/10       
Routed partition 4/10       
Routed partition 5/10       
Routed partition 6/10       
Routed partition 7/10       
Routed partition 8/10       
Routed partition 9/10       
Routed partition 10/10      

Assign Vertical partitions, iteration 0 
Routed partition 1/10       
Routed partition 2/10       
Routed partition 3/10       
Routed partition 4/10       
Routed partition 5/10       
Routed partition 6/10       
Routed partition 7/10       
Routed partition 8/10       
Routed partition 9/10       
Routed partition 10/10      

Number of wires with overlap after iteration 0 = 1033 of 3785


[Track Assign: Iteration 0] Elapsed real time: 0:00:00 
[Track Assign: Iteration 0] Elapsed cpu  time: sys=0:00:00 usr=0:00:00 total=0:00:00
[Track Assign: Iteration 0] Stage (MB): Used    1  Alloctr    1  Proc    0 
[Track Assign: Iteration 0] Total (MB): Used   19  Alloctr   19  Proc 7062 

Reroute to fix overlaps (iter = 1)

Assign Horizontal partitions, iteration 1 
Routed partition 1/10       
Routed partition 2/10       
Routed partition 3/10       
Routed partition 4/10       
Routed partition 5/10       
Routed partition 6/10       
Routed partition 7/10       
Routed partition 8/10       
Routed partition 9/10       
Routed partition 10/10      

Assign Vertical partitions, iteration 1 
Routed partition 1/10       
Routed partition 2/10       
Routed partition 3/10       
Routed partition 4/10       
Routed partition 5/10       
Routed partition 6/10       
Routed partition 7/10       
Routed partition 8/10       
Routed partition 9/10       
Routed partition 10/10      

[Track Assign: Iteration 1] Elapsed real time: 0:00:00 
[Track Assign: Iteration 1] Elapsed cpu  time: sys=0:00:00 usr=0:00:00 total=0:00:00
[Track Assign: Iteration 1] Stage (MB): Used    1  Alloctr    1  Proc    0 
[Track Assign: Iteration 1] Total (MB): Used   19  Alloctr   19  Proc 7062 

Number of wires with overlap after iteration 1 = 707 of 3131


Wire length and via report:
---------------------------
Number of MET1 wires: 698 		  : 0
Number of MET2 wires: 874 		 VIA12: 858
Number of MET3 wires: 840 		 VIA23: 871
Number of MET4 wires: 707 		 VIA34: 1035
Number of MET5 wires: 12 		 VIA45: 20
Number of T4M2 wires: 0 		 T4M2_MET5: 0
Number of RDL wires: 0 		 RDL_T4M2: 0
Total number of wires: 3131 		 vias: 2784

Total MET1 wire length: 113.8
Total MET2 wire length: 200.2
Total MET3 wire length: 2223.9
Total MET4 wire length: 1962.0
Total MET5 wire length: 65.0
Total T4M2 wire length: 0.0
Total RDL wire length: 0.0
Total wire length: 4564.8

Longest MET1 wire length: 1.3
Longest MET2 wire length: 6.4
Longest MET3 wire length: 25.0
Longest MET4 wire length: 20.8
Longest MET5 wire length: 9.8
Longest T4M2 wire length: 0.0
Longest RDL wire length: 0.0


[Track Assign: Done] Elapsed real time: 0:00:00 
[Track Assign: Done] Elapsed cpu  time: sys=0:00:00 usr=0:00:00 total=0:00:00
[Track Assign: Done] Stage (MB): Used    0  Alloctr    0  Proc    0 
[Track Assign: Done] Total (MB): Used   17  Alloctr   19  Proc 7062 
Printing options for 'route.common.*'
common.verbose_level                                    :	 0                   

Printing options for 'route.detail.*'
detail.timing_driven                                    :	 false               

Printing options for 'route.auto_via_ladder.*'

[Dr init] Elapsed real time: 0:00:00 
[Dr init] Elapsed cpu  time: sys=0:00:00 usr=0:00:00 total=0:00:00
[Dr init] Stage (MB): Used    9  Alloctr    8  Proc    0 
[Dr init] Total (MB): Used   27  Alloctr   28  Proc 7062 
Total number of nets = 2595, of which 0 are not extracted
Total number of open nets = 2560, of which 0 are frozen
Information: Using 1 threads for routing. (ZRT-444)
Start DR iteration 0: uniform partition
Routed	8/64 Partitions, Violations =	0
Routed	9/64 Partitions, Violations =	0
Routed	10/64 Partitions, Violations =	0
Routed	11/64 Partitions, Violations =	0
Routed	12/64 Partitions, Violations =	0
Routed	13/64 Partitions, Violations =	0
Routed	14/64 Partitions, Violations =	0
Routed	15/64 Partitions, Violations =	0
Routed	16/64 Partitions, Violations =	0
Routed	17/64 Partitions, Violations =	0
Routed	18/64 Partitions, Violations =	0
Routed	19/64 Partitions, Violations =	0
Routed	20/64 Partitions, Violations =	0
Routed	21/64 Partitions, Violations =	3
Routed	22/64 Partitions, Violations =	3
Routed	23/64 Partitions, Violations =	3
Routed	24/64 Partitions, Violations =	3
Routed	25/64 Partitions, Violations =	4
Routed	26/64 Partitions, Violations =	4
Routed	27/64 Partitions, Violations =	4
Routed	28/64 Partitions, Violations =	4
Routed	29/64 Partitions, Violations =	6
Routed	30/64 Partitions, Violations =	6
Routed	31/64 Partitions, Violations =	6
Routed	32/64 Partitions, Violations =	6
Routed	33/64 Partitions, Violations =	8
Routed	34/64 Partitions, Violations =	9
Routed	35/64 Partitions, Violations =	9
Routed	36/64 Partitions, Violations =	6
Routed	37/64 Partitions, Violations =	6
Routed	38/64 Partitions, Violations =	6
Routed	39/64 Partitions, Violations =	6
Routed	40/64 Partitions, Violations =	6
Routed	41/64 Partitions, Violations =	6
Routed	42/64 Partitions, Violations =	6
Routed	43/64 Partitions, Violations =	6
Routed	44/64 Partitions, Violations =	6
Routed	45/64 Partitions, Violations =	6
Routed	46/64 Partitions, Violations =	6
Routed	47/64 Partitions, Violations =	6
Routed	48/64 Partitions, Violations =	6
Routed	49/64 Partitions, Violations =	6
Routed	50/64 Partitions, Violations =	6
Routed	51/64 Partitions, Violations =	6
Routed	52/64 Partitions, Violations =	4
Routed	53/64 Partitions, Violations =	2
Routed	54/64 Partitions, Violations =	1
Routed	55/64 Partitions, Violations =	1
Routed	56/64 Partitions, Violations =	0
Routed	57/64 Partitions, Violations =	0
Routed	58/64 Partitions, Violations =	0
Routed	59/64 Partitions, Violations =	0
Routed	60/64 Partitions, Violations =	0
Routed	61/64 Partitions, Violations =	0
Routed	62/64 Partitions, Violations =	0
Routed	63/64 Partitions, Violations =	0
Routed	64/64 Partitions, Violations =	0

DRC-SUMMARY:
	@@@@@@@ TOTAL VIOLATIONS =	0

[Iter 0] Elapsed real time: 0:00:00 
[Iter 0] Elapsed cpu  time: sys=0:00:00 usr=0:00:00 total=0:00:00
[Iter 0] Stage (MB): Used   69  Alloctr   70  Proc    0 
[Iter 0] Total (MB): Used   87  Alloctr   89  Proc 7062 

End DR iteration 0 with 64 parts

Finish DR since reached 0 DRC

Information: Detail Routing terminated early because DRCs were not converging: false (ZRT-312)
[DR] Elapsed real time: 0:00:00 
[DR] Elapsed cpu  time: sys=0:00:00 usr=0:00:00 total=0:00:00
[DR] Stage (MB): Used    0  Alloctr    0  Proc    0 
[DR] Total (MB): Used   18  Alloctr   19  Proc 7062 
[DR: Done] Elapsed real time: 0:00:00 
[DR: Done] Elapsed cpu  time: sys=0:00:00 usr=0:00:00 total=0:00:00
[DR: Done] Stage (MB): Used    0  Alloctr    0  Proc    0 
[DR: Done] Total (MB): Used   18  Alloctr   19  Proc 7062 

DR finished with 0 open nets, of which 0 are frozen

DR finished with 0 violations

DRC-SUMMARY:
	@@@@@@@ TOTAL VIOLATIONS =	0



Total Wire Length =                    4748 micron
Total Number of Contacts =             2750
Total Number of Wires =                2481
Total Number of PtConns =              643
Total Number of Routed Wires =       2062
Total Routed Wire Length =           4441 micron
Total Number of Routed Contacts =       2750
	Layer       MET1 :         56 micron
	Layer       MET2 :        166 micron
	Layer       MET3 :       2210 micron
	Layer       MET4 :       1945 micron
	Layer       MET5 :         65 micron
	Layer       T4M2 :          0 micron
	Layer        RDL :          0 micron
	Via        VIA45 :         20
	Via        VIA34 :       1000
	Via   VIA34(rot) :          9
	Via        VIA23 :        867
	Via        VIA12 :        567
	Via   VIA12(rot) :        287

 
Redundant via conversion report:
--------------------------------

  Total optimized via conversion rate =  0.00% (0 / 2750 vias)
 
    Layer VIA1       =  0.00% (0      / 854     vias)
        Un-optimized =  0.00% (0       vias)
        Un-mapped    = 100.00% (854     vias)
    Layer VIA2       =  0.00% (0      / 867     vias)
        Un-optimized =  0.00% (0       vias)
        Un-mapped    = 100.00% (867     vias)
    Layer VIA3       =  0.00% (0      / 1009    vias)
        Un-optimized =  0.00% (0       vias)
        Un-mapped    = 100.00% (1009    vias)
    Layer VIA4       =  0.00% (0      / 20      vias)
        Un-optimized =  0.00% (0       vias)
        Un-mapped    = 100.00% (20      vias)
 
  Total double via conversion rate    =  0.00% (0 / 2750 vias)
 
    Layer VIA1       =  0.00% (0      / 854     vias)
    Layer VIA2       =  0.00% (0      / 867     vias)
    Layer VIA3       =  0.00% (0      / 1009    vias)
    Layer VIA4       =  0.00% (0      / 20      vias)
 
  The optimized via conversion rate based on total routed via count =  0.00% (0 / 2750 vias)
 
    Layer VIA1       =  0.00% (0      / 854     vias)
        Un-optimized =  0.00% (0       vias)
        Un-mapped    = 100.00% (854     vias)
    Layer VIA2       =  0.00% (0      / 867     vias)
        Un-optimized =  0.00% (0       vias)
        Un-mapped    = 100.00% (867     vias)
    Layer VIA3       =  0.00% (0      / 1009    vias)
        Un-optimized =  0.00% (0       vias)
        Un-mapped    = 100.00% (1009    vias)
    Layer VIA4       =  0.00% (0      / 20      vias)
        Un-optimized =  0.00% (0       vias)
        Un-mapped    = 100.00% (20      vias)
 

Total number of nets = 2595
0 open nets, of which 0 are frozen
Total number of excluded ports = 0 ports of 0 unplaced cells connected to 0 nets
                                 0 ports without pins of 0 cells connected to 0 nets
                                 0 ports of 0 cover cells connected to 0 non-pg nets
Total number of DRCs = 0
Total number of antenna violations = antenna checking not active
Information: Routes in non-preferred voltage areas = 0 (ZRT-559)

Topology ECO not run, no qualifying violations or in frozen nets.
Updating the database ...
set_app_options -as_user_default -list {route.global.global_route_topology_style 0}
Warning: Ignoring -as_user_default option since application option <route.global.global_route_topology_style> is global scoped. (NDMUI-1004)
route.global.global_route_topology_style 0
Information: Ending   clock_opt / route_clock / Clock Routing (FLW-8001)
Information: Time: 2026-08-18 14:57:43 / Session:  00:01:15 / Command:  00:00:15 / CPU:  00:00:13 / Memory: 1801 MB (FLW-8100)

Information: Ending   clock_opt / route_clock (FLW-8001)
Information: Time: 2026-08-18 14:57:43 / Session:  00:01:15 / Command:  00:00:15 / CPU:  00:00:13 / Memory: 1801 MB (FLW-8100)
TEST: runCore rteClkEnd-end
INFO: run stage final_opto (init -> end)
TEST: runCore finalOptoInit-init

----------------------------------------------------------------------------------------------------------
Information: Starting clock_opt / final_opto (FLW-8000)
Information: Time: 2026-08-18 14:57:43 / Session:  00:01:15 / Command:  00:00:15 / CPU:  00:00:13 / Memory: 1801 MB (FLW-8100)
----------------------------------------------------------------------------------------------------------

Information: The value of option cts.compile.enable_cell_relocation has been overridden to "leaf_only" to support latency-driven placement. (CTS-973)
Information: The stitching and editing of coupling caps is turned OFF for design 'mac16_ndm:mac16.design'. (TIM-125)
Information: Design mac16 has 2595 nets, 0 global routed, 31 detail routed. (NEX-024)
Warning: Technology layer 'RDL' setting 'routing-direction' is not valid (NEX-001)
Information: The RC mode used is CTO for design 'mac16'. (NEX-022)
Information: Design Average RC for design mac16  (NEX-011)
Information: r = 0.918776 ohm/um, via_r = 0.000000 ohm/cut, c = 0.158751 ff/um, cc = 0.000000 ff/um (X dir) (NEX-017)
Information: r = 0.820126 ohm/um, via_r = 0.000000 ohm/cut, c = 0.169005 ff/um, cc = 0.000000 ff/um (Y dir) (NEX-017)
Information: Update timing completed net estimation for all the timing graph nets (TIM-111)
Information: Net estimation statistics: timing graph nets = 2593, routed nets = 31, across physical hierarchy nets = 0, parasitics cached nets = 2593, delay annotated nets = 0, parasitics annotated nets = 0, multi-voltage nets = 0. (TIM-112)
Clock-opt command begin                   CPU:    58 s (  0.02 hr )  ELAPSE:    76 s (  0.02 hr )  MEM-PEAK:  1801 MB
Warning: Cannot find any max transition constraint on the design. (OPT-070)
INFO: Removed total 0 routing shapes from 2622 signal nets.
[Tim-Power] Info: Enabling unified Timing-Power architecture for rest of the flow. 
Information: Activity propagation will be performed for scenario default.
Information: Doing activity propagation for mode 'default' and corner 'default' with effort level 'medium'. (POW-024)
Information: Timer-derived activity data is cached on scenario default (POW-052)
Information: Running switching activity propagation in scalar mode!

 **** Information : No. of simulation cycles = 7 ****
[Non-Incremental Power-Update] SCENE[default_late] PROP[late] InstanceSize[2459]
Info: update em.

Clock-opt timing update complete          CPU:    59 s (  0.02 hr )  ELAPSE:    77 s (  0.02 hr )  MEM-PEAK:  1801 MB
INFO: Propagating Switching Activities
Information: Activity for scenario default was cached, no propagation required. (POW-005)
INFO: Switching Activity propagation took     0.00022 sec
INFO: Propagating Switching Activity for all power flows 

Clock-opt initial QoR
_____________________
Scenario Mapping Table
1: default

Pathgroup Mapping Table
1: **default**
2: **async_default**
3: **clock_gating_default**
4: **in2reg_default**
5: **reg2out_default**
6: **in2out_default**
7: core_clk

-------------------------------------------------------------------------------------------------------------------------------------------------------------
PATHGROUP QOR 
-------------------------------------------------------------------------------------------------------------------------------------------------------------
Scene  PG      WNS        TNS    NSV      WHV        THV    NHV
    1   1   0.0000     0.0000      0   0.0000     0.0000      0
    1   2   0.0000     0.0000      0   0.0000     0.0000      0
    1   3   0.0000     0.0000      0   0.0000     0.0000      0
    1   4   0.0000     0.0000      0   0.0000     0.0000      0
    1   5   0.0000     0.0000      0   0.0000     0.0000      0
    1   6   0.0000     0.0000      0   0.0000     0.0000      0
    1   7   0.0056     0.0129      5   0.0466     0.8449     30
----------------------------------------------------------------------------------------------------------------------------------------------------------------------
SCENARIO QOR 
----------------------------------------------------------------------------------------------------------------------------------------------------------------------
Scene  PG      WNS        TNS   R2RTNS    NSV      WHV        THV    NHV  MaxTrnV   MaxTranC  MaxCapV    Leakage
    1   *   0.0056     0.0129   0.0129      5   0.0466     0.8449     30        0     0.0000        0    563.832
----------------------------------------------------------------------------------------------------------------------------------------------------------------------
DESIGN QOR 
----------------------------------------------------------------------------------------------------------------------------------------------------------------------
Scene  PG      WNS        TNS   R2RTNS    NSV      WHV        THV    NHV  MaxTrnV   MaxTranC  MaxCapV    Leakage         Area    InstCnt     BufCnt     InvCnt
    *   *   0.0056     0.0129   0.0129      5   0.0466     0.8449     30        0     0.0000        0    563.832     11108.16       2459         46        172
----------------------------------------------------------------------------------------------------------------------------------------------------------------------

Clock-opt initial QoR Summary       WNS        TNS   R2RTNS    NSV      WHV        THV    NHV  MaxTrnV  MaxCapV    Leakage         Area    InstCnt
Clock-opt initial QoR Summary    0.0056     0.0129   0.0129      5   0.0466     0.8449     30        0        0    563.832     11108.16       2459
Information: The netlist change observers are disabled for incremental extraction. (TIM-126)
INFO: using 1 threads
Information: Activity for scenario default was cached, no propagation required. (POW-005)
Information: Timer-derived activity data is cached on scenario default (POW-052)
Warning: Technology layer 'RDL' setting 'routing-direction' is not valid (NEX-001)
Information: Activity for scenario default was cached, no propagation required. (POW-005)
Clock-opt initialization complete         CPU:    61 s (  0.02 hr )  ELAPSE:    79 s (  0.02 hr )  MEM-PEAK:  1801 MB
Clock-opt optimization summary            SETUP-COST    R2R-COST HOLD-COST LDRC-COST          AREA     LEAKAGE     INSTCNT            ELAPSE       MEM
Information: Activity for scenario default was cached, no propagation required. (POW-005)
Warning: Cannot find any max transition constraint on the design. (OPT-070)
Information: Activity for scenario default was cached, no propagation required. (POW-005)
Number of Site types in the design = 1
Setting up Chip Core
Chip Core shape: (50000 50000) (1390000 1382000)
Number of VARs = 1
Number of unique PDs = 1
Number of Power Domains = 1
Number of Voltage Areas = 1
Number of supply Nets = 2
Number of used supplies = 0
Blocked VAs: 
Information: The netlist change observers are enabled for incremental extraction. (TIM-127)
Warning: Technology layer 'RDL' setting 'routing-direction' is not valid (NEX-001)

Information: Activity for scenario default was cached, no propagation required. (POW-005)
Information: Initializing classic cellmap without advanced rules enabled and without PDC enabled
Information: The following app options are used in cellmap
        place.legalize.enable_color_aware_placement : false
        place.legalize.use_nll_query_cm : false
        place.legalize.enable_advanced_legalizer : false
        place.legalize.enable_prerouted_net_check : true
        place.legalize.enable_advanced_prerouted_net_check : false
        place.legalize.always_continue : true
        place.legalize.limit_legality_checks : false
        place.common.pnet_aware_density : 1.0000
        place.common.pnet_aware_min_width : 0.0000
        place.common.pnet_aware_layers : {}
        place.common.use_placement_model : false
        place.common.enable_advanced_placement_model : true
        cts.placement.cell_spacing_rule_style : maximum
Total 0.0121 seconds to build cellmap data
INFO: creating 27(r) x 27(c) GridCells YDim 5.4 XDim 5.4
INFO: number of GridCells (0xaa6857a0): 729
INFO: creating 27(r) x 27(c) GridCells YDim 5.4 XDim 5.4
INFO: number of GridCells (0xaa6857a0): 729
Total 0.0137 seconds to load 2459 cell instances into cellmap
Moveable cells: 2429; Application fixed cells: 30; Macro cells: 0; User fixed cells: 0
0 out of 2562 data nets is detail routed, 31 out of 31 clock nets are detail routed and total 2593 nets have been analyzed
Only clock route nets/shapes. Estimated current stage is after clock detail route stage
Average cell width 2.5096, cell height 1.8000, cell area 4.5173 for total 2459 placed and application fixed cells
Clock-opt optimization Phase 3 Iter  1          0.01        0.01      0.82         -      11108.16      563.83        2459              0.02      1801
Information: Activity for scenario default was cached, no propagation required. (POW-005)
Number of Site types in the design = 1
Setting up Chip Core
Chip Core shape: (50000 50000) (1390000 1382000)
Number of VARs = 1
Number of unique PDs = 1
Number of Power Domains = 1
Number of Voltage Areas = 1
Number of supply Nets = 2
Number of used supplies = 0
Blocked VAs: 

Information: Activity for scenario default was cached, no propagation required. (POW-005)
Clock-opt optimization Phase 4 Iter  1          0.01        0.01      0.82         -      11108.16      563.83        2459              0.02      1801
Corner Scaling is off, multiplier is 1.000000
Corner Scaling is off, multiplier is 1.000000
Using default layer MET4
new cutoff lpd: 4.91218e-07
corner scaling: maxCornerId = 0
corner=default, tran factor=1.000000 (0.208726 / 0.208726)
bmap: stepx = stepy = 90000
creating bmap
DB units per micron : 10000
INFO: New Levelizer turned on
Clock-opt optimization Phase 4 Iter  2          0.01        0.01      0.82         -      11108.16      563.83        2459              0.02      1801
Clock-opt optimization Phase 4 Iter  3          0.01        0.01      0.82         -      11108.16      563.83        2459              0.02      1801

Clock-opt optimization Phase 5 Iter  1          0.01        0.01      0.82         -      11108.16      563.83        2459              0.02      1801

CCL: Total Usage Adjustment : 1
INFO: Derive row count 20 from GR congestion map (80/4)
INFO: Derive col count 20 from GR congestion map (80/4)
Convert timing mode ...
Information: Activity for scenario default was cached, no propagation required. (POW-005)
Clock-opt optimization Phase 6 Iter  1          0.01        0.01      0.82         -      11108.16      563.83        2459              0.02      1801
Clock-opt optimization Phase 6 Iter  2          0.01        0.01      0.82         -      11108.16      563.83        2459              0.02      1801
Clock-opt optimization Phase 6 Iter  3          0.01        0.01      0.82         -      11108.16      563.83        2459              0.02      1801
Clock-opt optimization Phase 6 Iter  4          0.01        0.01      0.82         -      11108.16      563.83        2459              0.02      1801
Clock-opt optimization Phase 6 Iter  5          0.01        0.01      0.82         -      11108.16      563.83        2459              0.02      1801
Clock-opt optimization Phase 6 Iter  6          0.01        0.01      0.82         -      11108.16      563.83        2459              0.02      1801
Corner Scaling is off, multiplier is 1.000000
Using default layer MET4
new cutoff lpd: 4.91218e-07
corner scaling: maxCornerId = 0
corner=default, tran factor=1.000000 (0.208726 / 0.208726)
bmap: stepx = stepy = 90000
creating bmap
DB units per micron : 10000
Clock-opt optimization Phase 6 Iter  7          0.01        0.01      0.82         -      11108.16      563.83        2459              0.02      1801
Clock-opt optimization Phase 6 Iter  8          0.01        0.01      0.82         -      11108.16      563.83        2459              0.02      1801
Clock-opt optimization summary            SETUP-COST    R2R-COST HOLD-COST LDRC-COST          AREA     LEAKAGE     INSTCNT            ELAPSE       MEM
Clock-opt optimization Phase 6 Iter  9          0.01        0.01      0.82         -      11108.16      563.83        2459              0.02      1801
Clock-opt optimization Phase 6 Iter 10          0.01        0.01      0.82         -      11108.16      563.83        2459              0.02      1801
Clock-opt optimization Phase 6 Iter 11          0.01        0.01      0.82         -      11108.16      563.83        2459              0.02      1801
Clock-opt optimization Phase 6 Iter 12          0.01        0.01      0.82         -      11108.16      563.83        2459              0.02      1801
Clock-opt optimization Phase 6 Iter 13          0.01        0.01      0.82         -      11108.16      563.83        2459              0.02      1801
Clock-opt optimization Phase 6 Iter 14          0.01        0.01      0.82         -      11108.16      563.83        2459              0.02      1801
Clock-opt optimization Phase 6 Iter 15          0.01        0.01      0.82         -      11108.16      563.83        2459              0.02      1801
Clock-opt optimization Phase 6 Iter 16          0.01        0.01      0.82         -      11108.16      563.83        2459              0.02      1801
Clock-opt optimization Phase 6 Iter 17          0.01        0.01      0.82         -      11108.16      563.83        2459              0.02      1801
Clock-opt optimization Phase 6 Iter 18          0.01        0.01      0.82         -      11108.16      563.83        2459              0.02      1801
Clock-opt optimization Phase 6 Iter 19          0.01        0.01      0.82         -      11108.16      563.83        2459              0.02      1801
Clock-opt optimization Phase 6 Iter 20          0.01        0.01      0.82         -      11108.16      563.83        2459              0.02      1801
Clock-opt optimization Phase 6 Iter 21          0.01        0.01      0.82         -      11108.16      563.83        2459              0.02      1801
Clock-opt optimization Phase 6 Iter 22          0.01        0.01      0.82         -      11108.16      563.83        2459              0.02      1801
Clock-opt optimization Phase 6 Iter 23          0.01        0.01      0.82         -      11108.16      563.83        2459              0.02      1801
Clock-opt optimization Phase 6 Iter 24          0.01        0.01      0.82         -      11108.16      563.83        2459              0.02      1801
Clock-opt optimization Phase 6 Iter 25          0.01        0.01      0.82         -      11108.16      563.83        2459              0.02      1801
Clock-opt optimization Phase 6 Iter 26          0.01        0.01      0.82         -      11108.16      563.83        2459              0.02      1801
Clock-opt optimization Phase 6 Iter 27          0.01        0.01      0.82         -      11108.16      563.83        2459              0.02      1801
Clock-opt optimization Phase 6 Iter 28          0.01        0.01      0.82         -      11108.16      563.83        2459              0.02      1801
Clock-opt optimization Phase 6 Iter 29          0.01        0.01      0.82         -      11108.16      563.83        2459              0.02      1801
Clock-opt optimization Phase 6 Iter 30          0.01        0.01      0.82         -      11108.16      563.83        2459              0.02      1801
Clock-opt optimization Phase 6 Iter 31          0.01        0.01      0.82         -      11108.16      563.83        2459              0.02      1801
Clock-opt optimization Phase 6 Iter 32          0.01        0.01      0.82         -      11108.16      563.83        2459              0.02      1801

Clock-opt optimization Phase 7 Iter  1          0.00        0.00      0.82         -      11110.32      564.13        2459              0.02      1801
Note - message 'POW-005' limit (20) exceeded. Remainder will be suppressed.
Warning: Restoring scoped app option 'xform.commit_density_threshold' to original value 'unset' (from current value '1', which is different from the scoped value '1.0'). (FLW-2892)
Warning: Restoring scoped app option 'opt.internal.levfilter_arec_slack' to original value 'unset' (from current value '-1', which is different from the scoped value '-1.0'). (FLW-2892)
Information: Configuring Design Fusion Restructuring for total power ...
Warning: Restoring scoped app option 'xform.commit_density_threshold' to original value 'unset' (from current value '1', which is different from the scoped value '1.0'). (FLW-2892)
Warning: Restoring scoped app option 'opt.internal.levfilter_arec_slack' to original value 'unset' (from current value '-1', which is different from the scoped value '-1.0'). (FLW-2892)
LR XFORM: End Prediction Mode

Clock-opt optimization Phase 8 Iter  1          0.00        0.00      0.82         -      11090.52      554.29        2457              0.02      1801
INFO: New Levelizer turned on
INFO: New Levelizer turned on

Clock-opt optimization Phase 9 Iter  1          0.00        0.00      0.82         -      11073.60      552.62        2448              0.02      1801
ISR: Running first pass 
ISR-INFO:  Running path margin based recovery (target = 0.0000, multiplier = 1.0000, mode = 0)
INFO: New Levelizer turned on
Knee-Processing :  cumEst: 0.00479447 cumPct:    98.66 estdown: 0.00006504 cumUp:   68 numDown:  520 status= valid
Knee-Processing :  cumEst: 0.00482809 cumPct:    99.35 estdown: 0.00003142 cumUp:  182 numDown:  406 status= valid
Knee-Processing :  cumEst: 0.00485951 cumPct:   100.00 estdown: 0.00000000 cumUp: 1621 numDown:    0 status= valid
ISR: Running second pass 
ISR-INFO:  Running path margin based recovery (target = 0.0000, multiplier = 1.0000, mode = 0)
INFO: New Levelizer turned on
Knee-Processing :  cumEst: 0.20011196 cumPct:    99.97 estdown: 0.00006279 cumUp:   76 numDown:  511 status= valid
Knee-Processing :  cumEst: 0.20017475 cumPct:   100.00 estdown: 0.00000000 cumUp: 1621 numDown:    0 status= valid
Clock-opt optimization Phase 9 Iter  2          0.00        0.00      0.82         -      11073.60      552.62        2448              0.02      1801
ISR-INFO:  Running path margin based recovery (target = 0.0000, multiplier = 1.0000, mode = 0)
INFO: New Levelizer turned on
Knee-Processing :  cumEst: 0.00455534 cumPct:    98.57 estdown: 0.00006587 cumUp:   63 numDown:  524 status= valid
Knee-Processing :  cumEst: 0.00458973 cumPct:    99.32 estdown: 0.00003148 cumUp:  180 numDown:  407 status= valid
Knee-Processing :  cumEst: 0.00462121 cumPct:   100.00 estdown: 0.00000000 cumUp: 1621 numDown:    0 status= valid

Clock-opt optimization Phase 10 Iter  1         0.00        0.00      0.82         -      11086.92      551.35        2448              0.02      1801
Corner Scaling is off, multiplier is 1.000000
Corner Scaling is off, multiplier is 1.000000
Using default layer MET4
new cutoff lpd: 4.91218e-07
corner scaling: maxCornerId = 0
corner=default, tran factor=1.000000 (0.208726 / 0.208726)
bmap: stepx = stepy = 90000
creating bmap
DB units per micron : 10000
INFO: New Levelizer turned on
Clock-opt optimization summary            SETUP-COST    R2R-COST HOLD-COST LDRC-COST          AREA     LEAKAGE     INSTCNT            ELAPSE       MEM
Clock-opt optimization Phase 10 Iter  2         0.00        0.00      0.82         -      11086.92      551.35        2448              0.02      1801
Clock-opt optimization Phase 10 Iter  3         0.00        0.00      0.82         -      11086.92      551.35        2448              0.02      1801

Clock-opt optimization Phase 11 Iter  1         0.00        0.00      0.84         -      11086.92      551.35        2448              0.02      1801
Clock-opt optimization Phase 11 Iter  2         0.00        0.00      0.84         -      11086.92      551.35        2448              0.02      1801
Warning: Design includes unreasonable large hold violation(s). (OPT-209)
Clock-opt optimization Phase 11 Iter  3         0.00        0.00      0.84         -      11086.92      551.35        2448              0.02      1801
Warning: Design includes unreasonable large hold violation(s). (OPT-209)
Clock-opt optimization Phase 11 Iter  4         0.00        0.00      0.84         -      11086.92      551.35        2448              0.02      1801
INFO: updating slack distrubution time borrowing
updateTimeBorrowsAndSi elapsed: 9.093000

Clock-opt optimization Phase 12 Iter  1         0.00        0.00      0.84         -      11135.16      551.26        2478              0.02      1801
Running post-clock timing-driven placement.
Turning on CRPR.
Information: Initializing classic cellmap without advanced rules enabled and without PDC enabled
Information: The following app options are used in cellmap
        place.legalize.enable_color_aware_placement : false
        place.legalize.use_nll_query_cm : false
        place.legalize.enable_advanced_legalizer : false
        place.legalize.enable_prerouted_net_check : true
        place.legalize.enable_advanced_prerouted_net_check : false
        place.legalize.always_continue : true
        place.legalize.limit_legality_checks : false
        place.common.pnet_aware_density : 1.0000
        place.common.pnet_aware_min_width : 0.0000
        place.common.pnet_aware_layers : {}
        place.common.use_placement_model : false
        place.common.enable_advanced_placement_model : true
        cts.placement.cell_spacing_rule_style : maximum
Total 0.0120 seconds to build cellmap data
INFO: creating 16(r) x 16(c) GridCells YDim 9 XDim 9
INFO: number of GridCells (0xa4015380): 256
INFO: creating 16(r) x 16(c) GridCells YDim 9 XDim 9
INFO: number of GridCells (0xa4015380): 256
Total 0.0142 seconds to load 2478 cell instances into cellmap
Moveable cells: 2448; Application fixed cells: 30; Macro cells: 0; User fixed cells: 0
0 out of 2592 data nets is detail routed, 31 out of 31 clock nets are detail routed and total 2623 nets have been analyzed
Only clock route nets/shapes. Estimated current stage is after clock detail route stage
Average cell width 2.4964, cell height 1.8000, cell area 4.4936 for total 2478 placed and application fixed cells
Information: Current block utilization is '0.62390', effective utilization is '0.62386'. (OPT-055)
----------------------------------------------------------------
Running congestion-aware direct-timing-driven placement
Start Timing-driven placement
Start transferring placement data.
Warning: To enable pin track alignment feature, the advanced legalizer has to be turned on using app option "place.legalize.enable_advanced_legalizer".
Warning: Pin track alignment feature will be disabled in this run
Information: Initializing classic cellmap without advanced rules enabled and without PDC enabled
Information: The following app options are used in cellmap
        place.legalize.enable_color_aware_placement : false
        place.legalize.use_nll_query_cm : false
        place.legalize.enable_advanced_legalizer : false
        place.legalize.enable_prerouted_net_check : true
        place.legalize.enable_advanced_prerouted_net_check : false
        place.legalize.always_continue : true
        place.legalize.limit_legality_checks : false
        place.common.pnet_aware_density : 1.0000
        place.common.pnet_aware_min_width : 0.0000
        place.common.pnet_aware_layers : {}
        place.common.use_placement_model : false
        place.common.enable_advanced_placement_model : true
        cts.placement.cell_spacing_rule_style : maximum
Total 0.0126 seconds to build cellmap data
Snapped 2448 standard cells to the nearest cellrow to improve the accuracy of congestion analysis.
Start Global Route ... 
[Init] Elapsed real time: 0:00:00 
[Init] Elapsed cpu  time: sys=0:00:00 usr=0:00:00 total=0:00:00
[Init] Stage (MB): Used    0  Alloctr    0  Proc    0 
[Init] Total (MB): Used    7  Alloctr    7  Proc 7062 
Printing options for 'route.common.*'
common.verbose_level                                    :	 0                   

Printing options for 'route.global.*'
global.crosstalk_driven                                 :	 false               
global.timing_driven                                    :	 false               

Begin global routing.
Warning: Layer RDL does not have a preferred direction, assigning to horizontal. (ZRT-025)
Cell Min-Routing-Layer = MET1
Cell Max-Routing-Layer = T4M2
Turn off antenna since no rule is specified
Information: Option route.detail.force_end_on_preferred_grid will be ignored since none of the layers have preferred grid. (ZRT-703)
Warning: Port mode of cell mac16
        is unplaced.  This may impact routing result. (ZRT-740)
Warning: Port inA of cell mac16
        is unplaced.  This may impact routing result. (ZRT-740)
Warning: Port inB of cell mac16
        is unplaced.  This may impact routing result. (ZRT-740)
Warning: Port in_ready of cell mac16
        is unplaced.  This may impact routing result. (ZRT-740)
Warning: Port clk of cell mac16
        is unplaced.  This may impact routing result. (ZRT-740)
Warning: Port rst_n of cell mac16
        is unplaced.  This may impact routing result. (ZRT-740)
Warning: Port sum_out of cell mac16
        is unplaced.  This may impact routing result. (ZRT-740)
Warning: Port carry of cell mac16
        is unplaced.  This may impact routing result. (ZRT-740)
Warning: Port out_ready of cell mac16
        is unplaced.  This may impact routing result. (ZRT-740)
Warning: Port VDD of cell mac16
        is unplaced.  This may impact routing result. (ZRT-740)
Warning: Port VSS of cell mac16
        is unplaced.  This may impact routing result. (ZRT-740)
Warning: Ignore 11 top cell ports with no pins. (ZRT-027)
Info: number of net_type_blockage: 0 
Information: Via ladder engine would be activated for pattern must join connection in certain commands. Please refer to man-page for the command list. (ZRT-619)
Wire on layer (MET2) needs more than one tracks
Via on layer (VIA1) needs more than one tracks
Via on layer (VIA2) needs more than one tracks
Warning: Layer MET2 default pitch 0.200 may be too small to handle up/down via. Note, that minimum requirements are "wire/via-down 0.215" & "wire/via-up 0.225". (ZRT-026)
Wire on layer (MET4) needs more than one tracks
Via on layer (VIA3) needs more than one tracks
Via on layer (VIA4) needs more than one tracks
Warning: Layer MET4 default pitch 0.200 may be too small to handle up/down via. Note, that minimum requirements are "wire/via-down 0.215" & "wire/via-up 0.225". (ZRT-026)
Via on layer (T4V2) needs more than one tracks
Warning: Layer MET5 default pitch 0.200 may be too small to handle up/down via. Note, that minimum requirements are "wire/via-down 0.200" & "wire/via-up 0.380". (ZRT-026)
Via on layer (RV) needs more than one tracks
Warning: Layer T4M2 default pitch 0.800 may be too small to handle up/down via. Note, that minimum requirements are "wire/via-down 0.800" & "wire/via-up 3.600". (ZRT-026)
Via on layer (RV) needs more than one tracks
Warning: Layer RDL default pitch 5.000 may be too small to handle up/down via. Note, that minimum requirements are "wire/via-down 6.500" & "wire/via-up 5.000". (ZRT-026)
Transition layer name: MET2(1)
Transition layer name: MET4(3)
Information: When applicable Min-max layer allow_pin_connection mode will allow paths of length 2.97 outside the layer range. (ZRT-707)
Information: When applicable Min-max layer allow_pin_connection mode will allow paths of length 2.97 outside the layer range on clock nets. (ZRT-718)
Information: When applicable layer based tapering will taper up to 0.00 in distance from the pin. (ZRT-706)
Warning: Cell u_mac16_top/u_inB/data_out_reg[8] is placed overlapping with other cells at {{54.200 10.400} {59.000 12.200}}. (ZRT-763)
Warning: Cell ctmTdsLR_1_1240 is placed overlapping with other cells at {{26.000 118.400} {29.400 120.200}}. (ZRT-763)
Warning: Cell ctmTdsLR_1_1256 is placed overlapping with other cells at {{126.800 100.400} {128.600 102.200}}. (ZRT-763)
Current Stage stats:
[End of Read DB] Elapsed real time: 0:00:00 
[End of Read DB] Elapsed cpu  time: sys=0:00:00 usr=0:00:00 total=0:00:00
[End of Read DB] Stage (MB): Used   18  Alloctr   18  Proc    0 
[End of Read DB] Total (MB): Used   25  Alloctr   26  Proc 7062 
Constructing data structure ...
Design statistics:
Design Bounding Box (0.00um,0.00um,144.00um,143.20um)
Number of routing layers = 7
layer MET1, dir Hor, min width = 0.09um, min space = 0.09um pitch = 0.18um
layer MET2, dir Ver, min width = 0.1um, min space = 0.1um pitch = 0.2um
layer MET3, dir Hor, min width = 0.1um, min space = 0.1um pitch = 0.2um
layer MET4, dir Ver, min width = 0.1um, min space = 0.1um pitch = 0.2um
layer MET5, dir Hor, min width = 0.1um, min space = 0.1um pitch = 0.2um
layer T4M2, dir Ver, min width = 0.4um, min space = 0.4um pitch = 0.8um
layer RDL, dir Hor, min width = 3um, min space = 2um pitch = 5um
Current Stage stats:
[End of Build Tech Data] Elapsed real time: 0:00:00 
[End of Build Tech Data] Elapsed cpu  time: sys=0:00:00 usr=0:00:00 total=0:00:00
[End of Build Tech Data] Stage (MB): Used    0  Alloctr    0  Proc    0 
[End of Build Tech Data] Total (MB): Used   26  Alloctr   26  Proc 7062 
Net statistics:
Total number of nets     = 2607
Number of nets to route  = 2571
Number of single or zero port nets = 2
Number of nets with min-layer-mode soft = 19
Number of nets with min-layer-mode soft-cost-low = 19
34 nets are fully connected,
 of which 34 are detail routed and 0 are global routed.
Net length statistics: 
Net Count(Ignore Fully Rted) 2571, Total Half Perimeter Wire Length (HPWL) 39195 microns
HPWL   0 ~   50 microns: Net Count     2426	Total HPWL        29862 microns
HPWL  50 ~  100 microns: Net Count      137	Total HPWL         8333 microns
HPWL 100 ~  200 microns: Net Count        8	Total HPWL         1000 microns
HPWL 200 ~  300 microns: Net Count        0	Total HPWL            0 microns
HPWL 300 ~  400 microns: Net Count        0	Total HPWL            0 microns
HPWL 400 ~  500 microns: Net Count        0	Total HPWL            0 microns
HPWL 500 ~  600 microns: Net Count        0	Total HPWL            0 microns
HPWL 600 ~  700 microns: Net Count        0	Total HPWL            0 microns
HPWL 700 ~  800 microns: Net Count        0	Total HPWL            0 microns
HPWL 800 ~  900 microns: Net Count        0	Total HPWL            0 microns
HPWL 900 ~ 1000 microns: Net Count        0	Total HPWL            0 microns
HPWL     > 1000 microns: Net Count        0	Total HPWL            0 microns
Current Stage stats:
[End of Build All Nets] Elapsed real time: 0:00:00 
[End of Build All Nets] Elapsed cpu  time: sys=0:00:00 usr=0:00:00 total=0:00:00
[End of Build All Nets] Stage (MB): Used    1  Alloctr    1  Proc    0 
[End of Build All Nets] Total (MB): Used   28  Alloctr   28  Proc 7062 
Number of partitions: 1 (1 x 1)
Size of partitions: 80 gCells x 80 gCells
Average gCell capacity  3.34	 on layer (1)	 MET1
Average gCell capacity  8.99	 on layer (2)	 MET2
Average gCell capacity  8.38	 on layer (3)	 MET3
Average gCell capacity  8.97	 on layer (4)	 MET4
Average gCell capacity  8.91	 on layer (5)	 MET5
Average gCell capacity  2.06	 on layer (6)	 T4M2
Average gCell capacity  0.34	 on layer (7)	 RDL
Average number of tracks per gCell 9.95	 on layer (1)	 MET1
Average number of tracks per gCell 9.01	 on layer (2)	 MET2
Average number of tracks per gCell 8.96	 on layer (3)	 MET3
Average number of tracks per gCell 9.01	 on layer (4)	 MET4
Average number of tracks per gCell 8.96	 on layer (5)	 MET5
Average number of tracks per gCell 2.25	 on layer (6)	 T4M2
Average number of tracks per gCell 0.36	 on layer (7)	 RDL
Number of gCells = 44800
Current Stage stats:
[End of Build Congestion Map] Elapsed real time: 0:00:00 
[End of Build Congestion Map] Elapsed cpu  time: sys=0:00:00 usr=0:00:00 total=0:00:00
[End of Build Congestion Map] Stage (MB): Used    0  Alloctr    0  Proc    0 
[End of Build Congestion Map] Total (MB): Used   28  Alloctr   29  Proc 7062 
Current Stage stats:
[End of Add Nets Demand] Elapsed real time: 0:00:00 
[End of Add Nets Demand] Elapsed cpu  time: sys=0:00:00 usr=0:00:00 total=0:00:00
[End of Add Nets Demand] Stage (MB): Used    0  Alloctr    0  Proc    0 
[End of Add Nets Demand] Total (MB): Used   28  Alloctr   29  Proc 7062 
Number of user frozen nets = 0
Total stats:
[End of Build Data] Elapsed real time: 0:00:00 
[End of Build Data] Elapsed cpu  time: sys=0:00:00 usr=0:00:00 total=0:00:00
[End of Build Data] Stage (MB): Used    3  Alloctr    3  Proc    0 
[End of Build Data] Total (MB): Used   28  Alloctr   29  Proc 7062 
Number of partitions: 1 (1 x 1)
Size of partitions: 80 gCells x 80 gCells
Current Stage stats:
[End of Blocked Pin Detection] Elapsed real time: 0:00:00 
[End of Blocked Pin Detection] Elapsed cpu  time: sys=0:00:00 usr=0:00:00 total=0:00:00
[End of Blocked Pin Detection] Stage (MB): Used  104  Alloctr  104  Proc    0 
[End of Blocked Pin Detection] Total (MB): Used  132  Alloctr  133  Proc 7062 
Information: Using 1 threads for routing. (ZRT-444)
Information: Placement fast mode ON
Information: Multiple gcell levels ON
Information: Buffer distance is estimated to be ~1185.0000um (658 gCells)

Start GR phase 0
Number of partitions: 1 (1 x 1)
Size of partitions: 80 gCells x 80 gCells
[rtAllBotParts] Elapsed real time: 0:00:00 
[rtAllBotParts] Elapsed cpu  time: sys=0:00:00 usr=0:00:00 total=0:00:00
[rtTop] Elapsed real time: 0:00:00 
[rtTop] Elapsed cpu  time: sys=0:00:00 usr=0:00:00 total=0:00:00
Current Stage stats:
[End of Initial Routing] Elapsed real time: 0:00:00 
[End of Initial Routing] Elapsed cpu  time: sys=0:00:00 usr=0:00:00 total=0:00:00
[End of Initial Routing] Stage (MB): Used    1  Alloctr    1  Proc    0 
[End of Initial Routing] Total (MB): Used  134  Alloctr  134  Proc 7062 
Initial. Routing result:
Initial. Both Dirs: Dmd-Cap  =    15 Max = 5 GRCs =    13 (0.10%)
Initial. H routing: Dmd-Cap  =     0 Max = 0 (GRCs =  0) GRCs =     0 (0.00%)
Initial. V routing: Dmd-Cap  =    15 Max = 5 (GRCs =  2) GRCs =    13 (0.20%)
Initial. Both Dirs: Overflow =  1501 Max = 9 GRCs =   715 (5.59%)
Initial. H routing: Overflow =    14 Max = 2 (GRCs =  1) GRCs =    19 (0.30%)
Initial. V routing: Overflow =  1487 Max = 9 (GRCs =  4) GRCs =   696 (10.88%)
Initial. MET1       Overflow =    13 Max = 1 (GRCs = 18) GRCs =    18 (0.28%)
Initial. MET2       Overflow =  1487 Max = 9 (GRCs =  4) GRCs =   696 (10.88%)
Initial. MET3       Overflow =     1 Max = 2 (GRCs =  1) GRCs =     1 (0.02%)
Initial. MET4       Overflow =     0 Max = 0 (GRCs =  0) GRCs =     0 (0.00%)
Initial. MET5       Overflow =     0 Max = 0 (GRCs =  0) GRCs =     0 (0.00%)
Initial. T4M2       Overflow =     0 Max = 0 (GRCs =  0) GRCs =     0 (0.00%)
Initial. RDL        Overflow =     0 Max = 0 (GRCs =  0) GRCs =     0 (0.00%)

Initial. Total Wire Length = 38120.28
Initial. Layer MET1 wire length = 644.85
Initial. Layer MET2 wire length = 12818.91
Initial. Layer MET3 wire length = 17743.44
Initial. Layer MET4 wire length = 6566.63
Initial. Layer MET5 wire length = 346.46
Initial. Layer T4M2 wire length = 0.00
Initial. Layer RDL wire length = 0.00
Initial. Total Number of Contacts = 15099
Initial. Via VIA12 count = 7926
Initial. Via VIA23 count = 6069
Initial. Via VIA34 count = 1094
Initial. Via VIA45 count = 10
Initial. Via T4M2_MET5 count = 0
Initial. Via RDL_T4M2 count = 0
Initial. completed.

Start GR phase 1
Tue Aug 18 14:57:55 2026
Number of partitions: 1 (1 x 1)
Size of partitions: 80 gCells x 80 gCells
[rtAllParts] Elapsed real time: 0:00:00 
[rtAllParts] Elapsed cpu  time: sys=0:00:00 usr=0:00:00 total=0:00:00
[updNetsDmd] Elapsed real time: 0:00:00 
[updNetsDmd] Elapsed cpu  time: sys=0:00:00 usr=0:00:00 total=0:00:00
Current Stage stats:
[End of Phase1 Routing] Elapsed real time: 0:00:00 
[End of Phase1 Routing] Elapsed cpu  time: sys=0:00:00 usr=0:00:00 total=0:00:00
[End of Phase1 Routing] Stage (MB): Used    0  Alloctr    0  Proc    0 
[End of Phase1 Routing] Total (MB): Used  134  Alloctr  135  Proc 7062 
phase1. Routing result:
phase1. Both Dirs: Dmd-Cap  =    18 Max = 4 GRCs =    13 (0.10%)
phase1. H routing: Dmd-Cap  =     0 Max = 0 (GRCs =  0) GRCs =     0 (0.00%)
phase1. V routing: Dmd-Cap  =    18 Max = 4 (GRCs =  2) GRCs =    13 (0.20%)
phase1. Both Dirs: Overflow =  1142 Max = 9 GRCs =   505 (3.95%)
phase1. H routing: Overflow =    12 Max = 1 (GRCs = 18) GRCs =    18 (0.28%)
phase1. V routing: Overflow =  1130 Max = 9 (GRCs =  1) GRCs =   487 (7.61%)
phase1. MET1       Overflow =    12 Max = 1 (GRCs = 18) GRCs =    18 (0.28%)
phase1. MET2       Overflow =  1130 Max = 9 (GRCs =  1) GRCs =   487 (7.61%)
phase1. MET3       Overflow =     0 Max = 0 (GRCs =  0) GRCs =     0 (0.00%)
phase1. MET4       Overflow =     0 Max = 0 (GRCs =  0) GRCs =     0 (0.00%)
phase1. MET5       Overflow =     0 Max = 0 (GRCs =  0) GRCs =     0 (0.00%)
phase1. T4M2       Overflow =     0 Max = 0 (GRCs =  0) GRCs =     0 (0.00%)
phase1. RDL        Overflow =     0 Max = 0 (GRCs =  0) GRCs =     0 (0.00%)

phase1. Total Wire Length = 38613.27
phase1. Layer MET1 wire length = 710.41
phase1. Layer MET2 wire length = 12188.50
phase1. Layer MET3 wire length = 17668.11
phase1. Layer MET4 wire length = 7699.80
phase1. Layer MET5 wire length = 346.46
phase1. Layer T4M2 wire length = 0.00
phase1. Layer RDL wire length = 0.00
phase1. Total Number of Contacts = 15395
phase1. Via VIA12 count = 7962
phase1. Via VIA23 count = 5956
phase1. Via VIA34 count = 1467
phase1. Via VIA45 count = 10
phase1. Via T4M2_MET5 count = 0
phase1. Via RDL_T4M2 count = 0
phase1. completed.
[End of Whole Chip Routing] Elapsed real time: 0:00:00 
[End of Whole Chip Routing] Elapsed cpu  time: sys=0:00:00 usr=0:00:00 total=0:00:00
[End of Whole Chip Routing] Stage (MB): Used  108  Alloctr  108  Proc    0 
[End of Whole Chip Routing] Total (MB): Used  134  Alloctr  135  Proc 7062 

Information: Global Routing didn't terminate early. (ZRT-103)

Congestion utilization per direction:
Average vertical track utilization   = 28.77 %
Peak    vertical track utilization   = 120.00 %
Average horizontal track utilization = 11.71 %
Peak    horizontal track utilization = 50.00 %

[End of Global Routing] Elapsed real time: 0:00:00 
[End of Global Routing] Elapsed cpu  time: sys=0:00:00 usr=0:00:00 total=0:00:00
[End of Global Routing] Stage (MB): Used  108  Alloctr  108  Proc    0 
[End of Global Routing] Total (MB): Used  133  Alloctr  134  Proc 7062 
Writing out congestion map...
Updating congestion ...
Updating congestion ...
[End of dbOut] Elapsed real time: 0:00:00 
[End of dbOut] Elapsed cpu  time: sys=0:00:00 usr=0:00:00 total=0:00:00
[End of dbOut] Stage (MB): Used  -19  Alloctr  -19  Proc    0 
[End of dbOut] Total (MB): Used   36  Alloctr   37  Proc 7062 
Using per-layer congestion maps for congestion reduction.
Information: 0.00% of design has horizontal routing density above target_routing_density of 0.80.
Information: 2.73% of design has vertical routing density above target_routing_density of 0.80.
Completed transferring placement data.
Running placement using 1 thread(s)
Information: Enhanced Auto Density Control is used. (PLACE-098)
Information: Enhanced auto density configuration is 13179.
Information: Automatic density control has selected the following settings: max_density 0.75, congestion_driven_max_util 0.91. (PLACE-027)
Information: HFW control 'on' invoked.
coarse place 100% done.
Information: Reducing cell density for 2.1% of the movable cells to alleviate congestion. This changes the average cell density in non-congested areas from 0.624 to 0.624. (PLACE-030)
CGRW: permuting timing equivalent pins only
Corner Scaling is off, multiplier is 1.000000
Warning: Technology layer 'RDL' setting 'routing-direction' is not valid (NEX-001)
ORB: timingScenario default timingCorner default
INFO: Using corner default for worst leakage corner
Using default layer MET4
new cutoff lpd: 4.91218e-07
corner scaling: maxCornerId = 0
corner=default, tran factor=1.000000 (0.208726 / 0.208726)
ORB: Nominal = 0.0399576  Design MT = inf  Target = 0.2087259 (5.224 nominal)  MaxRC = 0.111780
ORB: Fast Target = 0.083561 ( 2.091 nominal )
ORB: stageDelay=0.10345, stageLength=4528989
nplLib: default vr hor dist = 906
nplLib: default vr ver dist = 906
nplLib: default vr buf size = 6
nplLib: default vr buf size = 2

Placement Options:
Effort:                        medium_effort       
Timing Driven:                 true                
Buffering Aware Timing Driven: false               
Seed locs:                     true                
Incremental:                   false               
Congestion:                    true                
Congestion Effort:             medium              
Fix Macros:                    true                
Place Macros:                  false               
Channel Size Macros:           false               


****** eLpp estimated wire length 
9.46103% of the net wire length are clock nets
24.1736% of the clock net wire length has no activity
Clock net wire length: 4.08911e+07
Total net wire length: 4.32206e+08
****** eLpp weights (with caps)
Number of nets: 2605, of which 2574 non-clock nets
Number of nets with 0 toggle rate: 775
Max toggle rate = 2, average toggle rate = 0.00600872
Max non-clock toggle rate = 0.314872
eLpp weight range = (-3.27654e-17, 36.8467)
*** 20 nets are filtered out
Start transferring placement data.
****** Net weight manager: report ******
Weights included: eLpp  PostEffort  
Number of nets with non-default weights: 2605
Amt power = 0.1
Non-default weight range: (0.9, 8.58467)
Information: Automatic repeater spreading is enabled.
Information: Automatic timing control is enabled.
checking app option clockgate_objective_weight : none
DTDP placement: scenario=default
Warning: Technology layer 'RDL' setting 'routing-direction' is not valid (NEX-001)
Warning: Technology layer 'RDL' setting 'routing-direction' is not valid (NEX-001)
Warning: Technology layer 'RDL' setting 'routing-direction' is not valid (NEX-001)
Information: The net parasitics of block mac16 are cleared. (TIM-123)
Completed transferring placement data.
Running placement using 1 thread(s)
Information: Enhanced Auto Density Control is used. (PLACE-098)
Information: Enhanced auto density configuration is 13179.
Information: Automatic density control has selected the following settings: max_density 0.75, congestion_driven_max_util 0.91. (PLACE-027)
Information: HFW control 'on' invoked.
coarse place 40% done.
coarse place 60% done.
coarse place 80% done.
coarse place 100% done.
Information: Coarse placer weighted wire length estimate = 6.52422e+08
Information: Extraction observers are detached as design net change threshold is reached.
Completed Timing-driven placement, Elapsed time =   0: 0: 1 
Moved 1651 out of 2478 cells, ratio = 0.666263
Total displacement = 3650.968506(um)
Max displacement = 46.398602(um), HFSINV_45731_25 (56.200001, 111.199997, 6) => (68.887100, 77.488503, 6)
Displacement histogram:
  0 ~  10% cells displacement <=      0.47(um)
  0 ~  20% cells displacement <=      0.74(um)
  0 ~  30% cells displacement <=      0.98(um)
  0 ~  40% cells displacement <=      1.22(um)
  0 ~  50% cells displacement <=      1.54(um)
  0 ~  60% cells displacement <=      1.86(um)
  0 ~  70% cells displacement <=      2.30(um)
  0 ~  80% cells displacement <=      3.08(um)
  0 ~  90% cells displacement <=      4.42(um)
  0 ~ 100% cells displacement <=     46.40(um)
----------------------------------------------------------------
DFT optimization is skipped due to optimize_scan_chain being false
Information: The stitching and editing of coupling caps is turned OFF for design 'mac16_ndm:mac16.design'. (TIM-125)
Information: Design mac16 has 2607 nets, 0 global routed, 31 detail routed. (NEX-024)
Warning: Technology layer 'RDL' setting 'routing-direction' is not valid (NEX-001)
Information: The RC mode used is CTO for design 'mac16'. (NEX-022)
Information: Design Average RC for design mac16  (NEX-011)
Information: r = 0.918741 ohm/um, via_r = 0.000000 ohm/cut, c = 0.158760 ff/um, cc = 0.000000 ff/um (X dir) (NEX-017)
Information: r = 0.820126 ohm/um, via_r = 0.000000 ohm/cut, c = 0.169053 ff/um, cc = 0.000000 ff/um (Y dir) (NEX-017)
Information: Update timing completed net estimation for all the timing graph nets (TIM-111)
Information: Net estimation statistics: timing graph nets = 2605, routed nets = 31, across physical hierarchy nets = 0, parasitics cached nets = 2605, delay annotated nets = 0, parasitics annotated nets = 0, multi-voltage nets = 0. (TIM-112)
Done with post-clock timing-driven placement.
Clock-opt optimization Phase 12 Iter  2         0.00        0.00      0.84         -      11135.16      551.26        2478              0.02      1801
Clock-opt optimization Phase 12 Iter  3         0.00        0.00      0.84         -      11135.16      551.26        2478              0.02      1801
Information: Initializing classic cellmap without advanced rules enabled and without PDC enabled
Information: The following app options are used in cellmap
        place.legalize.enable_color_aware_placement : false
        place.legalize.use_nll_query_cm : false
        place.legalize.enable_advanced_legalizer : false
        place.legalize.enable_prerouted_net_check : true
        place.legalize.enable_advanced_prerouted_net_check : false
        place.legalize.always_continue : true
        place.legalize.limit_legality_checks : false
        place.common.pnet_aware_density : 1.0000
        place.common.pnet_aware_min_width : 0.0000
        place.common.pnet_aware_layers : {}
        place.common.use_placement_model : false
        place.common.enable_advanced_placement_model : true
        cts.placement.cell_spacing_rule_style : maximum
Total 0.0123 seconds to build cellmap data
INFO: creating 27(r) x 27(c) GridCells YDim 5.4 XDim 5.4
INFO: number of GridCells (0xaaa72380): 729
INFO: creating 27(r) x 27(c) GridCells YDim 5.4 XDim 5.4
INFO: number of GridCells (0xaaa72380): 729
Total 0.0131 seconds to load 2478 cell instances into cellmap, 1650 cells are off site row
Moveable cells: 2448; Application fixed cells: 30; Macro cells: 0; User fixed cells: 0
0 out of 2592 data nets is detail routed, 31 out of 31 clock nets are detail routed and total 2623 nets have been analyzed
Only clock route nets/shapes. Estimated current stage is after clock detail route stage
Average cell width 2.4964, cell height 1.8000, cell area 4.4936 for total 2478 placed and application fixed cells
Clock-opt optimization Phase 12 Iter  4         0.00        0.00      0.84         -      11135.16      551.26        2478              0.02      1801
Number of Site types in the design = 1
INFO: total number of constant pins: 34
INFO: constant pins which are scan-pins: 0
INFO: constant pins that are not scan-pins: 34
Added 0 tie-hi cells
Added 5 tie-low cells
Clock-opt optimization Phase 12 Iter  5         0.00        0.00      0.84         -      11135.16      551.26        2478              0.02      1801
Running post-clock legalization after dtdp.
----------------------------------------------------------------
Running legalize_placement
Information: Initializing classic cellmap without advanced rules enabled and without PDC enabled
Information: The following app options are used in cellmap
        place.legalize.enable_color_aware_placement : false
        place.legalize.use_nll_query_cm : false
        place.legalize.enable_advanced_legalizer : false
        place.legalize.enable_prerouted_net_check : true
        place.legalize.enable_advanced_prerouted_net_check : false
        place.legalize.always_continue : true
        place.legalize.limit_legality_checks : false
        place.common.pnet_aware_density : 1.0000
        place.common.pnet_aware_min_width : 0.0000
        place.common.pnet_aware_layers : {}
        place.common.use_placement_model : false
        place.common.enable_advanced_placement_model : true
        cts.placement.cell_spacing_rule_style : maximum
Total 0.0128 seconds to build cellmap data
INFO: creating 16(r) x 16(c) GridCells YDim 9 XDim 9
INFO: number of GridCells (0xa4015c00): 256
INFO: creating 16(r) x 16(c) GridCells YDim 9 XDim 9
INFO: number of GridCells (0xa4015c00): 256
Total 0.0135 seconds to load 2478 cell instances into cellmap, 1645 cells are off site row
Moveable cells: 2448; Application fixed cells: 30; Macro cells: 0; User fixed cells: 0
0 out of 2596 data nets is detail routed, 31 out of 31 clock nets are detail routed and total 2627 nets have been analyzed
Only clock route nets/shapes. Estimated current stage is after clock detail route stage
Average cell width 2.4964, cell height 1.8000, cell area 4.4936 for total 2478 placed and application fixed cells
Start Legalization
nplDplc2Placer::setParam(effort,1)
nplDplc2Placer::setParam(debug,0)
nplDplc2Placer::setParam(site_check,2)
nplDplc2Placer::setParam(app_firm_wgt,0)
Warning: Routing direction of metal layer POLY is neither "horizontal" nor "vertical".  PDC checks will not be performed on this layer. (PDC-003)
Warning: Routing direction of metal layer RDL is neither "horizontal" nor "vertical".  PDC checks will not be performed on this layer. (PDC-003)
PDC app_options settings =========
	place.legalize.enable_prerouted_net_check: 1
	place.legalize.num_tracks_for_access_check: 1
	place.legalize.use_eol_spacing_for_access_check: 0
	place.legalize.allow_touch_track_for_access_check: 1
	place.legalize.reduce_conservatism_in_eol_check: 0
	place.legalize.preroute_shape_merge_distance: 0.0
	place.legalize.enable_non_preferred_direction_span_check: 0

Layer MET1: cached 0 shapes out of 113 total shapes.
Layer MET2: cached 0 shapes out of 1236 total shapes.
Cached 0 vias out of 2810 total vias.

Legalizing Top Level Design mac16 ... 
Information: Initializing classic cellmap without advanced rules enabled and without PDC enabled
Information: The following app options are used in cellmap
        place.legalize.enable_color_aware_placement : false
        place.legalize.use_nll_query_cm : false
        place.legalize.enable_advanced_legalizer : false
        place.legalize.enable_prerouted_net_check : true
        place.legalize.enable_advanced_prerouted_net_check : false
        place.legalize.always_continue : true
        place.legalize.limit_legality_checks : false
        place.common.pnet_aware_density : 1.0000
        place.common.pnet_aware_min_width : 0.0000
        place.common.pnet_aware_layers : {}
        place.common.use_placement_model : false
        place.common.enable_advanced_placement_model : true
        cts.placement.cell_spacing_rule_style : maximum
Total 0.0118 seconds to build cellmap data
Information: Creating classic rule checker.
Warning: Routing direction of metal layer POLY is neither "horizontal" nor "vertical".  PDC checks will not be performed on this layer. (PDC-003)
Warning: Routing direction of metal layer RDL is neither "horizontal" nor "vertical".  PDC checks will not be performed on this layer. (PDC-003)
=====> Processed 129 ref cells (0 fillers) from library

Bounds/Regions In This Design:
        Area    Num Cells  Exclusive Name
 (square um)
     17848.8         2478        Yes DEFAULT_VA

Starting legalizer.
Warning: Exclusive bound 'DEFAULT' has no cells.
Optimizing Exclusive Bound 'DEFAULT_VA' (2/2)
    Done Exclusive Bound 'DEFAULT_VA' (2/2) (0 sec)
Legalization complete (0 total sec)

****************************************
  Report : Placement Attempts
  Site   : core9
****************************************

number of cells:                   2478
number of references:               129
number of site rows:                 74
number of locations attempted:    49677
number of locations failed:           0  (0.0%)

Legality of references at locations:
0 references had failures.

Legality of references in rows:
0 references had row failures.

****************************************
  Report : Cell Displacements
****************************************

number of cells aggregated:        2448 (30703 total sites)
avg row height over cells:        1.800 um
rms cell displacement:            0.307 um ( 0.17 row height)
rms weighted cell displacement:   0.307 um ( 0.17 row height)
max cell displacement:            1.400 um ( 0.78 row height)
avg cell displacement:            0.161 um ( 0.09 row height)
avg weighted cell displacement:   0.161 um ( 0.09 row height)
number of cells moved:             1656
number of large displacements:        0
large displacement threshold:     3.000 row height

Displacements of worst 10 cells:
Cell: optlc_1306 (TIELOX1H9R)
  Input location: (103.2,95)
  Legal location: (101.8,95)
  Displacement:   1.400 um ( 0.78 row height)
Cell: U2342 (NAND2X0P5H9R)
  Input location: (24.4779,97.744)
  Legal location: (25.2,98.6)
  Displacement:   1.120 um ( 0.62 row height)
Cell: U1502 (NOR2X0P5H9R)
  Input location: (72.2909,54.8427)
  Legal location: (71.4,55.4)
  Displacement:   1.051 um ( 0.58 row height)
Cell: ctmTdsLR_1_520 (NAND2BX1H9R)
  Input location: (111.943,88.8091)
  Legal location: (112.6,89.6)
  Displacement:   1.028 um ( 0.57 row height)
Cell: U1638 (NOR2X1P4H9R)
  Input location: (120.415,110.384)
  Legal location: (120.2,109.4)
  Displacement:   1.007 um ( 0.56 row height)
Cell: U1874 (OAI21X0P5H9R)
  Input location: (111.692,59.991)
  Legal location: (111.8,59)
  Displacement:   0.997 um ( 0.55 row height)
Cell: U2228 (AOI22X0P5H9R)
  Input location: (34.6712,25.6202)
  Legal location: (34.8,26.6)
  Displacement:   0.988 um ( 0.55 row height)
Cell: U1152 (XNOR2X0P7H9R)
  Input location: (99.2304,101.295)
  Legal location: (99.6,102.2)
  Displacement:   0.978 um ( 0.54 row height)
Cell: u_mac16_top/clk_gate_result_fifo_reg[3]/test_or (OR2X0P5H9R)
  Input location: (73.4772,43.6506)
  Legal location: (73,42.8)
  Displacement:   0.975 um ( 0.54 row height)
Cell: U1412 (NAND2X0P5H9R)
  Input location: (68.109,31.0835)
  Legal location: (67.8,32)
  Displacement:   0.967 um ( 0.54 row height)

Information: Extraction observers are detached as design net change threshold is reached.
Completed Legalization, Elapsed time =   0: 0: 0 
Moved 1657 out of 2478 cells, ratio = 0.668684
Total displacement = 766.737610(um)
Max displacement = 1.578100(um), U2342 (24.477900, 99.543999, 4) => (25.200001, 100.400002, 4)
Displacement histogram:
  0 ~  10% cells displacement <=      0.08(um)
  0 ~  20% cells displacement <=      0.15(um)
  0 ~  30% cells displacement <=      0.24(um)
  0 ~  40% cells displacement <=      0.32(um)
  0 ~  50% cells displacement <=      0.42(um)
  0 ~  60% cells displacement <=      0.52(um)
  0 ~  70% cells displacement <=      0.65(um)
  0 ~  80% cells displacement <=      0.77(um)
  0 ~  90% cells displacement <=      0.88(um)
  0 ~ 100% cells displacement <=      1.58(um)
Information: The net parasitics of block mac16 are cleared. (TIM-123)
Legalization succeeded.
----------------------------------------------------------------
Information: The stitching and editing of coupling caps is turned OFF for design 'mac16_ndm:mac16.design'. (TIM-125)
Information: Design mac16 has 2607 nets, 0 global routed, 31 detail routed. (NEX-024)
Warning: Technology layer 'RDL' setting 'routing-direction' is not valid (NEX-001)
Information: The RC mode used is CTO for design 'mac16'. (NEX-022)
Information: Design Average RC for design mac16  (NEX-011)
Information: r = 0.918741 ohm/um, via_r = 0.000000 ohm/cut, c = 0.158760 ff/um, cc = 0.000000 ff/um (X dir) (NEX-017)
Information: r = 0.820126 ohm/um, via_r = 0.000000 ohm/cut, c = 0.169053 ff/um, cc = 0.000000 ff/um (Y dir) (NEX-017)
Information: Update timing completed net estimation for all the timing graph nets (TIM-111)
Information: Net estimation statistics: timing graph nets = 2605, routed nets = 31, across physical hierarchy nets = 0, parasitics cached nets = 2605, delay annotated nets = 0, parasitics annotated nets = 0, multi-voltage nets = 0. (TIM-112)
Warning: Technology layer 'RDL' setting 'routing-direction' is not valid (NEX-001)
Warning: Technology layer 'RDL' setting 'routing-direction' is not valid (NEX-001)

Information: Initializing classic cellmap without advanced rules enabled and without PDC enabled
Information: The following app options are used in cellmap
        place.legalize.enable_color_aware_placement : false
        place.legalize.use_nll_query_cm : false
        place.legalize.enable_advanced_legalizer : false
        place.legalize.enable_prerouted_net_check : true
        place.legalize.enable_advanced_prerouted_net_check : false
        place.legalize.always_continue : true
        place.legalize.limit_legality_checks : false
        place.common.pnet_aware_density : 1.0000
        place.common.pnet_aware_min_width : 0.0000
        place.common.pnet_aware_layers : {}
        place.common.use_placement_model : false
        place.common.enable_advanced_placement_model : true
        cts.placement.cell_spacing_rule_style : maximum
Total 0.0119 seconds to build cellmap data
INFO: creating 27(r) x 27(c) GridCells YDim 5.4 XDim 5.4
INFO: number of GridCells (0xaaa72380): 729
INFO: creating 27(r) x 27(c) GridCells YDim 5.4 XDim 5.4
INFO: number of GridCells (0xaaa72380): 729
Total 0.0137 seconds to load 2478 cell instances into cellmap
Moveable cells: 2448; Application fixed cells: 30; Macro cells: 0; User fixed cells: 0
0 out of 2596 data nets is detail routed, 31 out of 31 clock nets are detail routed and total 2627 nets have been analyzed
Only clock route nets/shapes. Estimated current stage is after clock detail route stage
Average cell width 2.4964, cell height 1.8000, cell area 4.4936 for total 2478 placed and application fixed cells
Clock-opt optimization Phase 13 Iter  1         0.02        0.02      0.84         2      11135.16      551.19        2478              0.02      1801

Number of Site types in the design = 1
Setting up Chip Core
Chip Core shape: (50000 50000) (1390000 1382000)
Number of VARs = 1
Number of unique PDs = 1
Number of Power Domains = 1
Number of Voltage Areas = 1
Number of supply Nets = 2
Number of used supplies = 0
Blocked VAs: 
INFO: Running FTB cleanup in end of npo flow.
Enable dominated scenarios


INFO: place.legalize.enable_advanced_legalizer not set - need to revert CLO
INFO: First Clock-opt did not mark run with CLO enabled/disabled property
INFO: Concurrent Legalization and Optimization (CLO) Reverted
INFO: Propagating Switching Activities
INFO: Switching Activity propagation took     0.00043 sec
INFO: Propagating Switching Activity for all power flows 
Information: The netlist change observers are disabled for incremental extraction. (TIM-126)
INFO: place.legalize.enable_advanced_legalizer not set - need to revert CLO
INFO: First Clock-opt did not mark run with CLO enabled/disabled property
Clock-opt optimization summary            SETUP-COST    R2R-COST HOLD-COST LDRC-COST          AREA     LEAKAGE     INSTCNT            ELAPSE       MEM
runtime_assert false
enhanced site row merge :  1
Key: core9, value: 0x9e4aa2d0
Number of Site types in the design = 1
Setting up Chip Core
Chip Core shape: (50000 50000) (1390000 1382000)
Preroute opto area query mode: NDM
Using CLEO = true
Summary: is MV Ready (has MV info... UPF or derived)
Summary: design is not hierarchical
Voltage Area: id=0, index=0, name=DEFAULT_VA, is default, domain=DEFAULT_POWER_DOMAIN, scopeHier=, psn=VDD;
Number of VARs = 1
Number of unique PDs = 1
Number of Power Domains = 1
Number of Voltage Areas = 1
Number of supply Nets = 2
Number of used supplies = 0
Setup Voltages:
  Supply Net = VDD, voltages =  1.2000
  Supply Net = VSS, voltages = 
Hold Voltages:
  Supply Net = VDD, voltages =  1.2000
  Supply Net = VSS, voltages = 
Unique Voltages in Design:  1.2000
Default Voltage Area = DEFAULT_VA
Blocked VAs: 
{_snps_autoNdr_power}
INFO: place.legalize.enable_advanced_legalizer not set - need to revert CLO
INFO: First Clock-opt did not mark run with CLO enabled/disabled property

Clock-opt optimization Phase 17 Iter  1         0.02        0.02      0.84         2      11135.16      551.19        2478              0.03      1801
Information: The netlist change observers are enabled for incremental extraction. (TIM-127)
INFO: Running refresh_performance_via_ladder_constraints
INFO: Running refresh_via_ladders
Warning: Please run the command "check_routability" before running Zroute commands. (ZRT-762)
Information: The net parasitics of block mac16 are cleared. (TIM-123)
No cell change area manager for zroute
Start Global Route ... 
[Init] Elapsed real time: 0:00:00 
[Init] Elapsed cpu  time: sys=0:00:00 usr=0:00:00 total=0:00:00
[Init] Stage (MB): Used    0  Alloctr    0  Proc    0 
[Init] Total (MB): Used    7  Alloctr    7  Proc 7062 
Printing options for 'route.common.*'
common.verbose_level                                    :	 0                   

Printing options for 'route.global.*'
global.crosstalk_driven                                 :	 false               
global.force_rerun_after_global_route_opt               :	 true                
global.timing_driven                                    :	 false               

Begin global routing.
Warning: Layer RDL does not have a preferred direction, assigning to horizontal. (ZRT-025)
Cell Min-Routing-Layer = MET1
Cell Max-Routing-Layer = T4M2
Turn off antenna since no rule is specified
Information: Option route.detail.force_end_on_preferred_grid will be ignored since none of the layers have preferred grid. (ZRT-703)
Warning: Port mode of cell mac16
        is unplaced.  This may impact routing result. (ZRT-740)
Warning: Port inA of cell mac16
        is unplaced.  This may impact routing result. (ZRT-740)
Warning: Port inB of cell mac16
        is unplaced.  This may impact routing result. (ZRT-740)
Warning: Port in_ready of cell mac16
        is unplaced.  This may impact routing result. (ZRT-740)
Warning: Port clk of cell mac16
        is unplaced.  This may impact routing result. (ZRT-740)
Warning: Port rst_n of cell mac16
        is unplaced.  This may impact routing result. (ZRT-740)
Warning: Port sum_out of cell mac16
        is unplaced.  This may impact routing result. (ZRT-740)
Warning: Port carry of cell mac16
        is unplaced.  This may impact routing result. (ZRT-740)
Warning: Port out_ready of cell mac16
        is unplaced.  This may impact routing result. (ZRT-740)
Warning: Port VDD of cell mac16
        is unplaced.  This may impact routing result. (ZRT-740)
Warning: Port VSS of cell mac16
        is unplaced.  This may impact routing result. (ZRT-740)
Warning: Ignore 11 top cell ports with no pins. (ZRT-027)
Info: number of net_type_blockage: 0 
Information: Via ladder engine would be activated for pattern must join connection in certain commands. Please refer to man-page for the command list. (ZRT-619)
Wire on layer (MET2) needs more than one tracks
Via on layer (VIA1) needs more than one tracks
Via on layer (VIA2) needs more than one tracks
Warning: Layer MET2 default pitch 0.200 may be too small to handle up/down via. Note, that minimum requirements are "wire/via-down 0.215" & "wire/via-up 0.225". (ZRT-026)
Wire on layer (MET4) needs more than one tracks
Via on layer (VIA3) needs more than one tracks
Via on layer (VIA4) needs more than one tracks
Warning: Layer MET4 default pitch 0.200 may be too small to handle up/down via. Note, that minimum requirements are "wire/via-down 0.215" & "wire/via-up 0.225". (ZRT-026)
Via on layer (T4V2) needs more than one tracks
Warning: Layer MET5 default pitch 0.200 may be too small to handle up/down via. Note, that minimum requirements are "wire/via-down 0.200" & "wire/via-up 0.380". (ZRT-026)
Via on layer (RV) needs more than one tracks
Warning: Layer T4M2 default pitch 0.800 may be too small to handle up/down via. Note, that minimum requirements are "wire/via-down 0.800" & "wire/via-up 3.600". (ZRT-026)
Via on layer (RV) needs more than one tracks
Warning: Layer RDL default pitch 5.000 may be too small to handle up/down via. Note, that minimum requirements are "wire/via-down 6.500" & "wire/via-up 5.000". (ZRT-026)
Transition layer name: MET2(1)
Transition layer name: MET4(3)
Information: When applicable Min-max layer allow_pin_connection mode will allow paths of length 2.97 outside the layer range. (ZRT-707)
Information: When applicable Min-max layer allow_pin_connection mode will allow paths of length 2.97 outside the layer range on clock nets. (ZRT-718)
Information: When applicable layer based tapering will taper up to 0.00 in distance from the pin. (ZRT-706)
Current Stage stats:
[End of Read DB] Elapsed real time: 0:00:00 
[End of Read DB] Elapsed cpu  time: sys=0:00:00 usr=0:00:00 total=0:00:00
[End of Read DB] Stage (MB): Used   18  Alloctr   18  Proc    0 
[End of Read DB] Total (MB): Used   25  Alloctr   26  Proc 7062 
Constructing data structure ...
Design statistics:
Design Bounding Box (0.00um,0.00um,144.00um,143.20um)
Number of routing layers = 7
layer MET1, dir Hor, min width = 0.09um, min space = 0.09um pitch = 0.18um
layer MET2, dir Ver, min width = 0.1um, min space = 0.1um pitch = 0.2um
layer MET3, dir Hor, min width = 0.1um, min space = 0.1um pitch = 0.2um
layer MET4, dir Ver, min width = 0.1um, min space = 0.1um pitch = 0.2um
layer MET5, dir Hor, min width = 0.1um, min space = 0.1um pitch = 0.2um
layer T4M2, dir Ver, min width = 0.4um, min space = 0.4um pitch = 0.8um
layer RDL, dir Hor, min width = 3um, min space = 2um pitch = 5um
Current Stage stats:
[End of Build Tech Data] Elapsed real time: 0:00:00 
[End of Build Tech Data] Elapsed cpu  time: sys=0:00:00 usr=0:00:00 total=0:00:00
[End of Build Tech Data] Stage (MB): Used    1  Alloctr    1  Proc    0 
[End of Build Tech Data] Total (MB): Used   26  Alloctr   27  Proc 7062 
Net statistics:
Total number of nets     = 2607
Number of nets to route  = 2575
Number of single or zero port nets = 2
Number of nets with min-layer-mode soft = 19
Number of nets with min-layer-mode soft-cost-low = 19
3 nets are partially connected,
 of which 3 are detail routed and 0 are global routed.
30 nets are fully connected,
 of which 30 are detail routed and 0 are global routed.
Net length statistics: 
Net Count(Ignore Fully Rted) 2575, Total Half Perimeter Wire Length (HPWL) 39449 microns
HPWL   0 ~   50 microns: Net Count     2422	Total HPWL        29469 microns
HPWL  50 ~  100 microns: Net Count      145	Total HPWL         9023 microns
HPWL 100 ~  200 microns: Net Count        8	Total HPWL          957 microns
HPWL 200 ~  300 microns: Net Count        0	Total HPWL            0 microns
HPWL 300 ~  400 microns: Net Count        0	Total HPWL            0 microns
HPWL 400 ~  500 microns: Net Count        0	Total HPWL            0 microns
HPWL 500 ~  600 microns: Net Count        0	Total HPWL            0 microns
HPWL 600 ~  700 microns: Net Count        0	Total HPWL            0 microns
HPWL 700 ~  800 microns: Net Count        0	Total HPWL            0 microns
HPWL 800 ~  900 microns: Net Count        0	Total HPWL            0 microns
HPWL 900 ~ 1000 microns: Net Count        0	Total HPWL            0 microns
HPWL     > 1000 microns: Net Count        0	Total HPWL            0 microns
Current Stage stats:
[End of Build All Nets] Elapsed real time: 0:00:00 
[End of Build All Nets] Elapsed cpu  time: sys=0:00:00 usr=0:00:00 total=0:00:00
[End of Build All Nets] Stage (MB): Used    1  Alloctr    1  Proc    0 
[End of Build All Nets] Total (MB): Used   28  Alloctr   29  Proc 7062 
Number of partitions: 1 (1 x 1)
Size of partitions: 80 gCells x 80 gCells
Average gCell capacity  3.16	 on layer (1)	 MET1
Average gCell capacity  8.99	 on layer (2)	 MET2
Average gCell capacity  8.38	 on layer (3)	 MET3
Average gCell capacity  8.97	 on layer (4)	 MET4
Average gCell capacity  8.91	 on layer (5)	 MET5
Average gCell capacity  2.06	 on layer (6)	 T4M2
Average gCell capacity  0.34	 on layer (7)	 RDL
Average number of tracks per gCell 9.95	 on layer (1)	 MET1
Average number of tracks per gCell 9.01	 on layer (2)	 MET2
Average number of tracks per gCell 8.96	 on layer (3)	 MET3
Average number of tracks per gCell 9.01	 on layer (4)	 MET4
Average number of tracks per gCell 8.96	 on layer (5)	 MET5
Average number of tracks per gCell 2.25	 on layer (6)	 T4M2
Average number of tracks per gCell 0.36	 on layer (7)	 RDL
Number of gCells = 44800
Current Stage stats:
[End of Build Congestion Map] Elapsed real time: 0:00:00 
[End of Build Congestion Map] Elapsed cpu  time: sys=0:00:00 usr=0:00:00 total=0:00:00
[End of Build Congestion Map] Stage (MB): Used    0  Alloctr    0  Proc    0 
[End of Build Congestion Map] Total (MB): Used   29  Alloctr   30  Proc 7062 
Current Stage stats:
[End of Add Nets Demand] Elapsed real time: 0:00:00 
[End of Add Nets Demand] Elapsed cpu  time: sys=0:00:00 usr=0:00:00 total=0:00:00
[End of Add Nets Demand] Stage (MB): Used    0  Alloctr    0  Proc    0 
[End of Add Nets Demand] Total (MB): Used   29  Alloctr   30  Proc 7062 
Number of user frozen nets = 0
Total stats:
[End of Build Data] Elapsed real time: 0:00:00 
[End of Build Data] Elapsed cpu  time: sys=0:00:00 usr=0:00:00 total=0:00:00
[End of Build Data] Stage (MB): Used    3  Alloctr    3  Proc    0 
[End of Build Data] Total (MB): Used   29  Alloctr   30  Proc 7062 
Number of partitions: 1 (1 x 1)
Size of partitions: 80 gCells x 80 gCells
Current Stage stats:
[End of Blocked Pin Detection] Elapsed real time: 0:00:00 
[End of Blocked Pin Detection] Elapsed cpu  time: sys=0:00:00 usr=0:00:00 total=0:00:00
[End of Blocked Pin Detection] Stage (MB): Used  176  Alloctr  176  Proc    0 
[End of Blocked Pin Detection] Total (MB): Used  205  Alloctr  206  Proc 7062 
Information: Using 1 threads for routing. (ZRT-444)
Information: Multiple gcell levels ON
Information: Buffer distance is estimated to be ~1185.0000um (658 gCells)

Start GR phase 0
Number of partitions: 1 (1 x 1)
Size of partitions: 80 gCells x 80 gCells
[rtAllBotParts] Elapsed real time: 0:00:00 
[rtAllBotParts] Elapsed cpu  time: sys=0:00:00 usr=0:00:00 total=0:00:00
[rtTop] Elapsed real time: 0:00:00 
[rtTop] Elapsed cpu  time: sys=0:00:00 usr=0:00:00 total=0:00:00
Current Stage stats:
[End of Initial Routing] Elapsed real time: 0:00:00 
[End of Initial Routing] Elapsed cpu  time: sys=0:00:00 usr=0:00:00 total=0:00:00
[End of Initial Routing] Stage (MB): Used    1  Alloctr    1  Proc    0 
[End of Initial Routing] Total (MB): Used  206  Alloctr  207  Proc 7062 
Initial. Routing result:
Initial. Both Dirs: Dmd-Cap  =    24 Max =  7 GRCs =    13 (0.10%)
Initial. H routing: Dmd-Cap  =     0 Max =  0 (GRCs =  0) GRCs =     0 (0.00%)
Initial. V routing: Dmd-Cap  =    24 Max =  7 (GRCs =  1) GRCs =    13 (0.20%)
Initial. Both Dirs: Overflow =  1114 Max = 10 GRCs =   703 (5.49%)
Initial. H routing: Overflow =    29 Max =  1 (GRCs = 46) GRCs =    46 (0.72%)
Initial. V routing: Overflow =  1085 Max = 10 (GRCs =  2) GRCs =   657 (10.27%)
Initial. MET1       Overflow =    29 Max =  1 (GRCs = 44) GRCs =    44 (0.69%)
Initial. MET2       Overflow =  1085 Max = 10 (GRCs =  2) GRCs =   657 (10.27%)
Initial. MET3       Overflow =     0 Max =  1 (GRCs =  2) GRCs =     2 (0.03%)
Initial. MET4       Overflow =     0 Max =  0 (GRCs =  0) GRCs =     0 (0.00%)
Initial. MET5       Overflow =     0 Max =  0 (GRCs =  0) GRCs =     0 (0.00%)
Initial. T4M2       Overflow =     0 Max =  0 (GRCs =  0) GRCs =     0 (0.00%)
Initial. RDL        Overflow =     0 Max =  0 (GRCs =  0) GRCs =     0 (0.00%)

Initial. Total Wire Length = 38114.05
Initial. Layer MET1 wire length = 627.06
Initial. Layer MET2 wire length = 12089.06
Initial. Layer MET3 wire length = 17736.92
Initial. Layer MET4 wire length = 7307.51
Initial. Layer MET5 wire length = 301.61
Initial. Layer T4M2 wire length = 51.91
Initial. Layer RDL wire length = 0.00
Initial. Total Number of Contacts = 15309
Initial. Via VIA12 count = 8008
Initial. Via VIA23 count = 6030
Initial. Via VIA34 count = 1259
Initial. Via VIA45 count = 10
Initial. Via T4M2_MET5 count = 2
Initial. Via RDL_T4M2 count = 0
Initial. completed.

Start GR phase 1
Tue Aug 18 14:57:58 2026
Number of partitions: 1 (1 x 1)
Size of partitions: 80 gCells x 80 gCells
[rtAllParts] Elapsed real time: 0:00:00 
[rtAllParts] Elapsed cpu  time: sys=0:00:00 usr=0:00:00 total=0:00:00
Current Stage stats:
[End of Phase1 Routing] Elapsed real time: 0:00:00 
[End of Phase1 Routing] Elapsed cpu  time: sys=0:00:00 usr=0:00:00 total=0:00:00
[End of Phase1 Routing] Stage (MB): Used    0  Alloctr    0  Proc    0 
[End of Phase1 Routing] Total (MB): Used  206  Alloctr  207  Proc 7062 
phase1. Routing result:
phase1. Both Dirs: Dmd-Cap  =    17 Max = 4 GRCs =    10 (0.08%)
phase1. H routing: Dmd-Cap  =     0 Max = 0 (GRCs =  0) GRCs =     0 (0.00%)
phase1. V routing: Dmd-Cap  =    17 Max = 4 (GRCs =  1) GRCs =    10 (0.16%)
phase1. Both Dirs: Overflow =   849 Max = 9 GRCs =   564 (4.41%)
phase1. H routing: Overflow =    33 Max = 1 (GRCs = 53) GRCs =    53 (0.83%)
phase1. V routing: Overflow =   816 Max = 9 (GRCs =  5) GRCs =   511 (7.98%)
phase1. MET1       Overflow =    33 Max = 1 (GRCs = 53) GRCs =    53 (0.83%)
phase1. MET2       Overflow =   816 Max = 9 (GRCs =  5) GRCs =   511 (7.98%)
phase1. MET3       Overflow =     0 Max = 0 (GRCs =  0) GRCs =     0 (0.00%)
phase1. MET4       Overflow =     0 Max = 0 (GRCs =  0) GRCs =     0 (0.00%)
phase1. MET5       Overflow =     0 Max = 0 (GRCs =  0) GRCs =     0 (0.00%)
phase1. T4M2       Overflow =     0 Max = 0 (GRCs =  0) GRCs =     0 (0.00%)
phase1. RDL        Overflow =     0 Max = 0 (GRCs =  0) GRCs =     0 (0.00%)

phase1. Total Wire Length = 38407.57
phase1. Layer MET1 wire length = 689.00
phase1. Layer MET2 wire length = 11759.83
phase1. Layer MET3 wire length = 17634.68
phase1. Layer MET4 wire length = 7970.55
phase1. Layer MET5 wire length = 301.61
phase1. Layer T4M2 wire length = 51.91
phase1. Layer RDL wire length = 0.00
phase1. Total Number of Contacts = 15504
phase1. Via VIA12 count = 8044
phase1. Via VIA23 count = 5940
phase1. Via VIA34 count = 1508
phase1. Via VIA45 count = 10
phase1. Via T4M2_MET5 count = 2
phase1. Via RDL_T4M2 count = 0
phase1. completed.

Start GR phase 2
Tue Aug 18 14:57:58 2026
Number of partitions: 1 (1 x 1)
Size of partitions: 80 gCells x 80 gCells
[rtAllParts] Elapsed real time: 0:00:00 
[rtAllParts] Elapsed cpu  time: sys=0:00:00 usr=0:00:00 total=0:00:00
[updNetsDmd] Elapsed real time: 0:00:00 
[updNetsDmd] Elapsed cpu  time: sys=0:00:00 usr=0:00:00 total=0:00:00
Current Stage stats:
[End of Phase2 Routing] Elapsed real time: 0:00:00 
[End of Phase2 Routing] Elapsed cpu  time: sys=0:00:00 usr=0:00:00 total=0:00:00
[End of Phase2 Routing] Stage (MB): Used    0  Alloctr    0  Proc    0 
[End of Phase2 Routing] Total (MB): Used  206  Alloctr  207  Proc 7062 
phase2. Routing result:
phase2. Both Dirs: Dmd-Cap  =    17 Max = 4 GRCs =     9 (0.07%)
phase2. H routing: Dmd-Cap  =     0 Max = 0 (GRCs =  0) GRCs =     0 (0.00%)
phase2. V routing: Dmd-Cap  =    17 Max = 4 (GRCs =  2) GRCs =     9 (0.14%)
phase2. Both Dirs: Overflow =   772 Max = 9 GRCs =   451 (3.52%)
phase2. H routing: Overflow =    24 Max = 1 (GRCs = 41) GRCs =    41 (0.64%)
phase2. V routing: Overflow =   748 Max = 9 (GRCs =  1) GRCs =   410 (6.41%)
phase2. MET1       Overflow =    24 Max = 1 (GRCs = 41) GRCs =    41 (0.64%)
phase2. MET2       Overflow =   748 Max = 9 (GRCs =  1) GRCs =   410 (6.41%)
phase2. MET3       Overflow =     0 Max = 0 (GRCs =  0) GRCs =     0 (0.00%)
phase2. MET4       Overflow =     0 Max = 0 (GRCs =  0) GRCs =     0 (0.00%)
phase2. MET5       Overflow =     0 Max = 0 (GRCs =  0) GRCs =     0 (0.00%)
phase2. T4M2       Overflow =     0 Max = 0 (GRCs =  0) GRCs =     0 (0.00%)
phase2. RDL        Overflow =     0 Max = 0 (GRCs =  0) GRCs =     0 (0.00%)

phase2. Total Wire Length = 38584.12
phase2. Layer MET1 wire length = 696.83
phase2. Layer MET2 wire length = 11701.95
phase2. Layer MET3 wire length = 17649.52
phase2. Layer MET4 wire length = 8182.30
phase2. Layer MET5 wire length = 301.61
phase2. Layer T4M2 wire length = 51.91
phase2. Layer RDL wire length = 0.00
phase2. Total Number of Contacts = 15575
phase2. Via VIA12 count = 8050
phase2. Via VIA23 count = 5927
phase2. Via VIA34 count = 1586
phase2. Via VIA45 count = 10
phase2. Via T4M2_MET5 count = 2
phase2. Via RDL_T4M2 count = 0
phase2. completed.

Start GR phase 3
Tue Aug 18 14:57:58 2026
Number of partitions: 1 (1 x 1)
Size of partitions: 80 gCells x 80 gCells
[rtAllParts] Elapsed real time: 0:00:00 
[rtAllParts] Elapsed cpu  time: sys=0:00:00 usr=0:00:00 total=0:00:00
[updNetsDmd] Elapsed real time: 0:00:00 
[updNetsDmd] Elapsed cpu  time: sys=0:00:00 usr=0:00:00 total=0:00:00
Current Stage stats:
[End of Phase3 Routing] Elapsed real time: 0:00:00 
[End of Phase3 Routing] Elapsed cpu  time: sys=0:00:00 usr=0:00:00 total=0:00:00
[End of Phase3 Routing] Stage (MB): Used    0  Alloctr    0  Proc    0 
[End of Phase3 Routing] Total (MB): Used  206  Alloctr  207  Proc 7062 
phase3. Routing result:
phase3. Both Dirs: Dmd-Cap  =    18 Max = 4 GRCs =     9 (0.07%)
phase3. H routing: Dmd-Cap  =     0 Max = 0 (GRCs =  0) GRCs =     0 (0.00%)
phase3. V routing: Dmd-Cap  =    18 Max = 4 (GRCs =  2) GRCs =     9 (0.14%)
phase3. Both Dirs: Overflow =   756 Max = 9 GRCs =   430 (3.36%)
phase3. H routing: Overflow =    21 Max = 1 (GRCs = 38) GRCs =    38 (0.59%)
phase3. V routing: Overflow =   734 Max = 9 (GRCs =  1) GRCs =   392 (6.12%)
phase3. MET1       Overflow =    21 Max = 1 (GRCs = 38) GRCs =    38 (0.59%)
phase3. MET2       Overflow =   734 Max = 9 (GRCs =  1) GRCs =   392 (6.12%)
phase3. MET3       Overflow =     0 Max = 0 (GRCs =  0) GRCs =     0 (0.00%)
phase3. MET4       Overflow =     0 Max = 0 (GRCs =  0) GRCs =     0 (0.00%)
phase3. MET5       Overflow =     0 Max = 0 (GRCs =  0) GRCs =     0 (0.00%)
phase3. T4M2       Overflow =     0 Max = 0 (GRCs =  0) GRCs =     0 (0.00%)
phase3. RDL        Overflow =     0 Max = 0 (GRCs =  0) GRCs =     0 (0.00%)

phase3. Total Wire Length = 38622.43
phase3. Layer MET1 wire length = 691.88
phase3. Layer MET2 wire length = 11616.28
phase3. Layer MET3 wire length = 17659.06
phase3. Layer MET4 wire length = 8301.70
phase3. Layer MET5 wire length = 301.61
phase3. Layer T4M2 wire length = 51.91
phase3. Layer RDL wire length = 0.00
phase3. Total Number of Contacts = 15635
phase3. Via VIA12 count = 8049
phase3. Via VIA23 count = 5946
phase3. Via VIA34 count = 1628
phase3. Via VIA45 count = 10
phase3. Via T4M2_MET5 count = 2
phase3. Via RDL_T4M2 count = 0
phase3. completed.
[End of Whole Chip Routing] Elapsed real time: 0:00:00 
[End of Whole Chip Routing] Elapsed cpu  time: sys=0:00:00 usr=0:00:00 total=0:00:00
[End of Whole Chip Routing] Stage (MB): Used  181  Alloctr  181  Proc    0 
[End of Whole Chip Routing] Total (MB): Used  206  Alloctr  207  Proc 7062 

Information: Global Routing didn't terminate early. (ZRT-103)

Congestion utilization per direction:
Average vertical track utilization   = 29.08 %
Peak    vertical track utilization   = 120.00 %
Average horizontal track utilization = 11.81 %
Peak    horizontal track utilization = 50.00 %

[End of Global Routing] Elapsed real time: 0:00:00 
[End of Global Routing] Elapsed cpu  time: sys=0:00:00 usr=0:00:00 total=0:00:00
[End of Global Routing] Stage (MB): Used  180  Alloctr  180  Proc    0 
[End of Global Routing] Total (MB): Used  206  Alloctr  206  Proc 7062 
Updating the database ...
Updating congestion ...
Information: Extraction observers are detached as design net change threshold is reached.
[End of dbOut] Elapsed real time: 0:00:00 
[End of dbOut] Elapsed cpu  time: sys=0:00:00 usr=0:00:00 total=0:00:00
[End of dbOut] Stage (MB): Used  -19  Alloctr  -19  Proc    0 
[End of dbOut] Total (MB): Used   36  Alloctr   37  Proc 7062 
Information: The stitching and editing of coupling caps is turned OFF for design 'mac16_ndm:mac16.design'. (TIM-125)
Information: Design mac16 has 2607 nets, 2575 global routed, 28 detail routed. (NEX-024)
Warning: Technology layer 'RDL' setting 'routing-direction' is not valid (NEX-001)
Information: build GR coup map successfully (NEX-012)
Information: The RC mode used is GR for design 'mac16'. (NEX-022)
Information: Design Average RC for design mac16  (NEX-011)
Information: r = 0.918741 ohm/um, via_r = 0.000000 ohm/cut, c = 0.158760 ff/um, cc = 0.000000 ff/um (X dir) (NEX-017)
Information: r = 0.820126 ohm/um, via_r = 0.000000 ohm/cut, c = 0.169053 ff/um, cc = 0.000000 ff/um (Y dir) (NEX-017)
Information: Update timing completed net estimation for all the timing graph nets (TIM-111)
Information: Net estimation statistics: timing graph nets = 2605, routed nets = 2603, across physical hierarchy nets = 0, parasitics cached nets = 2605, delay annotated nets = 0, parasitics annotated nets = 0, multi-voltage nets = 0. (TIM-112)
Information: The netlist change observers are disabled for incremental extraction. (TIM-126)

Clock-opt route-global QoR
__________________________
Scenario Mapping Table
1: default

Pathgroup Mapping Table
1: **default**
2: **async_default**
3: **clock_gating_default**
4: **in2reg_default**
5: **reg2out_default**
6: **in2out_default**
7: **internal_default**
8: core_clk

-------------------------------------------------------------------------------------------------------------------------------------------------------------
PATHGROUP QOR 
-------------------------------------------------------------------------------------------------------------------------------------------------------------
Scene  PG      WNS        TNS    NSV      WHV        THV    NHV
    1   1   0.0000     0.0000      0   0.0000     0.0000      0
    1   2   0.0000     0.0000      0   0.0000     0.0000      0
    1   3   0.0000     0.0000      0   0.0000     0.0000      0
    1   4   0.0000     0.0000      0   0.0000     0.0000      0
    1   5   0.0000     0.0000      0   0.0000     0.0000      0
    1   6   0.0000     0.0000      0   0.0000     0.0000      0
    1   7   0.0220     0.0756      8   0.0000     0.0000      0
    1   8   0.0000     0.0000      0   0.0000     0.0000      0
----------------------------------------------------------------------------------------------------------------------------------------------------------------------
SCENARIO QOR 
----------------------------------------------------------------------------------------------------------------------------------------------------------------------
Scene  PG      WNS        TNS   R2RTNS    NSV      WHV        THV    NHV  MaxTrnV   MaxTranC  MaxCapV    Leakage
    1   *   0.0220     0.0756   0.0756      8   0.0000     0.0000      0        0     0.0000        2    551.186
----------------------------------------------------------------------------------------------------------------------------------------------------------------------
DESIGN QOR 
----------------------------------------------------------------------------------------------------------------------------------------------------------------------
Scene  PG      WNS        TNS   R2RTNS    NSV      WHV        THV    NHV  MaxTrnV   MaxTranC  MaxCapV    Leakage         Area    InstCnt     BufCnt     InvCnt
    *   *   0.0220     0.0756   0.0756      8   0.0000     0.0000      0        0     0.0000        2    551.186     11135.16       2478         62        165
----------------------------------------------------------------------------------------------------------------------------------------------------------------------

Clock-opt route-global QoR Summary      WNS        TNS   R2RTNS    NSV      WHV        THV    NHV  MaxTrnV  MaxCapV    Leakage         Area    InstCnt
Clock-opt route-global QoR Summary   0.0220     0.0756   0.0756      8   0.0000     0.0000      0        0        2    551.186     11135.16       2478

Clock-opt Global-routing complete         CPU:    73 s (  0.02 hr )  ELAPSE:    91 s (  0.03 hr )  MEM-PEAK:  1801 MB

Warning: Layer RDL does not have a preferred direction, assigning to horizontal. (ZRT-025)
Cell Min-Routing-Layer = MET1
Cell Max-Routing-Layer = T4M2
Turn off antenna since no rule is specified
Information: Option route.detail.force_end_on_preferred_grid will be ignored since none of the layers have preferred grid. (ZRT-703)
Warning: Port mode of cell mac16
        is unplaced.  This may impact routing result. (ZRT-740)
Warning: Port inA of cell mac16
        is unplaced.  This may impact routing result. (ZRT-740)
Warning: Port inB of cell mac16
        is unplaced.  This may impact routing result. (ZRT-740)
Warning: Port in_ready of cell mac16
        is unplaced.  This may impact routing result. (ZRT-740)
Warning: Port clk of cell mac16
        is unplaced.  This may impact routing result. (ZRT-740)
Warning: Port rst_n of cell mac16
        is unplaced.  This may impact routing result. (ZRT-740)
Warning: Port sum_out of cell mac16
        is unplaced.  This may impact routing result. (ZRT-740)
Warning: Port carry of cell mac16
        is unplaced.  This may impact routing result. (ZRT-740)
Warning: Port out_ready of cell mac16
        is unplaced.  This may impact routing result. (ZRT-740)
Warning: Port VDD of cell mac16
        is unplaced.  This may impact routing result. (ZRT-740)
Warning: Port VSS of cell mac16
        is unplaced.  This may impact routing result. (ZRT-740)
Warning: Ignore 11 top cell ports with no pins. (ZRT-027)
Info: number of net_type_blockage: 0 
Information: Via ladder engine would be activated for pattern must join connection in certain commands. Please refer to man-page for the command list. (ZRT-619)
Wire on layer (MET2) needs more than one tracks
Via on layer (VIA1) needs more than one tracks
Via on layer (VIA2) needs more than one tracks
Warning: Layer MET2 default pitch 0.200 may be too small to handle up/down via. Note, that minimum requirements are "wire/via-down 0.215" & "wire/via-up 0.225". (ZRT-026)
Wire on layer (MET4) needs more than one tracks
Via on layer (VIA3) needs more than one tracks
Via on layer (VIA4) needs more than one tracks
Warning: Layer MET4 default pitch 0.200 may be too small to handle up/down via. Note, that minimum requirements are "wire/via-down 0.215" & "wire/via-up 0.225". (ZRT-026)
Via on layer (T4V2) needs more than one tracks
Warning: Layer MET5 default pitch 0.200 may be too small to handle up/down via. Note, that minimum requirements are "wire/via-down 0.200" & "wire/via-up 0.380". (ZRT-026)
Via on layer (RV) needs more than one tracks
Warning: Layer T4M2 default pitch 0.800 may be too small to handle up/down via. Note, that minimum requirements are "wire/via-down 0.800" & "wire/via-up 3.600". (ZRT-026)
Via on layer (RV) needs more than one tracks
Warning: Layer RDL default pitch 5.000 may be too small to handle up/down via. Note, that minimum requirements are "wire/via-down 6.500" & "wire/via-up 5.000". (ZRT-026)
Transition layer name: MET2(1)
Transition layer name: MET4(3)
Information: When applicable Min-max layer allow_pin_connection mode will allow paths of length 2.97 outside the layer range. (ZRT-707)
Information: When applicable Min-max layer allow_pin_connection mode will allow paths of length 2.97 outside the layer range on clock nets. (ZRT-718)
Information: When applicable layer based tapering will taper up to 0.00 in distance from the pin. (ZRT-706)
GR Routing Service: Started IMRD 
GR Routing Service: ndmAttrDef 'usr_tmng_crit' created with default value 0 
GR Routing Service: ndmAttrDef 'rted_by_minDly' created with default value 0 
GR Routing Service: ndmAttrDef 'port_subnet_crit_blkConn' created with default value 0 
GR Routing Service: ndmAttrDef 'port_subnet_crit_blkPort' created with default value 0 
Loading timing information to the router ...
Design  Scenario default (Mode default Corner default)
Warning: Technology layer 'RDL' setting 'routing-direction' is not valid (NEX-001)
Timing information loaded to the router.
GR Routing Service: Setting costIdx to 3 
GR Routing Service: rebuildCongmap: itr = 3 
Number of partitions: 1 (1 x 1)
Size of partitions: 80 gCells x 80 gCells
Average gCell capacity  3.16	 on layer (1)	 MET1
Average gCell capacity  8.99	 on layer (2)	 MET2
Average gCell capacity  8.38	 on layer (3)	 MET3
Average gCell capacity  8.97	 on layer (4)	 MET4
Average gCell capacity  8.91	 on layer (5)	 MET5
Average gCell capacity  2.06	 on layer (6)	 T4M2
Average gCell capacity  0.34	 on layer (7)	 RDL
Average number of tracks per gCell 9.95	 on layer (1)	 MET1
Average number of tracks per gCell 9.01	 on layer (2)	 MET2
Average number of tracks per gCell 8.96	 on layer (3)	 MET3
Average number of tracks per gCell 9.01	 on layer (4)	 MET4
Average number of tracks per gCell 8.96	 on layer (5)	 MET5
Average number of tracks per gCell 2.25	 on layer (6)	 T4M2
Average number of tracks per gCell 0.36	 on layer (7)	 RDL
Number of gCells = 44800
[updNetsDmd] Elapsed real time: 0:00:00 
[updNetsDmd] Elapsed cpu  time: sys=0:00:00 usr=0:00:00 total=0:00:00
Created 1 thread routing service with costIdx = 3. (tbbMode 0)
GR Routing Service: Setting costIdx to 3 
rtapi Thread-server 0: startup 
Mgr Thread-server 0: Ctor 
Corner Scaling is off, multiplier is 1.000000
ndr: _snps_autoNdr_power added
Using default layer MET4
new cutoff lpd: 4.91218e-07
corner scaling: maxCornerId = 0
corner=default, tran factor=1.000000 (0.208726 / 0.208726)
GR Routing Service: loadPermBufBlockages 

INFO: GRE flow is enabled.

Clock-opt optimization Phase 19 Iter  1         0.08        0.08      0.84         2      11135.16      551.19        2478              0.03      1801

INFO: New Levelizer turned on
Corner Scaling is off, multiplier is 1.000000
ndr: _snps_autoNdr_power added
Using default layer MET4
new cutoff lpd: 4.91218e-07
corner scaling: maxCornerId = 0
corner=default, tran factor=1.000000 (0.208726 / 0.208726)
Clock-opt optimization Phase 20 Iter  1         0.08        0.08      0.84         2      11135.16      551.19        2478              0.03      1801
Clock-opt optimization Phase 20 Iter  2         0.08        0.08      0.84         2      11135.16      551.19        2478              0.03      1801
Clock-opt optimization Phase 20 Iter  3         0.08        0.08      0.84         0      11135.16      551.22        2478              0.03      1801
Corner Scaling is off, multiplier is 1.000000
ndr: _snps_autoNdr_power added
Using default layer MET4
new cutoff lpd: 4.91218e-07
corner scaling: maxCornerId = 0
corner=default, tran factor=1.000000 (0.208726 / 0.208726)
ndr: _snps_autoNdr_power added
Using default layer MET4
new cutoff lpd: 4.91218e-07
corner scaling: maxCornerId = 0
corner=default, tran factor=1.000000 (0.208726 / 0.208726)
Clock-opt optimization Phase 20 Iter  4         0.08        0.08      0.84         0      11135.16      551.22        2478              0.03      1801
Corner Scaling is off, multiplier is 1.000000
ndr: _snps_autoNdr_power added
Using default layer MET4
new cutoff lpd: 4.91218e-07
corner scaling: maxCornerId = 0
corner=default, tran factor=1.000000 (0.208726 / 0.208726)
ndr: _snps_autoNdr_power added
Using default layer MET4
new cutoff lpd: 4.91218e-07
corner scaling: maxCornerId = 0
corner=default, tran factor=1.000000 (0.208726 / 0.208726)
Clock-opt optimization Phase 20 Iter  5         0.08        0.08      0.84         0      11135.16      551.22        2478              0.03      1801
Clock-opt optimization Phase 20 Iter  6         0.08        0.08      0.84         0      11135.16      551.22        2478              0.03      1801

Clock-opt optimization Phase 21 Iter  1         0.08        0.08      0.84         0      11135.16      551.22        2478              0.03      1801
Clock-opt optimization Phase 21 Iter  2         0.08        0.08      0.84         0      11136.96      551.53        2478              0.03      1801
Clock-opt optimization Phase 21 Iter  3         0.08        0.08      0.84         0      11137.32      551.64        2478              0.03      1801
Clock-opt optimization Phase 21 Iter  4         0.08        0.08      0.84         0      11136.24      551.67        2478              0.03      1801
Clock-opt optimization Phase 21 Iter  5         0.08        0.08      0.84         0      11136.24      551.67        2478              0.03      1801
Clock-opt optimization Phase 21 Iter  6         0.08        0.08      0.84         0      11136.24      551.67        2478              0.03      1801
Clock-opt optimization Phase 21 Iter  7         0.08        0.08      0.84         0      11136.24      551.67        2478              0.03      1801
Corner Scaling is off, multiplier is 1.000000
ndr: _snps_autoNdr_power added
Using default layer MET4
new cutoff lpd: 4.91218e-07
corner scaling: maxCornerId = 0
corner=default, tran factor=1.000000 (0.208726 / 0.208726)
ndr: _snps_autoNdr_power added
Using default layer MET4
new cutoff lpd: 4.91218e-07
corner scaling: maxCornerId = 0
corner=default, tran factor=1.000000 (0.208726 / 0.208726)
Clock-opt optimization Phase 21 Iter  8         0.08        0.08      0.84         0      11137.68      551.83        2478              0.03      1801
Clock-opt optimization summary            SETUP-COST    R2R-COST HOLD-COST LDRC-COST          AREA     LEAKAGE     INSTCNT            ELAPSE       MEM
Clock-opt optimization Phase 21 Iter  9         0.08        0.08      0.84         0      11137.68      551.83        2478              0.03      1801
Corner Scaling is off, multiplier is 1.000000
ndr: _snps_autoNdr_power added
Using default layer MET4
new cutoff lpd: 4.91218e-07
corner scaling: maxCornerId = 0
corner=default, tran factor=1.000000 (0.208726 / 0.208726)
Clock-opt optimization Phase 21 Iter 10         0.08        0.08      0.84         0      11137.68      551.83        2478              0.03      1801
Corner Scaling is off, multiplier is 1.000000
ndr: _snps_autoNdr_power added
Using default layer MET4
new cutoff lpd: 4.91218e-07
corner scaling: maxCornerId = 0
corner=default, tran factor=1.000000 (0.208726 / 0.208726)
Clock-opt optimization Phase 21 Iter 11         0.08        0.08      0.84         0      11137.68      551.83        2478              0.03      1801

Clock-opt optimization Phase 22 Iter  1         0.00        0.00      0.84         0      11137.68      551.83        2478              0.03      1801
Information: The value of option cts.compile.enable_cell_relocation has been overridden to "leaf_only" to support latency-driven placement. (CTS-973)
Information: CTS will work on the following scenarios. (CTS-101)
   default	(Mode: default; Corner: default)
Information: CTS will work on all clocks in active scenarios, including 1 master clocks and 0 generated clocks. (CTS-107)
Output units used in this log:
   Time        : 1.00ns
   Resistance  : 1.00kOhm
   Capacitance : 1.00pF
   Power       : 1.00nW
   Length      : 1.00um
Information: Clock derating is enabled

CTS related app options set by user:
   No CTS related app option is set.

Buffer/Inverter reference list for clock tree synthesis:
   ics55_LLSC_H9CR_typ_tt_1p2_25/BUFX0P7H9R
   ics55_LLSC_H9CR_typ_tt_1p2_25/BUFX11H9R
   ics55_LLSC_H9CR_typ_tt_1p2_25/BUFX13H9R
   ics55_LLSC_H9CR_typ_tt_1p2_25/BUFX16H9R
   ics55_LLSC_H9CR_typ_tt_1p2_25/BUFX1H9R
   ics55_LLSC_H9CR_typ_tt_1p2_25/BUFX1P4H9R
   ics55_LLSC_H9CR_typ_tt_1p2_25/BUFX1P7H9R
   ics55_LLSC_H9CR_typ_tt_1p2_25/BUFX2H9R
   ics55_LLSC_H9CR_typ_tt_1p2_25/BUFX2P5H9R
   ics55_LLSC_H9CR_typ_tt_1p2_25/BUFX3H9R
   ics55_LLSC_H9CR_typ_tt_1p2_25/BUFX3P5H9R
   ics55_LLSC_H9CR_typ_tt_1p2_25/BUFX4H9R
   ics55_LLSC_H9CR_typ_tt_1p2_25/BUFX5H9R
   ics55_LLSC_H9CR_typ_tt_1p2_25/BUFX6H9R
   ics55_LLSC_H9CR_typ_tt_1p2_25/BUFX7P5H9R
   ics55_LLSC_H9CR_typ_tt_1p2_25/BUFX9H9R
   ics55_LLSC_H9CR_typ_tt_1p2_25/DLY2X0P5H9R
   ics55_LLSC_H9CR_typ_tt_1p2_25/DLY2X1H9R
   ics55_LLSC_H9CR_typ_tt_1p2_25/DLY2X2H9R
   ics55_LLSC_H9CR_typ_tt_1p2_25/DLY2X4H9R
   ics55_LLSC_H9CR_typ_tt_1p2_25/DLY4X0P5H9R
   ics55_LLSC_H9CR_typ_tt_1p2_25/DLY4X1H9R
   ics55_LLSC_H9CR_typ_tt_1p2_25/DLY4X2H9R
   ics55_LLSC_H9CR_typ_tt_1p2_25/DLY4X4H9R
   ics55_LLSC_H9CR_typ_tt_1p2_25/FREEICGX0P5H9R
   ics55_LLSC_H9CR_typ_tt_1p2_25/FREEICGX0P6H9R
   ics55_LLSC_H9CR_typ_tt_1p2_25/FREEICGX0P7H9R
   ics55_LLSC_H9CR_typ_tt_1p2_25/FREEICGX0P8H9R
   ics55_LLSC_H9CR_typ_tt_1p2_25/FREEICGX11H9R
   ics55_LLSC_H9CR_typ_tt_1p2_25/FREEICGX13H9R
   ics55_LLSC_H9CR_typ_tt_1p2_25/FREEICGX16H9R
   ics55_LLSC_H9CR_typ_tt_1p2_25/FREEICGX1H9R
   ics55_LLSC_H9CR_typ_tt_1p2_25/FREEICGX1P2H9R
   ics55_LLSC_H9CR_typ_tt_1p2_25/FREEICGX1P4H9R
   ics55_LLSC_H9CR_typ_tt_1p2_25/FREEICGX1P7H9R
   ics55_LLSC_H9CR_typ_tt_1p2_25/FREEICGX2H9R
   ics55_LLSC_H9CR_typ_tt_1p2_25/FREEICGX2P5H9R
   ics55_LLSC_H9CR_typ_tt_1p2_25/FREEICGX3H9R
   ics55_LLSC_H9CR_typ_tt_1p2_25/FREEICGX3P5H9R
   ics55_LLSC_H9CR_typ_tt_1p2_25/FREEICGX4H9R
   ics55_LLSC_H9CR_typ_tt_1p2_25/FREEICGX5H9R
   ics55_LLSC_H9CR_typ_tt_1p2_25/FREEICGX6H9R
   ics55_LLSC_H9CR_typ_tt_1p2_25/FREEICGX7P5H9R
   ics55_LLSC_H9CR_typ_tt_1p2_25/FREEICGX9H9R
   ics55_LLSC_H9CR_typ_tt_1p2_25/INVX0P5H9R
   ics55_LLSC_H9CR_typ_tt_1p2_25/INVX0P7H9R
   ics55_LLSC_H9CR_typ_tt_1p2_25/INVX11H9R
   ics55_LLSC_H9CR_typ_tt_1p2_25/INVX13H9R
   ics55_LLSC_H9CR_typ_tt_1p2_25/INVX16H9R
   ics55_LLSC_H9CR_typ_tt_1p2_25/INVX1H9R
   ics55_LLSC_H9CR_typ_tt_1p2_25/INVX1P4H9R
   ics55_LLSC_H9CR_typ_tt_1p2_25/INVX1P7H9R
   ics55_LLSC_H9CR_typ_tt_1p2_25/INVX2H9R
   ics55_LLSC_H9CR_typ_tt_1p2_25/INVX2P5H9R
   ics55_LLSC_H9CR_typ_tt_1p2_25/INVX3H9R
   ics55_LLSC_H9CR_typ_tt_1p2_25/INVX3P5H9R
   ics55_LLSC_H9CR_typ_tt_1p2_25/INVX4H9R
   ics55_LLSC_H9CR_typ_tt_1p2_25/INVX5H9R
   ics55_LLSC_H9CR_typ_tt_1p2_25/INVX6H9R
   ics55_LLSC_H9CR_typ_tt_1p2_25/INVX7P5H9R
   ics55_LLSC_H9CR_typ_tt_1p2_25/INVX9H9R
There is no CTS reference for ICG cells

register reference list:
   ics55_LLSC_H9CR_typ_tt_1p2_25/ADFFQNX0P5H9R
   ics55_LLSC_H9CR_typ_tt_1p2_25/ADFFQNX1H9R
   ics55_LLSC_H9CR_typ_tt_1p2_25/ADFFQNX2H9R
   ics55_LLSC_H9CR_typ_tt_1p2_25/ADFFQNX3H9R
   ics55_LLSC_H9CR_typ_tt_1p2_25/ADFFQX0P5H9R
   ics55_LLSC_H9CR_typ_tt_1p2_25/ADFFQX1H9R
   ics55_LLSC_H9CR_typ_tt_1p2_25/ADFFQX2H9R
   ics55_LLSC_H9CR_typ_tt_1p2_25/ADFFQX3H9R
   ics55_LLSC_H9CR_typ_tt_1p2_25/ADFFQX4H9R
   ics55_LLSC_H9CR_typ_tt_1p2_25/ASDFFQNX0P5H9R
   ics55_LLSC_H9CR_typ_tt_1p2_25/ASDFFQNX1H9R
   ics55_LLSC_H9CR_typ_tt_1p2_25/ASDFFQNX2H9R
   ics55_LLSC_H9CR_typ_tt_1p2_25/ASDFFQNX3H9R
   ics55_LLSC_H9CR_typ_tt_1p2_25/ASDFFQX0P5H9R
   ics55_LLSC_H9CR_typ_tt_1p2_25/ASDFFQX1H9R
   ics55_LLSC_H9CR_typ_tt_1p2_25/ASDFFQX2H9R
   ics55_LLSC_H9CR_typ_tt_1p2_25/ASDFFQX3H9R
   ics55_LLSC_H9CR_typ_tt_1p2_25/ASDFFQX4H9R
   ics55_LLSC_H9CR_typ_tt_1p2_25/DFF2DQX1H9R
   ics55_LLSC_H9CR_typ_tt_1p2_25/DFF2DQX2H9R
   ics55_LLSC_H9CR_typ_tt_1p2_25/DFF2DQX3H9R
   ics55_LLSC_H9CR_typ_tt_1p2_25/DFF2DQX4H9R
   ics55_LLSC_H9CR_typ_tt_1p2_25/DFFQX0P5H9R
   ics55_LLSC_H9CR_typ_tt_1p2_25/DFFQX1H9R
   ics55_LLSC_H9CR_typ_tt_1p2_25/DFFQX2H9R
   ics55_LLSC_H9CR_typ_tt_1p2_25/DFFQX3H9R
   ics55_LLSC_H9CR_typ_tt_1p2_25/DFFQX4H9R
   ics55_LLSC_H9CR_typ_tt_1p2_25/DFFNQX1H9R
   ics55_LLSC_H9CR_typ_tt_1p2_25/DFFNQX2H9R
   ics55_LLSC_H9CR_typ_tt_1p2_25/DFFNQX3H9R
   ics55_LLSC_H9CR_typ_tt_1p2_25/DFFNRPQX1H9R
   ics55_LLSC_H9CR_typ_tt_1p2_25/DFFNRPQX2H9R
   ics55_LLSC_H9CR_typ_tt_1p2_25/DFFNRPQX3H9R
   ics55_LLSC_H9CR_typ_tt_1p2_25/DFFNRSX1H9R
   ics55_LLSC_H9CR_typ_tt_1p2_25/DFFNRSX2H9R
   ics55_LLSC_H9CR_typ_tt_1p2_25/DFFNRSX4H9R
   ics55_LLSC_H9CR_typ_tt_1p2_25/DFFNRX1H9R
   ics55_LLSC_H9CR_typ_tt_1p2_25/DFFNRX2H9R
   ics55_LLSC_H9CR_typ_tt_1p2_25/DFFNRX4H9R
   ics55_LLSC_H9CR_typ_tt_1p2_25/DFFNSQX1H9R
   ics55_LLSC_H9CR_typ_tt_1p2_25/DFFNSQX2H9R
   ics55_LLSC_H9CR_typ_tt_1p2_25/DFFNSQX3H9R
   ics55_LLSC_H9CR_typ_tt_1p2_25/DFFNSRPQX1H9R
   ics55_LLSC_H9CR_typ_tt_1p2_25/DFFNSRPQX2H9R
   ics55_LLSC_H9CR_typ_tt_1p2_25/DFFNSRPQX3H9R
   ics55_LLSC_H9CR_typ_tt_1p2_25/DFFNSX1H9R
   ics55_LLSC_H9CR_typ_tt_1p2_25/DFFNSX2H9R
   ics55_LLSC_H9CR_typ_tt_1p2_25/DFFNSX4H9R
   ics55_LLSC_H9CR_typ_tt_1p2_25/DFFNX1H9R
   ics55_LLSC_H9CR_typ_tt_1p2_25/DFFNX2H9R
   ics55_LLSC_H9CR_typ_tt_1p2_25/DFFNX4H9R
   ics55_LLSC_H9CR_typ_tt_1p2_25/DFFQNX0P5H9R
   ics55_LLSC_H9CR_typ_tt_1p2_25/DFFQNX1H9R
   ics55_LLSC_H9CR_typ_tt_1p2_25/DFFQNX2H9R
   ics55_LLSC_H9CR_typ_tt_1p2_25/DFFQNX3H9R
   ics55_LLSC_H9CR_typ_tt_1p2_25/DFFRPQNX0P5H9R
   ics55_LLSC_H9CR_typ_tt_1p2_25/DFFRPQNX1H9R
   ics55_LLSC_H9CR_typ_tt_1p2_25/DFFRPQNX2H9R
   ics55_LLSC_H9CR_typ_tt_1p2_25/DFFRPQNX3H9R
   ics55_LLSC_H9CR_typ_tt_1p2_25/DFFRPQX0P5H9R
   ics55_LLSC_H9CR_typ_tt_1p2_25/DFFRPQX1H9R
   ics55_LLSC_H9CR_typ_tt_1p2_25/DFFRPQX2H9R
   ics55_LLSC_H9CR_typ_tt_1p2_25/DFFRPQX3H9R
   ics55_LLSC_H9CR_typ_tt_1p2_25/DFFRPQX4H9R
   ics55_LLSC_H9CR_typ_tt_1p2_25/DFFRQX1H9R
   ics55_LLSC_H9CR_typ_tt_1p2_25/DFFRQX2H9R
   ics55_LLSC_H9CR_typ_tt_1p2_25/DFFRQX4H9R
   ics55_LLSC_H9CR_typ_tt_1p2_25/DFFRSX1H9R
   ics55_LLSC_H9CR_typ_tt_1p2_25/DFFRSX2H9R
   ics55_LLSC_H9CR_typ_tt_1p2_25/DFFRSX4H9R
   ics55_LLSC_H9CR_typ_tt_1p2_25/DFFRX1H9R
   ics55_LLSC_H9CR_typ_tt_1p2_25/DFFRX2H9R
   ics55_LLSC_H9CR_typ_tt_1p2_25/DFFRX4H9R
   ics55_LLSC_H9CR_typ_tt_1p2_25/DFFSQNX0P5H9R
   ics55_LLSC_H9CR_typ_tt_1p2_25/DFFSQNX1H9R
   ics55_LLSC_H9CR_typ_tt_1p2_25/DFFSQNX2H9R
   ics55_LLSC_H9CR_typ_tt_1p2_25/DFFSQNX3H9R
   ics55_LLSC_H9CR_typ_tt_1p2_25/DFFSQX0P5H9R
   ics55_LLSC_H9CR_typ_tt_1p2_25/DFFSQX1H9R
   ics55_LLSC_H9CR_typ_tt_1p2_25/DFFSQX2H9R
   ics55_LLSC_H9CR_typ_tt_1p2_25/DFFSQX3H9R
   ics55_LLSC_H9CR_typ_tt_1p2_25/DFFSQX4H9R
   ics55_LLSC_H9CR_typ_tt_1p2_25/DFFSRPQX0P5H9R
   ics55_LLSC_H9CR_typ_tt_1p2_25/DFFSRPQX1H9R
   ics55_LLSC_H9CR_typ_tt_1p2_25/DFFSRPQX2H9R
   ics55_LLSC_H9CR_typ_tt_1p2_25/DFFSRPQX3H9R
   ics55_LLSC_H9CR_typ_tt_1p2_25/DFFSRPQX4H9R
   ics55_LLSC_H9CR_typ_tt_1p2_25/DFFSX1H9R
   ics55_LLSC_H9CR_typ_tt_1p2_25/DFFSX2H9R
   ics55_LLSC_H9CR_typ_tt_1p2_25/DFFSX4H9R
   ics55_LLSC_H9CR_typ_tt_1p2_25/DFFTRSX1H9R
   ics55_LLSC_H9CR_typ_tt_1p2_25/DFFTRSX2H9R
   ics55_LLSC_H9CR_typ_tt_1p2_25/DFFTRX1H9R
   ics55_LLSC_H9CR_typ_tt_1p2_25/DFFTRX2H9R
   ics55_LLSC_H9CR_typ_tt_1p2_25/DFFTRX4H9R
   ics55_LLSC_H9CR_typ_tt_1p2_25/DFFTSX1H9R
   ics55_LLSC_H9CR_typ_tt_1p2_25/DFFTSX2H9R
   ics55_LLSC_H9CR_typ_tt_1p2_25/DFFTSX4H9R
   ics55_LLSC_H9CR_typ_tt_1p2_25/DFFX1H9R
   ics55_LLSC_H9CR_typ_tt_1p2_25/DFFX2H9R
   ics55_LLSC_H9CR_typ_tt_1p2_25/DFFX4H9R
   ics55_LLSC_H9CR_typ_tt_1p2_25/EDFFQNX0P5H9R
   ics55_LLSC_H9CR_typ_tt_1p2_25/EDFFQNX1H9R
   ics55_LLSC_H9CR_typ_tt_1p2_25/EDFFQNX2H9R
   ics55_LLSC_H9CR_typ_tt_1p2_25/EDFFQNX3H9R
   ics55_LLSC_H9CR_typ_tt_1p2_25/EDFFQX0P5H9R
   ics55_LLSC_H9CR_typ_tt_1p2_25/EDFFQX1H9R
   ics55_LLSC_H9CR_typ_tt_1p2_25/EDFFQX2H9R
   ics55_LLSC_H9CR_typ_tt_1p2_25/EDFFQX3H9R
   ics55_LLSC_H9CR_typ_tt_1p2_25/EDFFRQX1H9R
   ics55_LLSC_H9CR_typ_tt_1p2_25/EDFFRQX2H9R
   ics55_LLSC_H9CR_typ_tt_1p2_25/EDFFRQX4H9R
   ics55_LLSC_H9CR_typ_tt_1p2_25/EDFFRX1H9R
   ics55_LLSC_H9CR_typ_tt_1p2_25/EDFFRX2H9R
   ics55_LLSC_H9CR_typ_tt_1p2_25/EDFFRX4H9R
   ics55_LLSC_H9CR_typ_tt_1p2_25/EDFFTRQX1H9R
   ics55_LLSC_H9CR_typ_tt_1p2_25/EDFFTRQX2H9R
   ics55_LLSC_H9CR_typ_tt_1p2_25/EDFFTRQX4H9R
   ics55_LLSC_H9CR_typ_tt_1p2_25/EDFFTRX1H9R
   ics55_LLSC_H9CR_typ_tt_1p2_25/EDFFTRX2H9R
   ics55_LLSC_H9CR_typ_tt_1p2_25/EDFFTRX4H9R
   ics55_LLSC_H9CR_typ_tt_1p2_25/EDFFX1H9R
   ics55_LLSC_H9CR_typ_tt_1p2_25/EDFFX2H9R
   ics55_LLSC_H9CR_typ_tt_1p2_25/EDFFX4H9R
   ics55_LLSC_H9CR_typ_tt_1p2_25/ESDFFQNX0P5H9R
   ics55_LLSC_H9CR_typ_tt_1p2_25/ESDFFQNX1H9R
   ics55_LLSC_H9CR_typ_tt_1p2_25/ESDFFQNX2H9R
   ics55_LLSC_H9CR_typ_tt_1p2_25/ESDFFQNX3H9R
   ics55_LLSC_H9CR_typ_tt_1p2_25/ESDFFQX0P5H9R
   ics55_LLSC_H9CR_typ_tt_1p2_25/ESDFFQX1H9R
   ics55_LLSC_H9CR_typ_tt_1p2_25/ESDFFQX2H9R
   ics55_LLSC_H9CR_typ_tt_1p2_25/ESDFFQX3H9R
   ics55_LLSC_H9CR_typ_tt_1p2_25/ESDFFRQX1H9R
   ics55_LLSC_H9CR_typ_tt_1p2_25/ESDFFRQX2H9R
   ics55_LLSC_H9CR_typ_tt_1p2_25/ESDFFRQX4H9R
   ics55_LLSC_H9CR_typ_tt_1p2_25/ESDFFRX1H9R
   ics55_LLSC_H9CR_typ_tt_1p2_25/ESDFFRX4H9R
   ics55_LLSC_H9CR_typ_tt_1p2_25/ESDFFTRQX1H9R
   ics55_LLSC_H9CR_typ_tt_1p2_25/ESDFFTRQX2H9R
   ics55_LLSC_H9CR_typ_tt_1p2_25/ESDFFTRQX4H9R
   ics55_LLSC_H9CR_typ_tt_1p2_25/ESDFFTRX1H9R
   ics55_LLSC_H9CR_typ_tt_1p2_25/ESDFFTRX2H9R
   ics55_LLSC_H9CR_typ_tt_1p2_25/ESDFFTRX4H9R
   ics55_LLSC_H9CR_typ_tt_1p2_25/ESDFFX1H9R
   ics55_LLSC_H9CR_typ_tt_1p2_25/ESDFFX2H9R
   ics55_LLSC_H9CR_typ_tt_1p2_25/ESDFFX4H9R
   ics55_LLSC_H9CR_typ_tt_1p2_25/LATHQNX0P5H9R
   ics55_LLSC_H9CR_typ_tt_1p2_25/LATHQNX1H9R
   ics55_LLSC_H9CR_typ_tt_1p2_25/LATHQNX2H9R
   ics55_LLSC_H9CR_typ_tt_1p2_25/LATHQNX3H9R
   ics55_LLSC_H9CR_typ_tt_1p2_25/LATHQNX4H9R
   ics55_LLSC_H9CR_typ_tt_1p2_25/LATHQX0P5H9R
   ics55_LLSC_H9CR_typ_tt_1p2_25/LATHQX1H9R
   ics55_LLSC_H9CR_typ_tt_1p2_25/LATHQX2H9R
   ics55_LLSC_H9CR_typ_tt_1p2_25/LATHQX3H9R
   ics55_LLSC_H9CR_typ_tt_1p2_25/LATHRPQNX0P5H9R
   ics55_LLSC_H9CR_typ_tt_1p2_25/LATHRPQNX1H9R
   ics55_LLSC_H9CR_typ_tt_1p2_25/LATHRPQNX2H9R
   ics55_LLSC_H9CR_typ_tt_1p2_25/LATHRPQNX3H9R
   ics55_LLSC_H9CR_typ_tt_1p2_25/LATHRPQNX4H9R
   ics55_LLSC_H9CR_typ_tt_1p2_25/LATHRQX0P5H9R
   ics55_LLSC_H9CR_typ_tt_1p2_25/LATHRQX1H9R
   ics55_LLSC_H9CR_typ_tt_1p2_25/LATHRQX2H9R
   ics55_LLSC_H9CR_typ_tt_1p2_25/LATHRQX3H9R
   ics55_LLSC_H9CR_typ_tt_1p2_25/LATHSPQX0P5H9R
   ics55_LLSC_H9CR_typ_tt_1p2_25/LATHSPQX1H9R
   ics55_LLSC_H9CR_typ_tt_1p2_25/LATHSPQX2H9R
   ics55_LLSC_H9CR_typ_tt_1p2_25/LATHSPQX3H9R
   ics55_LLSC_H9CR_typ_tt_1p2_25/LATHSQNX0P5H9R
   ics55_LLSC_H9CR_typ_tt_1p2_25/LATHSQNX1H9R
   ics55_LLSC_H9CR_typ_tt_1p2_25/LATHSQNX2H9R
   ics55_LLSC_H9CR_typ_tt_1p2_25/LATHSQNX3H9R
   ics55_LLSC_H9CR_typ_tt_1p2_25/LATHSQNX4H9R
   ics55_LLSC_H9CR_typ_tt_1p2_25/LATHSRX1H9R
   ics55_LLSC_H9CR_typ_tt_1p2_25/LATHSRX2H9R
   ics55_LLSC_H9CR_typ_tt_1p2_25/LATHSRX4H9R
   ics55_LLSC_H9CR_typ_tt_1p2_25/LATLQNX0P5H9R
   ics55_LLSC_H9CR_typ_tt_1p2_25/LATLQNX1H9R
   ics55_LLSC_H9CR_typ_tt_1p2_25/LATLQNX2H9R
   ics55_LLSC_H9CR_typ_tt_1p2_25/LATLQNX3H9R
   ics55_LLSC_H9CR_typ_tt_1p2_25/LATLQNX4H9R
   ics55_LLSC_H9CR_typ_tt_1p2_25/LATLQX0P5H9R
   ics55_LLSC_H9CR_typ_tt_1p2_25/LATLQX1H9R
   ics55_LLSC_H9CR_typ_tt_1p2_25/LATLQX2H9R
   ics55_LLSC_H9CR_typ_tt_1p2_25/LATLQX3H9R
   ics55_LLSC_H9CR_typ_tt_1p2_25/LATLRPQNX0P5H9R
   ics55_LLSC_H9CR_typ_tt_1p2_25/LATLRPQNX1H9R
   ics55_LLSC_H9CR_typ_tt_1p2_25/LATLRPQNX2H9R
   ics55_LLSC_H9CR_typ_tt_1p2_25/LATLRPQNX3H9R
   ics55_LLSC_H9CR_typ_tt_1p2_25/LATLRPQNX4H9R
   ics55_LLSC_H9CR_typ_tt_1p2_25/LATLRQX0P5H9R
   ics55_LLSC_H9CR_typ_tt_1p2_25/LATLRQX1H9R
   ics55_LLSC_H9CR_typ_tt_1p2_25/LATLRQX2H9R
   ics55_LLSC_H9CR_typ_tt_1p2_25/LATLRQX3H9R
   ics55_LLSC_H9CR_typ_tt_1p2_25/LATLSPQX0P5H9R
   ics55_LLSC_H9CR_typ_tt_1p2_25/LATLSPQX1H9R
   ics55_LLSC_H9CR_typ_tt_1p2_25/LATLSPQX2H9R
   ics55_LLSC_H9CR_typ_tt_1p2_25/LATLSPQX3H9R
   ics55_LLSC_H9CR_typ_tt_1p2_25/LATLSQNX0P5H9R
   ics55_LLSC_H9CR_typ_tt_1p2_25/LATLSQNX1H9R
   ics55_LLSC_H9CR_typ_tt_1p2_25/LATLSQNX2H9R
   ics55_LLSC_H9CR_typ_tt_1p2_25/LATLSQNX3H9R
   ics55_LLSC_H9CR_typ_tt_1p2_25/LATLSQNX4H9R
   ics55_LLSC_H9CR_typ_tt_1p2_25/LATLSRX1H9R
   ics55_LLSC_H9CR_typ_tt_1p2_25/LATLSRX2H9R
   ics55_LLSC_H9CR_typ_tt_1p2_25/LATLSRX4H9R
   ics55_LLSC_H9CR_typ_tt_1p2_25/MDFFQNX0P5H9R
   ics55_LLSC_H9CR_typ_tt_1p2_25/MDFFQNX1H9R
   ics55_LLSC_H9CR_typ_tt_1p2_25/MDFFQNX2H9R
   ics55_LLSC_H9CR_typ_tt_1p2_25/MDFFQNX3H9R
   ics55_LLSC_H9CR_typ_tt_1p2_25/SDFFQNX0P5H9R
   ics55_LLSC_H9CR_typ_tt_1p2_25/SDFFQNX1H9R
   ics55_LLSC_H9CR_typ_tt_1p2_25/SDFFQNX2H9R
   ics55_LLSC_H9CR_typ_tt_1p2_25/SDFFQNX3H9R
   ics55_LLSC_H9CR_typ_tt_1p2_25/MDFFQX0P5H9R
   ics55_LLSC_H9CR_typ_tt_1p2_25/MDFFQX1H9R
   ics55_LLSC_H9CR_typ_tt_1p2_25/MDFFQX2H9R
   ics55_LLSC_H9CR_typ_tt_1p2_25/MDFFQX3H9R
   ics55_LLSC_H9CR_typ_tt_1p2_25/MDFFQX4H9R
   ics55_LLSC_H9CR_typ_tt_1p2_25/SDFF2DQX1H9R
   ics55_LLSC_H9CR_typ_tt_1p2_25/SDFF2DQX2H9R
   ics55_LLSC_H9CR_typ_tt_1p2_25/SDFF2DQX3H9R
   ics55_LLSC_H9CR_typ_tt_1p2_25/SDFF2DQX4H9R
   ics55_LLSC_H9CR_typ_tt_1p2_25/SDFFQX0P5H9R
   ics55_LLSC_H9CR_typ_tt_1p2_25/SDFFQX1H9R
   ics55_LLSC_H9CR_typ_tt_1p2_25/SDFFQX2H9R
   ics55_LLSC_H9CR_typ_tt_1p2_25/SDFFQX3H9R
   ics55_LLSC_H9CR_typ_tt_1p2_25/SDFFQX4H9R
   ics55_LLSC_H9CR_typ_tt_1p2_25/MSDFFQNX0P5H9R
   ics55_LLSC_H9CR_typ_tt_1p2_25/MSDFFQNX1H9R
   ics55_LLSC_H9CR_typ_tt_1p2_25/MSDFFQNX2H9R
   ics55_LLSC_H9CR_typ_tt_1p2_25/MSDFFQNX3H9R
   ics55_LLSC_H9CR_typ_tt_1p2_25/MSDFFQX0P5H9R
   ics55_LLSC_H9CR_typ_tt_1p2_25/MSDFFQX1H9R
   ics55_LLSC_H9CR_typ_tt_1p2_25/MSDFFQX2H9R
   ics55_LLSC_H9CR_typ_tt_1p2_25/MSDFFQX3H9R
   ics55_LLSC_H9CR_typ_tt_1p2_25/MSDFFQX4H9R
   ics55_LLSC_H9CR_typ_tt_1p2_25/SDFFNQX1H9R
   ics55_LLSC_H9CR_typ_tt_1p2_25/SDFFNQX2H9R
   ics55_LLSC_H9CR_typ_tt_1p2_25/SDFFNQX3H9R
   ics55_LLSC_H9CR_typ_tt_1p2_25/SDFFNRPQX1H9R
   ics55_LLSC_H9CR_typ_tt_1p2_25/SDFFNRPQX2H9R
   ics55_LLSC_H9CR_typ_tt_1p2_25/SDFFNRPQX3H9R
   ics55_LLSC_H9CR_typ_tt_1p2_25/SDFFNRSX1H9R
   ics55_LLSC_H9CR_typ_tt_1p2_25/SDFFNRSX2H9R
   ics55_LLSC_H9CR_typ_tt_1p2_25/SDFFNRSX4H9R
   ics55_LLSC_H9CR_typ_tt_1p2_25/SDFFNRX1H9R
   ics55_LLSC_H9CR_typ_tt_1p2_25/SDFFNRX2H9R
   ics55_LLSC_H9CR_typ_tt_1p2_25/SDFFNRX4H9R
   ics55_LLSC_H9CR_typ_tt_1p2_25/SDFFNSQX1H9R
   ics55_LLSC_H9CR_typ_tt_1p2_25/SDFFNSQX2H9R
   ics55_LLSC_H9CR_typ_tt_1p2_25/SDFFNSQX3H9R
   ics55_LLSC_H9CR_typ_tt_1p2_25/SDFFNSRPQX1H9R
   ics55_LLSC_H9CR_typ_tt_1p2_25/SDFFNSRPQX2H9R
   ics55_LLSC_H9CR_typ_tt_1p2_25/SDFFNSRPQX3H9R
   ics55_LLSC_H9CR_typ_tt_1p2_25/SDFFNSX1H9R
   ics55_LLSC_H9CR_typ_tt_1p2_25/SDFFNSX2H9R
   ics55_LLSC_H9CR_typ_tt_1p2_25/SDFFNSX4H9R
   ics55_LLSC_H9CR_typ_tt_1p2_25/SDFFNX1H9R
   ics55_LLSC_H9CR_typ_tt_1p2_25/SDFFNX2H9R
   ics55_LLSC_H9CR_typ_tt_1p2_25/SDFFNX4H9R
   ics55_LLSC_H9CR_typ_tt_1p2_25/SDFFRPQNX0P5H9R
   ics55_LLSC_H9CR_typ_tt_1p2_25/SDFFRPQNX1H9R
   ics55_LLSC_H9CR_typ_tt_1p2_25/SDFFRPQNX2H9R
   ics55_LLSC_H9CR_typ_tt_1p2_25/SDFFRPQNX3H9R
   ics55_LLSC_H9CR_typ_tt_1p2_25/SDFFRPQX0P5H9R
   ics55_LLSC_H9CR_typ_tt_1p2_25/SDFFRPQX1H9R
   ics55_LLSC_H9CR_typ_tt_1p2_25/SDFFRPQX2H9R
   ics55_LLSC_H9CR_typ_tt_1p2_25/SDFFRPQX3H9R
   ics55_LLSC_H9CR_typ_tt_1p2_25/SDFFRPQX4H9R
   ics55_LLSC_H9CR_typ_tt_1p2_25/SDFFRQX1H9R
   ics55_LLSC_H9CR_typ_tt_1p2_25/SDFFRQX2H9R
   ics55_LLSC_H9CR_typ_tt_1p2_25/SDFFRQX4H9R
   ics55_LLSC_H9CR_typ_tt_1p2_25/SDFFRSX1H9R
   ics55_LLSC_H9CR_typ_tt_1p2_25/SDFFRSX2H9R
   ics55_LLSC_H9CR_typ_tt_1p2_25/SDFFRSX4H9R
   ics55_LLSC_H9CR_typ_tt_1p2_25/SDFFRX1H9R
   ics55_LLSC_H9CR_typ_tt_1p2_25/SDFFRX2H9R
   ics55_LLSC_H9CR_typ_tt_1p2_25/SDFFRX4H9R
   ics55_LLSC_H9CR_typ_tt_1p2_25/SDFFSQNX0P5H9R
   ics55_LLSC_H9CR_typ_tt_1p2_25/SDFFSQNX1H9R
   ics55_LLSC_H9CR_typ_tt_1p2_25/SDFFSQNX2H9R
   ics55_LLSC_H9CR_typ_tt_1p2_25/SDFFSQNX3H9R
   ics55_LLSC_H9CR_typ_tt_1p2_25/SDFFSQX0P5H9R
   ics55_LLSC_H9CR_typ_tt_1p2_25/SDFFSQX1H9R
   ics55_LLSC_H9CR_typ_tt_1p2_25/SDFFSQX2H9R
   ics55_LLSC_H9CR_typ_tt_1p2_25/SDFFSQX3H9R
   ics55_LLSC_H9CR_typ_tt_1p2_25/SDFFSQX4H9R
   ics55_LLSC_H9CR_typ_tt_1p2_25/SDFFSRPQX0P5H9R
   ics55_LLSC_H9CR_typ_tt_1p2_25/SDFFSRPQX1H9R
   ics55_LLSC_H9CR_typ_tt_1p2_25/SDFFSRPQX2H9R
   ics55_LLSC_H9CR_typ_tt_1p2_25/SDFFSRPQX3H9R
   ics55_LLSC_H9CR_typ_tt_1p2_25/SDFFSRPQX4H9R
   ics55_LLSC_H9CR_typ_tt_1p2_25/SDFFSX1H9R
   ics55_LLSC_H9CR_typ_tt_1p2_25/SDFFSX2H9R
   ics55_LLSC_H9CR_typ_tt_1p2_25/SDFFSX4H9R
   ics55_LLSC_H9CR_typ_tt_1p2_25/SDFFTRSX1H9R
   ics55_LLSC_H9CR_typ_tt_1p2_25/SDFFTRSX2H9R
   ics55_LLSC_H9CR_typ_tt_1p2_25/SDFFTRX1H9R
   ics55_LLSC_H9CR_typ_tt_1p2_25/SDFFTRX2H9R
   ics55_LLSC_H9CR_typ_tt_1p2_25/SDFFTRX4H9R
   ics55_LLSC_H9CR_typ_tt_1p2_25/SDFFTSX1H9R
   ics55_LLSC_H9CR_typ_tt_1p2_25/SDFFTSX2H9R
   ics55_LLSC_H9CR_typ_tt_1p2_25/SDFFTSX4H9R
   ics55_LLSC_H9CR_typ_tt_1p2_25/SDFFX1H9R
   ics55_LLSC_H9CR_typ_tt_1p2_25/SDFFX2H9R
   ics55_LLSC_H9CR_typ_tt_1p2_25/SDFFX4H9R
   ics55_LLSC_H9CR_typ_tt_1p2_25/DFFTRQX1H9R
   ics55_LLSC_H9CR_typ_tt_1p2_25/DFFTRQX2H9R
   ics55_LLSC_H9CR_typ_tt_1p2_25/DFFTRQX4H9R
   ics55_LLSC_H9CR_typ_tt_1p2_25/SDFFTRQX1H9R
   ics55_LLSC_H9CR_typ_tt_1p2_25/SDFFTRQX2H9R
   ics55_LLSC_H9CR_typ_tt_1p2_25/SDFFTRQX4H9R

Warning: Technology layer 'RDL' setting 'routing-direction' is not valid (NEX-001)
Information: 'default' is identified as primary corner for initial clock tree building. (CTS-103)
Warning: No clock routing rule is specified. (CTS-038)

Clock cell spacing rule list:
   No clock cell spacing rule is found.
DBG: ccdInfra::ccdInfra
Drc Mode Option: auto
Information: Legalizer's PDC rule check is NOT enabled
Information: Legalizer's advanced rule check is NOT enabled
DBG: ccdInfra::initAppOptions
DBG: ccdInfra::initCtsFixedBalancePins
CCD initialization runtime: cpu 0.016118, elapsed 0.017775, speed up 0.906779.

CCD-Info: App options set by user
   ccd.hold_control_effort = medium

CCD: Netlist change observers are disabled for incremental timing updates
Information: The netlist change observers are disabled for incremental timing updates. (TIM-119)
Information: The timing has been updated before disabling netlist and extraction change observers. (TIM-121)
CCD: using 1 threads
CTSSC route status detected: clock (VR 0, GR 12, DR 3168), data (VR 2, GR 11473, DR 0); stage = auto, isPostRoute = FALSE
INFO: optApi switch to CTS purpose
Information: Creating classic rule checker.
Warning: Routing direction of metal layer POLY is neither "horizontal" nor "vertical".  PDC checks will not be performed on this layer. (PDC-003)
Warning: Routing direction of metal layer RDL is neither "horizontal" nor "vertical".  PDC checks will not be performed on this layer. (PDC-003)
PDC app_options settings =========
	place.legalize.enable_prerouted_net_check: 1
	place.legalize.num_tracks_for_access_check: 1
	place.legalize.use_eol_spacing_for_access_check: 0
	place.legalize.allow_touch_track_for_access_check: 1
	place.legalize.reduce_conservatism_in_eol_check: 0
	place.legalize.preroute_shape_merge_distance: 0.0
	place.legalize.enable_non_preferred_direction_span_check: 0

Layer MET1: cached 0 shapes out of 2695 total shapes.
Layer MET2: cached 0 shapes out of 5669 total shapes.
Cached 0 vias out of 18443 total vias.
enhanced site row merge :  1
Key: core9, value: 0x9e4aa4b0
Number of Site types in the design = 1
Information: Timer-derived activity data is cached on scenario default (POW-052)
Information: Timer-derived activity data is cached on scenario default (POW-052)
Total power = 0.720940, Leakage = 0.000552, Internal = 0.391818, Switching = 0.328570
Warning: Technology layer 'RDL' setting 'routing-direction' is not valid (NEX-001)

CCD: Initial QOR:
---------------------------------------------------------------------------------------------
 Design (setup) WNS = 0.000336, TNS = 0.000000, NVP = 0
 Design (hold) WNHS = 0.003110, TNHS = 0.000000, NHVP = 0

    Scenario default  WNS = 0.000336, TNS = 0.000000, NVP = 0
    Scenario default  WNHS = 0.003110, TNHS = 0.000000, NHVP = 0
    Scenario default
       Path Group core_clk  WNS = 0.000336, TNS = 0.000000, NVP = 0
       Path Group **reg2out_default**  WNS = 0.429522, TNS = 0.000000, NVP = 0
       Path Group **in2reg_default**  WNS = 0.495897, TNS = 0.000000, NVP = 0
    Scenario default
       Path Group core_clk  WNHS = 0.003110, TNHS = 0.000000, NHVP = 0
       Path Group **in2reg_default**  WNHS = 0.010664, TNHS = 0.000000, NHVP = 0
       Path Group **reg2out_default**  WNHS = 0.138777, TNHS = 0.000000, NHVP = 0
---------------------------------------------------------------------------------------------
CCD-QoR: Timing: WNS = 0.000, TNS = 0.000, NVP = 0, UNWEIGHTED_TNS = 0.000, WNHS = 0.003, TNHS = 0.000, NHVP = 0, UNWEIGHTED_TNHS = 0.000, R2R(wns=nan, tns=0.000000, nvp=0)

CCD: Before drc optimization

Information: There is no DRC violation or all DRC violations are not fixable.

    Optimization Summary 		

-------------------------------------------------

	# Drivers Attempted               =          0
	# Skipped during isValid and estimate          =          0
	# Failed subgraph evaluation           =          0
	# Failed main graph committ          =          0
	# Successful main graph commit      =          0
	# NumCTCells changed               =          0


	# Total CPU time                  = 00h:00m:00s
	# Total elapsed time              = 00h:00m:00s
	# Flow total speed up             =     0.9963

-------------------------------------------------


CCD: After drc optimization:
---------------------------------------------------------------------------------------------
 Design (setup) WNS = 0.000336, TNS = 0.000000, NVP = 0
 Design (hold) WNHS = 0.003110, TNHS = 0.000000, NHVP = 0

    Scenario default  WNS = 0.000336, TNS = 0.000000, NVP = 0
    Scenario default  WNHS = 0.003110, TNHS = 0.000000, NHVP = 0
    Scenario default
       Path Group core_clk  WNS = 0.000336, TNS = 0.000000, NVP = 0
       Path Group **reg2out_default**  WNS = 0.429522, TNS = 0.000000, NVP = 0
       Path Group **in2reg_default**  WNS = 0.495897, TNS = 0.000000, NVP = 0
    Scenario default
       Path Group core_clk  WNHS = 0.003110, TNHS = 0.000000, NHVP = 0
       Path Group **in2reg_default**  WNHS = 0.010664, TNHS = 0.000000, NHVP = 0
       Path Group **reg2out_default**  WNHS = 0.138777, TNHS = 0.000000, NHVP = 0
---------------------------------------------------------------------------------------------
CCD-QoR: Timing: WNS = 0.000, TNS = 0.000, NVP = 0, UNWEIGHTED_TNS = 0.000, WNHS = 0.003, TNHS = 0.000, NHVP = 0, UNWEIGHTED_TNHS = 0.000, R2R(wns=nan, tns=0.000000, nvp=0)

Information: There is no DRC violation or all DRC violations are not fixable.

    Optimization Summary 		

-------------------------------------------------

	# Drivers Attempted               =          0
	# Skipped during isValid and estimate          =          0
	# Failed subgraph evaluation           =          0
	# Failed main graph committ          =          0
	# Successful main graph commit      =          0
	# NumCTCells changed               =          0


	# Total CPU time                  = 00h:00m:00s
	# Total elapsed time              = 00h:00m:00s
	# Flow total speed up             =     0.9973

-------------------------------------------------


CCD: After CG based optimization:
---------------------------------------------------------------------------------------------
 Design (setup) WNS = 0.000336, TNS = 0.000000, NVP = 0
 Design (hold) WNHS = 0.003110, TNHS = 0.000000, NHVP = 0

    Scenario default  WNS = 0.000336, TNS = 0.000000, NVP = 0
    Scenario default  WNHS = 0.003110, TNHS = 0.000000, NHVP = 0
    Scenario default
       Path Group core_clk  WNS = 0.000336, TNS = 0.000000, NVP = 0
       Path Group **reg2out_default**  WNS = 0.429522, TNS = 0.000000, NVP = 0
       Path Group **in2reg_default**  WNS = 0.495897, TNS = 0.000000, NVP = 0
    Scenario default
       Path Group core_clk  WNHS = 0.003110, TNHS = 0.000000, NHVP = 0
       Path Group **in2reg_default**  WNHS = 0.010664, TNHS = 0.000000, NHVP = 0
       Path Group **reg2out_default**  WNHS = 0.138777, TNHS = 0.000000, NHVP = 0
---------------------------------------------------------------------------------------------
CCD-QoR: Timing: WNS = 0.000, TNS = 0.000, NVP = 0, UNWEIGHTED_TNS = 0.000, WNHS = 0.003, TNHS = 0.000, NHVP = 0, UNWEIGHTED_TNHS = 0.000, R2R(wns=nan, tns=0.000000, nvp=0)
Information: The netlist change observers are enabled for incremental timing updates. (TIM-120)
Route Cleanup and Reuse: 0 shapes being reused for 0 clock nets
INFO: optApi switch to OPTO purpose
enhanced site row merge :  1
Key: core9, value: 0x93d593b0
Number of Site types in the design = 1
 CCD flow runtime: cpu 0.182628, elapsed 0.242062, speed up 0.754468.
Mark clock trees...
Marking clock synthesized attributes

Marking spacing rules

Clock cell spacing rule list:
   No clock cell spacing rule is found.

Summary of messages during CTS:
===============================================================
  Tag   Count  Type           Description
---------------------------------------------------------------
CTS-038    1  Warning  No clock routing rule is specified.
INFO: cellmap features:  adv-rules=(N), pdc=(N), clock-rules=(Y)

Enable clock slack update
INFO: cellmap features:  adv-rules=(Y), pdc=(Y), clock-rules=(Y)
Clock-opt optimization Phase 23 Iter  1         0.00        0.00      0.84         0      11137.68      551.83        2478              0.03      1801
INFO: cellmap features:  adv-rules=(N), pdc=(N), clock-rules=(Y)

Clock-opt optimization Phase 24 Iter  1         0.00        0.00      0.84         0      11137.68      551.83        2478              0.03      1801
Clock-opt optimization Phase 24 Iter  2         0.00        0.00      0.84         0      11137.68      551.83        2478              0.03      1801
Clock-opt optimization Phase 24 Iter  3         0.00        0.00      0.84         0      11137.68      551.83        2478              0.03      1801
Clock-opt optimization Phase 24 Iter  4         0.00        0.00      0.84         0      11137.68      551.83        2478              0.03      1801
Clock-opt optimization Phase 24 Iter  5         0.00        0.00      0.84         0      11137.68      551.83        2478              0.03      1801
Clock-opt optimization Phase 24 Iter  6         0.00        0.00      0.84         0      11137.68      551.83        2478              0.03      1801
Clock-opt optimization Phase 24 Iter  7         0.00        0.00      0.84         0      11137.68      551.83        2478              0.03      1801
Clock-opt optimization Phase 24 Iter  8         0.00        0.00      0.84         0      11137.68      551.83        2478              0.03      1801
Clock-opt optimization Phase 24 Iter  9         0.00        0.00      0.84         0      11137.68      551.83        2478              0.03      1801
Clock-opt optimization Phase 24 Iter 10         0.00        0.00      0.84         0      11137.68      551.83        2478              0.03      1801
Corner Scaling is off, multiplier is 1.000000
ndr: _snps_autoNdr_power added
Using default layer MET4
new cutoff lpd: 4.91218e-07
corner scaling: maxCornerId = 0
corner=default, tran factor=1.000000 (0.208726 / 0.208726)
Clock-opt optimization Phase 24 Iter 11         0.00        0.00      0.84         0      11137.68      551.83        2478              0.03      1801
Clock-opt optimization Phase 24 Iter 12         0.00        0.00      0.84         0      11137.68      551.83        2478              0.03      1801
Corner Scaling is off, multiplier is 1.000000
ndr: _snps_autoNdr_power added
Using default layer MET4
new cutoff lpd: 4.91218e-07
corner scaling: maxCornerId = 0
corner=default, tran factor=1.000000 (0.208726 / 0.208726)
Clock-opt optimization Phase 24 Iter 13         0.00        0.00      0.84         0      11137.68      551.83        2478              0.03      1801
Corner Scaling is off, multiplier is 1.000000
ndr: _snps_autoNdr_power added
Using default layer MET4
new cutoff lpd: 4.91218e-07
corner scaling: maxCornerId = 0
corner=default, tran factor=1.000000 (0.208726 / 0.208726)
Clock-opt optimization Phase 24 Iter 14         0.00        0.00      0.84         0      11137.68      551.83        2478              0.03      1801
Corner Scaling is off, multiplier is 1.000000
ndr: _snps_autoNdr_power added
Using default layer MET4
new cutoff lpd: 4.91218e-07
corner scaling: maxCornerId = 0
corner=default, tran factor=1.000000 (0.208726 / 0.208726)
Corner Scaling is off, multiplier is 1.000000
ndr: _snps_autoNdr_power added
Using default layer MET4
new cutoff lpd: 4.91218e-07
corner scaling: maxCornerId = 0
corner=default, tran factor=1.000000 (0.208726 / 0.208726)
Clock-opt optimization Phase 24 Iter 15         0.00        0.00      0.84         0      11137.68      551.83        2478              0.03      1801
Corner Scaling is off, multiplier is 1.000000
ndr: _snps_autoNdr_power added
Using default layer MET4
new cutoff lpd: 4.91218e-07
corner scaling: maxCornerId = 0
corner=default, tran factor=1.000000 (0.208726 / 0.208726)
Corner Scaling is off, multiplier is 1.000000
ndr: _snps_autoNdr_power added
Using default layer MET4
new cutoff lpd: 4.91218e-07
corner scaling: maxCornerId = 0
corner=default, tran factor=1.000000 (0.208726 / 0.208726)
Clock-opt optimization Phase 24 Iter 16         0.00        0.00      0.84         0      11137.68      551.83        2478              0.03      1801
Corner Scaling is off, multiplier is 1.000000
ndr: _snps_autoNdr_power added
Using default layer MET4
new cutoff lpd: 4.91218e-07
corner scaling: maxCornerId = 0
corner=default, tran factor=1.000000 (0.208726 / 0.208726)
Corner Scaling is off, multiplier is 1.000000
ndr: _snps_autoNdr_power added
Using default layer MET4
new cutoff lpd: 4.91218e-07
corner scaling: maxCornerId = 0
corner=default, tran factor=1.000000 (0.208726 / 0.208726)
Clock-opt optimization Phase 24 Iter 17         0.00        0.00      0.84         0      11137.68      551.83        2478              0.03      1801

Clock-opt optimization Phase 25 Iter  1         0.00        0.00      0.84         0      11137.68      551.83        2478              0.03      1801
Warning: Design includes unreasonable large hold violation(s). (OPT-209)
Clock-opt optimization Phase 25 Iter  2         0.00        0.00      0.84         0      11137.68      551.83        2478              0.03      1801
Warning: Design includes unreasonable large hold violation(s). (OPT-209)
INFO: updating slack distrubution time borrowing
updateTimeBorrowsAndSi elapsed: 9.380000

Clock-opt optimization Phase 26 Iter  1         0.00        0.00      0.84         0      11137.68      551.83        2478              0.03      1801
Information: The value of option cts.compile.enable_cell_relocation has been overridden to "leaf_only" to support latency-driven placement. (CTS-973)
Information: CTS will work on the following scenarios. (CTS-101)
   default	(Mode: default; Corner: default)
Information: CTS will work on all clocks in active scenarios, including 1 master clocks and 0 generated clocks. (CTS-107)
Output units used in this log:
   Time        : 1.00ns
   Resistance  : 1.00kOhm
   Capacitance : 1.00pF
   Power       : 1.00nW
   Length      : 1.00um
Information: Clock derating is enabled

CTS related app options set by user:
   No CTS related app option is set.

Buffer/Inverter reference list for clock tree synthesis:
   ics55_LLSC_H9CR_typ_tt_1p2_25/BUFX0P7H9R
   ics55_LLSC_H9CR_typ_tt_1p2_25/BUFX11H9R
   ics55_LLSC_H9CR_typ_tt_1p2_25/BUFX13H9R
   ics55_LLSC_H9CR_typ_tt_1p2_25/BUFX16H9R
   ics55_LLSC_H9CR_typ_tt_1p2_25/BUFX1H9R
   ics55_LLSC_H9CR_typ_tt_1p2_25/BUFX1P4H9R
   ics55_LLSC_H9CR_typ_tt_1p2_25/BUFX1P7H9R
   ics55_LLSC_H9CR_typ_tt_1p2_25/BUFX2H9R
   ics55_LLSC_H9CR_typ_tt_1p2_25/BUFX2P5H9R
   ics55_LLSC_H9CR_typ_tt_1p2_25/BUFX3H9R
   ics55_LLSC_H9CR_typ_tt_1p2_25/BUFX3P5H9R
   ics55_LLSC_H9CR_typ_tt_1p2_25/BUFX4H9R
   ics55_LLSC_H9CR_typ_tt_1p2_25/BUFX5H9R
   ics55_LLSC_H9CR_typ_tt_1p2_25/BUFX6H9R
   ics55_LLSC_H9CR_typ_tt_1p2_25/BUFX7P5H9R
   ics55_LLSC_H9CR_typ_tt_1p2_25/BUFX9H9R
   ics55_LLSC_H9CR_typ_tt_1p2_25/DLY2X0P5H9R
   ics55_LLSC_H9CR_typ_tt_1p2_25/DLY2X1H9R
   ics55_LLSC_H9CR_typ_tt_1p2_25/DLY2X2H9R
   ics55_LLSC_H9CR_typ_tt_1p2_25/DLY2X4H9R
   ics55_LLSC_H9CR_typ_tt_1p2_25/DLY4X0P5H9R
   ics55_LLSC_H9CR_typ_tt_1p2_25/DLY4X1H9R
   ics55_LLSC_H9CR_typ_tt_1p2_25/DLY4X2H9R
   ics55_LLSC_H9CR_typ_tt_1p2_25/DLY4X4H9R
   ics55_LLSC_H9CR_typ_tt_1p2_25/FREEICGX0P5H9R
   ics55_LLSC_H9CR_typ_tt_1p2_25/FREEICGX0P6H9R
   ics55_LLSC_H9CR_typ_tt_1p2_25/FREEICGX0P7H9R
   ics55_LLSC_H9CR_typ_tt_1p2_25/FREEICGX0P8H9R
   ics55_LLSC_H9CR_typ_tt_1p2_25/FREEICGX11H9R
   ics55_LLSC_H9CR_typ_tt_1p2_25/FREEICGX13H9R
   ics55_LLSC_H9CR_typ_tt_1p2_25/FREEICGX16H9R
   ics55_LLSC_H9CR_typ_tt_1p2_25/FREEICGX1H9R
   ics55_LLSC_H9CR_typ_tt_1p2_25/FREEICGX1P2H9R
   ics55_LLSC_H9CR_typ_tt_1p2_25/FREEICGX1P4H9R
   ics55_LLSC_H9CR_typ_tt_1p2_25/FREEICGX1P7H9R
   ics55_LLSC_H9CR_typ_tt_1p2_25/FREEICGX2H9R
   ics55_LLSC_H9CR_typ_tt_1p2_25/FREEICGX2P5H9R
   ics55_LLSC_H9CR_typ_tt_1p2_25/FREEICGX3H9R
   ics55_LLSC_H9CR_typ_tt_1p2_25/FREEICGX3P5H9R
   ics55_LLSC_H9CR_typ_tt_1p2_25/FREEICGX4H9R
   ics55_LLSC_H9CR_typ_tt_1p2_25/FREEICGX5H9R
   ics55_LLSC_H9CR_typ_tt_1p2_25/FREEICGX6H9R
   ics55_LLSC_H9CR_typ_tt_1p2_25/FREEICGX7P5H9R
   ics55_LLSC_H9CR_typ_tt_1p2_25/FREEICGX9H9R
   ics55_LLSC_H9CR_typ_tt_1p2_25/INVX0P5H9R
   ics55_LLSC_H9CR_typ_tt_1p2_25/INVX0P7H9R
   ics55_LLSC_H9CR_typ_tt_1p2_25/INVX11H9R
   ics55_LLSC_H9CR_typ_tt_1p2_25/INVX13H9R
   ics55_LLSC_H9CR_typ_tt_1p2_25/INVX16H9R
   ics55_LLSC_H9CR_typ_tt_1p2_25/INVX1H9R
   ics55_LLSC_H9CR_typ_tt_1p2_25/INVX1P4H9R
   ics55_LLSC_H9CR_typ_tt_1p2_25/INVX1P7H9R
   ics55_LLSC_H9CR_typ_tt_1p2_25/INVX2H9R
   ics55_LLSC_H9CR_typ_tt_1p2_25/INVX2P5H9R
   ics55_LLSC_H9CR_typ_tt_1p2_25/INVX3H9R
   ics55_LLSC_H9CR_typ_tt_1p2_25/INVX3P5H9R
   ics55_LLSC_H9CR_typ_tt_1p2_25/INVX4H9R
   ics55_LLSC_H9CR_typ_tt_1p2_25/INVX5H9R
   ics55_LLSC_H9CR_typ_tt_1p2_25/INVX6H9R
   ics55_LLSC_H9CR_typ_tt_1p2_25/INVX7P5H9R
   ics55_LLSC_H9CR_typ_tt_1p2_25/INVX9H9R
There is no CTS reference for ICG cells

register reference list:
   ics55_LLSC_H9CR_typ_tt_1p2_25/ADFFQNX0P5H9R
   ics55_LLSC_H9CR_typ_tt_1p2_25/ADFFQNX1H9R
   ics55_LLSC_H9CR_typ_tt_1p2_25/ADFFQNX2H9R
   ics55_LLSC_H9CR_typ_tt_1p2_25/ADFFQNX3H9R
   ics55_LLSC_H9CR_typ_tt_1p2_25/ADFFQX0P5H9R
   ics55_LLSC_H9CR_typ_tt_1p2_25/ADFFQX1H9R
   ics55_LLSC_H9CR_typ_tt_1p2_25/ADFFQX2H9R
   ics55_LLSC_H9CR_typ_tt_1p2_25/ADFFQX3H9R
   ics55_LLSC_H9CR_typ_tt_1p2_25/ADFFQX4H9R
   ics55_LLSC_H9CR_typ_tt_1p2_25/ASDFFQNX0P5H9R
   ics55_LLSC_H9CR_typ_tt_1p2_25/ASDFFQNX1H9R
   ics55_LLSC_H9CR_typ_tt_1p2_25/ASDFFQNX2H9R
   ics55_LLSC_H9CR_typ_tt_1p2_25/ASDFFQNX3H9R
   ics55_LLSC_H9CR_typ_tt_1p2_25/ASDFFQX0P5H9R
   ics55_LLSC_H9CR_typ_tt_1p2_25/ASDFFQX1H9R
   ics55_LLSC_H9CR_typ_tt_1p2_25/ASDFFQX2H9R
   ics55_LLSC_H9CR_typ_tt_1p2_25/ASDFFQX3H9R
   ics55_LLSC_H9CR_typ_tt_1p2_25/ASDFFQX4H9R
   ics55_LLSC_H9CR_typ_tt_1p2_25/DFF2DQX1H9R
   ics55_LLSC_H9CR_typ_tt_1p2_25/DFF2DQX2H9R
   ics55_LLSC_H9CR_typ_tt_1p2_25/DFF2DQX3H9R
   ics55_LLSC_H9CR_typ_tt_1p2_25/DFF2DQX4H9R
   ics55_LLSC_H9CR_typ_tt_1p2_25/DFFQX0P5H9R
   ics55_LLSC_H9CR_typ_tt_1p2_25/DFFQX1H9R
   ics55_LLSC_H9CR_typ_tt_1p2_25/DFFQX2H9R
   ics55_LLSC_H9CR_typ_tt_1p2_25/DFFQX3H9R
   ics55_LLSC_H9CR_typ_tt_1p2_25/DFFQX4H9R
   ics55_LLSC_H9CR_typ_tt_1p2_25/DFFNQX1H9R
   ics55_LLSC_H9CR_typ_tt_1p2_25/DFFNQX2H9R
   ics55_LLSC_H9CR_typ_tt_1p2_25/DFFNQX3H9R
   ics55_LLSC_H9CR_typ_tt_1p2_25/DFFNRPQX1H9R
   ics55_LLSC_H9CR_typ_tt_1p2_25/DFFNRPQX2H9R
   ics55_LLSC_H9CR_typ_tt_1p2_25/DFFNRPQX3H9R
   ics55_LLSC_H9CR_typ_tt_1p2_25/DFFNRSX1H9R
   ics55_LLSC_H9CR_typ_tt_1p2_25/DFFNRSX2H9R
   ics55_LLSC_H9CR_typ_tt_1p2_25/DFFNRSX4H9R
   ics55_LLSC_H9CR_typ_tt_1p2_25/DFFNRX1H9R
   ics55_LLSC_H9CR_typ_tt_1p2_25/DFFNRX2H9R
   ics55_LLSC_H9CR_typ_tt_1p2_25/DFFNRX4H9R
   ics55_LLSC_H9CR_typ_tt_1p2_25/DFFNSQX1H9R
   ics55_LLSC_H9CR_typ_tt_1p2_25/DFFNSQX2H9R
   ics55_LLSC_H9CR_typ_tt_1p2_25/DFFNSQX3H9R
   ics55_LLSC_H9CR_typ_tt_1p2_25/DFFNSRPQX1H9R
   ics55_LLSC_H9CR_typ_tt_1p2_25/DFFNSRPQX2H9R
   ics55_LLSC_H9CR_typ_tt_1p2_25/DFFNSRPQX3H9R
   ics55_LLSC_H9CR_typ_tt_1p2_25/DFFNSX1H9R
   ics55_LLSC_H9CR_typ_tt_1p2_25/DFFNSX2H9R
   ics55_LLSC_H9CR_typ_tt_1p2_25/DFFNSX4H9R
   ics55_LLSC_H9CR_typ_tt_1p2_25/DFFNX1H9R
   ics55_LLSC_H9CR_typ_tt_1p2_25/DFFNX2H9R
   ics55_LLSC_H9CR_typ_tt_1p2_25/DFFNX4H9R
   ics55_LLSC_H9CR_typ_tt_1p2_25/DFFQNX0P5H9R
   ics55_LLSC_H9CR_typ_tt_1p2_25/DFFQNX1H9R
   ics55_LLSC_H9CR_typ_tt_1p2_25/DFFQNX2H9R
   ics55_LLSC_H9CR_typ_tt_1p2_25/DFFQNX3H9R
   ics55_LLSC_H9CR_typ_tt_1p2_25/DFFRPQNX0P5H9R
   ics55_LLSC_H9CR_typ_tt_1p2_25/DFFRPQNX1H9R
   ics55_LLSC_H9CR_typ_tt_1p2_25/DFFRPQNX2H9R
   ics55_LLSC_H9CR_typ_tt_1p2_25/DFFRPQNX3H9R
   ics55_LLSC_H9CR_typ_tt_1p2_25/DFFRPQX0P5H9R
   ics55_LLSC_H9CR_typ_tt_1p2_25/DFFRPQX1H9R
   ics55_LLSC_H9CR_typ_tt_1p2_25/DFFRPQX2H9R
   ics55_LLSC_H9CR_typ_tt_1p2_25/DFFRPQX3H9R
   ics55_LLSC_H9CR_typ_tt_1p2_25/DFFRPQX4H9R
   ics55_LLSC_H9CR_typ_tt_1p2_25/DFFRQX1H9R
   ics55_LLSC_H9CR_typ_tt_1p2_25/DFFRQX2H9R
   ics55_LLSC_H9CR_typ_tt_1p2_25/DFFRQX4H9R
   ics55_LLSC_H9CR_typ_tt_1p2_25/DFFRSX1H9R
   ics55_LLSC_H9CR_typ_tt_1p2_25/DFFRSX2H9R
   ics55_LLSC_H9CR_typ_tt_1p2_25/DFFRSX4H9R
   ics55_LLSC_H9CR_typ_tt_1p2_25/DFFRX1H9R
   ics55_LLSC_H9CR_typ_tt_1p2_25/DFFRX2H9R
   ics55_LLSC_H9CR_typ_tt_1p2_25/DFFRX4H9R
   ics55_LLSC_H9CR_typ_tt_1p2_25/DFFSQNX0P5H9R
   ics55_LLSC_H9CR_typ_tt_1p2_25/DFFSQNX1H9R
   ics55_LLSC_H9CR_typ_tt_1p2_25/DFFSQNX2H9R
   ics55_LLSC_H9CR_typ_tt_1p2_25/DFFSQNX3H9R
   ics55_LLSC_H9CR_typ_tt_1p2_25/DFFSQX0P5H9R
   ics55_LLSC_H9CR_typ_tt_1p2_25/DFFSQX1H9R
   ics55_LLSC_H9CR_typ_tt_1p2_25/DFFSQX2H9R
   ics55_LLSC_H9CR_typ_tt_1p2_25/DFFSQX3H9R
   ics55_LLSC_H9CR_typ_tt_1p2_25/DFFSQX4H9R
   ics55_LLSC_H9CR_typ_tt_1p2_25/DFFSRPQX0P5H9R
   ics55_LLSC_H9CR_typ_tt_1p2_25/DFFSRPQX1H9R
   ics55_LLSC_H9CR_typ_tt_1p2_25/DFFSRPQX2H9R
   ics55_LLSC_H9CR_typ_tt_1p2_25/DFFSRPQX3H9R
   ics55_LLSC_H9CR_typ_tt_1p2_25/DFFSRPQX4H9R
   ics55_LLSC_H9CR_typ_tt_1p2_25/DFFSX1H9R
   ics55_LLSC_H9CR_typ_tt_1p2_25/DFFSX2H9R
   ics55_LLSC_H9CR_typ_tt_1p2_25/DFFSX4H9R
   ics55_LLSC_H9CR_typ_tt_1p2_25/DFFTRSX1H9R
   ics55_LLSC_H9CR_typ_tt_1p2_25/DFFTRSX2H9R
   ics55_LLSC_H9CR_typ_tt_1p2_25/DFFTRX1H9R
   ics55_LLSC_H9CR_typ_tt_1p2_25/DFFTRX2H9R
   ics55_LLSC_H9CR_typ_tt_1p2_25/DFFTRX4H9R
   ics55_LLSC_H9CR_typ_tt_1p2_25/DFFTSX1H9R
   ics55_LLSC_H9CR_typ_tt_1p2_25/DFFTSX2H9R
   ics55_LLSC_H9CR_typ_tt_1p2_25/DFFTSX4H9R
   ics55_LLSC_H9CR_typ_tt_1p2_25/DFFX1H9R
   ics55_LLSC_H9CR_typ_tt_1p2_25/DFFX2H9R
   ics55_LLSC_H9CR_typ_tt_1p2_25/DFFX4H9R
   ics55_LLSC_H9CR_typ_tt_1p2_25/EDFFQNX0P5H9R
   ics55_LLSC_H9CR_typ_tt_1p2_25/EDFFQNX1H9R
   ics55_LLSC_H9CR_typ_tt_1p2_25/EDFFQNX2H9R
   ics55_LLSC_H9CR_typ_tt_1p2_25/EDFFQNX3H9R
   ics55_LLSC_H9CR_typ_tt_1p2_25/EDFFQX0P5H9R
   ics55_LLSC_H9CR_typ_tt_1p2_25/EDFFQX1H9R
   ics55_LLSC_H9CR_typ_tt_1p2_25/EDFFQX2H9R
   ics55_LLSC_H9CR_typ_tt_1p2_25/EDFFQX3H9R
   ics55_LLSC_H9CR_typ_tt_1p2_25/EDFFRQX1H9R
   ics55_LLSC_H9CR_typ_tt_1p2_25/EDFFRQX2H9R
   ics55_LLSC_H9CR_typ_tt_1p2_25/EDFFRQX4H9R
   ics55_LLSC_H9CR_typ_tt_1p2_25/EDFFRX1H9R
   ics55_LLSC_H9CR_typ_tt_1p2_25/EDFFRX2H9R
   ics55_LLSC_H9CR_typ_tt_1p2_25/EDFFRX4H9R
   ics55_LLSC_H9CR_typ_tt_1p2_25/EDFFTRQX1H9R
   ics55_LLSC_H9CR_typ_tt_1p2_25/EDFFTRQX2H9R
   ics55_LLSC_H9CR_typ_tt_1p2_25/EDFFTRQX4H9R
   ics55_LLSC_H9CR_typ_tt_1p2_25/EDFFTRX1H9R
   ics55_LLSC_H9CR_typ_tt_1p2_25/EDFFTRX2H9R
   ics55_LLSC_H9CR_typ_tt_1p2_25/EDFFTRX4H9R
   ics55_LLSC_H9CR_typ_tt_1p2_25/EDFFX1H9R
   ics55_LLSC_H9CR_typ_tt_1p2_25/EDFFX2H9R
   ics55_LLSC_H9CR_typ_tt_1p2_25/EDFFX4H9R
   ics55_LLSC_H9CR_typ_tt_1p2_25/ESDFFQNX0P5H9R
   ics55_LLSC_H9CR_typ_tt_1p2_25/ESDFFQNX1H9R
   ics55_LLSC_H9CR_typ_tt_1p2_25/ESDFFQNX2H9R
   ics55_LLSC_H9CR_typ_tt_1p2_25/ESDFFQNX3H9R
   ics55_LLSC_H9CR_typ_tt_1p2_25/ESDFFQX0P5H9R
   ics55_LLSC_H9CR_typ_tt_1p2_25/ESDFFQX1H9R
   ics55_LLSC_H9CR_typ_tt_1p2_25/ESDFFQX2H9R
   ics55_LLSC_H9CR_typ_tt_1p2_25/ESDFFQX3H9R
   ics55_LLSC_H9CR_typ_tt_1p2_25/ESDFFRQX1H9R
   ics55_LLSC_H9CR_typ_tt_1p2_25/ESDFFRQX2H9R
   ics55_LLSC_H9CR_typ_tt_1p2_25/ESDFFRQX4H9R
   ics55_LLSC_H9CR_typ_tt_1p2_25/ESDFFRX1H9R
   ics55_LLSC_H9CR_typ_tt_1p2_25/ESDFFRX4H9R
   ics55_LLSC_H9CR_typ_tt_1p2_25/ESDFFTRQX1H9R
   ics55_LLSC_H9CR_typ_tt_1p2_25/ESDFFTRQX2H9R
   ics55_LLSC_H9CR_typ_tt_1p2_25/ESDFFTRQX4H9R
   ics55_LLSC_H9CR_typ_tt_1p2_25/ESDFFTRX1H9R
   ics55_LLSC_H9CR_typ_tt_1p2_25/ESDFFTRX2H9R
   ics55_LLSC_H9CR_typ_tt_1p2_25/ESDFFTRX4H9R
   ics55_LLSC_H9CR_typ_tt_1p2_25/ESDFFX1H9R
   ics55_LLSC_H9CR_typ_tt_1p2_25/ESDFFX2H9R
   ics55_LLSC_H9CR_typ_tt_1p2_25/ESDFFX4H9R
   ics55_LLSC_H9CR_typ_tt_1p2_25/LATHQNX0P5H9R
   ics55_LLSC_H9CR_typ_tt_1p2_25/LATHQNX1H9R
   ics55_LLSC_H9CR_typ_tt_1p2_25/LATHQNX2H9R
   ics55_LLSC_H9CR_typ_tt_1p2_25/LATHQNX3H9R
   ics55_LLSC_H9CR_typ_tt_1p2_25/LATHQNX4H9R
   ics55_LLSC_H9CR_typ_tt_1p2_25/LATHQX0P5H9R
   ics55_LLSC_H9CR_typ_tt_1p2_25/LATHQX1H9R
   ics55_LLSC_H9CR_typ_tt_1p2_25/LATHQX2H9R
   ics55_LLSC_H9CR_typ_tt_1p2_25/LATHQX3H9R
   ics55_LLSC_H9CR_typ_tt_1p2_25/LATHRPQNX0P5H9R
   ics55_LLSC_H9CR_typ_tt_1p2_25/LATHRPQNX1H9R
   ics55_LLSC_H9CR_typ_tt_1p2_25/LATHRPQNX2H9R
   ics55_LLSC_H9CR_typ_tt_1p2_25/LATHRPQNX3H9R
   ics55_LLSC_H9CR_typ_tt_1p2_25/LATHRPQNX4H9R
   ics55_LLSC_H9CR_typ_tt_1p2_25/LATHRQX0P5H9R
   ics55_LLSC_H9CR_typ_tt_1p2_25/LATHRQX1H9R
   ics55_LLSC_H9CR_typ_tt_1p2_25/LATHRQX2H9R
   ics55_LLSC_H9CR_typ_tt_1p2_25/LATHRQX3H9R
   ics55_LLSC_H9CR_typ_tt_1p2_25/LATHSPQX0P5H9R
   ics55_LLSC_H9CR_typ_tt_1p2_25/LATHSPQX1H9R
   ics55_LLSC_H9CR_typ_tt_1p2_25/LATHSPQX2H9R
   ics55_LLSC_H9CR_typ_tt_1p2_25/LATHSPQX3H9R
   ics55_LLSC_H9CR_typ_tt_1p2_25/LATHSQNX0P5H9R
   ics55_LLSC_H9CR_typ_tt_1p2_25/LATHSQNX1H9R
   ics55_LLSC_H9CR_typ_tt_1p2_25/LATHSQNX2H9R
   ics55_LLSC_H9CR_typ_tt_1p2_25/LATHSQNX3H9R
   ics55_LLSC_H9CR_typ_tt_1p2_25/LATHSQNX4H9R
   ics55_LLSC_H9CR_typ_tt_1p2_25/LATHSRX1H9R
   ics55_LLSC_H9CR_typ_tt_1p2_25/LATHSRX2H9R
   ics55_LLSC_H9CR_typ_tt_1p2_25/LATHSRX4H9R
   ics55_LLSC_H9CR_typ_tt_1p2_25/LATLQNX0P5H9R
   ics55_LLSC_H9CR_typ_tt_1p2_25/LATLQNX1H9R
   ics55_LLSC_H9CR_typ_tt_1p2_25/LATLQNX2H9R
   ics55_LLSC_H9CR_typ_tt_1p2_25/LATLQNX3H9R
   ics55_LLSC_H9CR_typ_tt_1p2_25/LATLQNX4H9R
   ics55_LLSC_H9CR_typ_tt_1p2_25/LATLQX0P5H9R
   ics55_LLSC_H9CR_typ_tt_1p2_25/LATLQX1H9R
   ics55_LLSC_H9CR_typ_tt_1p2_25/LATLQX2H9R
   ics55_LLSC_H9CR_typ_tt_1p2_25/LATLQX3H9R
   ics55_LLSC_H9CR_typ_tt_1p2_25/LATLRPQNX0P5H9R
   ics55_LLSC_H9CR_typ_tt_1p2_25/LATLRPQNX1H9R
   ics55_LLSC_H9CR_typ_tt_1p2_25/LATLRPQNX2H9R
   ics55_LLSC_H9CR_typ_tt_1p2_25/LATLRPQNX3H9R
   ics55_LLSC_H9CR_typ_tt_1p2_25/LATLRPQNX4H9R
   ics55_LLSC_H9CR_typ_tt_1p2_25/LATLRQX0P5H9R
   ics55_LLSC_H9CR_typ_tt_1p2_25/LATLRQX1H9R
   ics55_LLSC_H9CR_typ_tt_1p2_25/LATLRQX2H9R
   ics55_LLSC_H9CR_typ_tt_1p2_25/LATLRQX3H9R
   ics55_LLSC_H9CR_typ_tt_1p2_25/LATLSPQX0P5H9R
   ics55_LLSC_H9CR_typ_tt_1p2_25/LATLSPQX1H9R
   ics55_LLSC_H9CR_typ_tt_1p2_25/LATLSPQX2H9R
   ics55_LLSC_H9CR_typ_tt_1p2_25/LATLSPQX3H9R
   ics55_LLSC_H9CR_typ_tt_1p2_25/LATLSQNX0P5H9R
   ics55_LLSC_H9CR_typ_tt_1p2_25/LATLSQNX1H9R
   ics55_LLSC_H9CR_typ_tt_1p2_25/LATLSQNX2H9R
   ics55_LLSC_H9CR_typ_tt_1p2_25/LATLSQNX3H9R
   ics55_LLSC_H9CR_typ_tt_1p2_25/LATLSQNX4H9R
   ics55_LLSC_H9CR_typ_tt_1p2_25/LATLSRX1H9R
   ics55_LLSC_H9CR_typ_tt_1p2_25/LATLSRX2H9R
   ics55_LLSC_H9CR_typ_tt_1p2_25/LATLSRX4H9R
   ics55_LLSC_H9CR_typ_tt_1p2_25/MDFFQNX0P5H9R
   ics55_LLSC_H9CR_typ_tt_1p2_25/MDFFQNX1H9R
   ics55_LLSC_H9CR_typ_tt_1p2_25/MDFFQNX2H9R
   ics55_LLSC_H9CR_typ_tt_1p2_25/MDFFQNX3H9R
   ics55_LLSC_H9CR_typ_tt_1p2_25/SDFFQNX0P5H9R
   ics55_LLSC_H9CR_typ_tt_1p2_25/SDFFQNX1H9R
   ics55_LLSC_H9CR_typ_tt_1p2_25/SDFFQNX2H9R
   ics55_LLSC_H9CR_typ_tt_1p2_25/SDFFQNX3H9R
   ics55_LLSC_H9CR_typ_tt_1p2_25/MDFFQX0P5H9R
   ics55_LLSC_H9CR_typ_tt_1p2_25/MDFFQX1H9R
   ics55_LLSC_H9CR_typ_tt_1p2_25/MDFFQX2H9R
   ics55_LLSC_H9CR_typ_tt_1p2_25/MDFFQX3H9R
   ics55_LLSC_H9CR_typ_tt_1p2_25/MDFFQX4H9R
   ics55_LLSC_H9CR_typ_tt_1p2_25/SDFF2DQX1H9R
   ics55_LLSC_H9CR_typ_tt_1p2_25/SDFF2DQX2H9R
   ics55_LLSC_H9CR_typ_tt_1p2_25/SDFF2DQX3H9R
   ics55_LLSC_H9CR_typ_tt_1p2_25/SDFF2DQX4H9R
   ics55_LLSC_H9CR_typ_tt_1p2_25/SDFFQX0P5H9R
   ics55_LLSC_H9CR_typ_tt_1p2_25/SDFFQX1H9R
   ics55_LLSC_H9CR_typ_tt_1p2_25/SDFFQX2H9R
   ics55_LLSC_H9CR_typ_tt_1p2_25/SDFFQX3H9R
   ics55_LLSC_H9CR_typ_tt_1p2_25/SDFFQX4H9R
   ics55_LLSC_H9CR_typ_tt_1p2_25/MSDFFQNX0P5H9R
   ics55_LLSC_H9CR_typ_tt_1p2_25/MSDFFQNX1H9R
   ics55_LLSC_H9CR_typ_tt_1p2_25/MSDFFQNX2H9R
   ics55_LLSC_H9CR_typ_tt_1p2_25/MSDFFQNX3H9R
   ics55_LLSC_H9CR_typ_tt_1p2_25/MSDFFQX0P5H9R
   ics55_LLSC_H9CR_typ_tt_1p2_25/MSDFFQX1H9R
   ics55_LLSC_H9CR_typ_tt_1p2_25/MSDFFQX2H9R
   ics55_LLSC_H9CR_typ_tt_1p2_25/MSDFFQX3H9R
   ics55_LLSC_H9CR_typ_tt_1p2_25/MSDFFQX4H9R
   ics55_LLSC_H9CR_typ_tt_1p2_25/SDFFNQX1H9R
   ics55_LLSC_H9CR_typ_tt_1p2_25/SDFFNQX2H9R
   ics55_LLSC_H9CR_typ_tt_1p2_25/SDFFNQX3H9R
   ics55_LLSC_H9CR_typ_tt_1p2_25/SDFFNRPQX1H9R
   ics55_LLSC_H9CR_typ_tt_1p2_25/SDFFNRPQX2H9R
   ics55_LLSC_H9CR_typ_tt_1p2_25/SDFFNRPQX3H9R
   ics55_LLSC_H9CR_typ_tt_1p2_25/SDFFNRSX1H9R
   ics55_LLSC_H9CR_typ_tt_1p2_25/SDFFNRSX2H9R
   ics55_LLSC_H9CR_typ_tt_1p2_25/SDFFNRSX4H9R
   ics55_LLSC_H9CR_typ_tt_1p2_25/SDFFNRX1H9R
   ics55_LLSC_H9CR_typ_tt_1p2_25/SDFFNRX2H9R
   ics55_LLSC_H9CR_typ_tt_1p2_25/SDFFNRX4H9R
   ics55_LLSC_H9CR_typ_tt_1p2_25/SDFFNSQX1H9R
   ics55_LLSC_H9CR_typ_tt_1p2_25/SDFFNSQX2H9R
   ics55_LLSC_H9CR_typ_tt_1p2_25/SDFFNSQX3H9R
   ics55_LLSC_H9CR_typ_tt_1p2_25/SDFFNSRPQX1H9R
   ics55_LLSC_H9CR_typ_tt_1p2_25/SDFFNSRPQX2H9R
   ics55_LLSC_H9CR_typ_tt_1p2_25/SDFFNSRPQX3H9R
   ics55_LLSC_H9CR_typ_tt_1p2_25/SDFFNSX1H9R
   ics55_LLSC_H9CR_typ_tt_1p2_25/SDFFNSX2H9R
   ics55_LLSC_H9CR_typ_tt_1p2_25/SDFFNSX4H9R
   ics55_LLSC_H9CR_typ_tt_1p2_25/SDFFNX1H9R
   ics55_LLSC_H9CR_typ_tt_1p2_25/SDFFNX2H9R
   ics55_LLSC_H9CR_typ_tt_1p2_25/SDFFNX4H9R
   ics55_LLSC_H9CR_typ_tt_1p2_25/SDFFRPQNX0P5H9R
   ics55_LLSC_H9CR_typ_tt_1p2_25/SDFFRPQNX1H9R
   ics55_LLSC_H9CR_typ_tt_1p2_25/SDFFRPQNX2H9R
   ics55_LLSC_H9CR_typ_tt_1p2_25/SDFFRPQNX3H9R
   ics55_LLSC_H9CR_typ_tt_1p2_25/SDFFRPQX0P5H9R
   ics55_LLSC_H9CR_typ_tt_1p2_25/SDFFRPQX1H9R
   ics55_LLSC_H9CR_typ_tt_1p2_25/SDFFRPQX2H9R
   ics55_LLSC_H9CR_typ_tt_1p2_25/SDFFRPQX3H9R
   ics55_LLSC_H9CR_typ_tt_1p2_25/SDFFRPQX4H9R
   ics55_LLSC_H9CR_typ_tt_1p2_25/SDFFRQX1H9R
   ics55_LLSC_H9CR_typ_tt_1p2_25/SDFFRQX2H9R
   ics55_LLSC_H9CR_typ_tt_1p2_25/SDFFRQX4H9R
   ics55_LLSC_H9CR_typ_tt_1p2_25/SDFFRSX1H9R
   ics55_LLSC_H9CR_typ_tt_1p2_25/SDFFRSX2H9R
   ics55_LLSC_H9CR_typ_tt_1p2_25/SDFFRSX4H9R
   ics55_LLSC_H9CR_typ_tt_1p2_25/SDFFRX1H9R
   ics55_LLSC_H9CR_typ_tt_1p2_25/SDFFRX2H9R
   ics55_LLSC_H9CR_typ_tt_1p2_25/SDFFRX4H9R
   ics55_LLSC_H9CR_typ_tt_1p2_25/SDFFSQNX0P5H9R
   ics55_LLSC_H9CR_typ_tt_1p2_25/SDFFSQNX1H9R
   ics55_LLSC_H9CR_typ_tt_1p2_25/SDFFSQNX2H9R
   ics55_LLSC_H9CR_typ_tt_1p2_25/SDFFSQNX3H9R
   ics55_LLSC_H9CR_typ_tt_1p2_25/SDFFSQX0P5H9R
   ics55_LLSC_H9CR_typ_tt_1p2_25/SDFFSQX1H9R
   ics55_LLSC_H9CR_typ_tt_1p2_25/SDFFSQX2H9R
   ics55_LLSC_H9CR_typ_tt_1p2_25/SDFFSQX3H9R
   ics55_LLSC_H9CR_typ_tt_1p2_25/SDFFSQX4H9R
   ics55_LLSC_H9CR_typ_tt_1p2_25/SDFFSRPQX0P5H9R
   ics55_LLSC_H9CR_typ_tt_1p2_25/SDFFSRPQX1H9R
   ics55_LLSC_H9CR_typ_tt_1p2_25/SDFFSRPQX2H9R
   ics55_LLSC_H9CR_typ_tt_1p2_25/SDFFSRPQX3H9R
   ics55_LLSC_H9CR_typ_tt_1p2_25/SDFFSRPQX4H9R
   ics55_LLSC_H9CR_typ_tt_1p2_25/SDFFSX1H9R
   ics55_LLSC_H9CR_typ_tt_1p2_25/SDFFSX2H9R
   ics55_LLSC_H9CR_typ_tt_1p2_25/SDFFSX4H9R
   ics55_LLSC_H9CR_typ_tt_1p2_25/SDFFTRSX1H9R
   ics55_LLSC_H9CR_typ_tt_1p2_25/SDFFTRSX2H9R
   ics55_LLSC_H9CR_typ_tt_1p2_25/SDFFTRX1H9R
   ics55_LLSC_H9CR_typ_tt_1p2_25/SDFFTRX2H9R
   ics55_LLSC_H9CR_typ_tt_1p2_25/SDFFTRX4H9R
   ics55_LLSC_H9CR_typ_tt_1p2_25/SDFFTSX1H9R
   ics55_LLSC_H9CR_typ_tt_1p2_25/SDFFTSX2H9R
   ics55_LLSC_H9CR_typ_tt_1p2_25/SDFFTSX4H9R
   ics55_LLSC_H9CR_typ_tt_1p2_25/SDFFX1H9R
   ics55_LLSC_H9CR_typ_tt_1p2_25/SDFFX2H9R
   ics55_LLSC_H9CR_typ_tt_1p2_25/SDFFX4H9R
   ics55_LLSC_H9CR_typ_tt_1p2_25/DFFTRQX1H9R
   ics55_LLSC_H9CR_typ_tt_1p2_25/DFFTRQX2H9R
   ics55_LLSC_H9CR_typ_tt_1p2_25/DFFTRQX4H9R
   ics55_LLSC_H9CR_typ_tt_1p2_25/SDFFTRQX1H9R
   ics55_LLSC_H9CR_typ_tt_1p2_25/SDFFTRQX2H9R
   ics55_LLSC_H9CR_typ_tt_1p2_25/SDFFTRQX4H9R

Warning: Technology layer 'RDL' setting 'routing-direction' is not valid (NEX-001)
Information: 'default' is identified as primary corner for initial clock tree building. (CTS-103)
Warning: No clock routing rule is specified. (CTS-038)

Clock cell spacing rule list:
   No clock cell spacing rule is found.
CCD MOO settings for (gccd2gre, qor_tns): 1 engines
    Engine NONE_POWER has 1 objectives, 0 enabled moves, iterationLimit = 4, solverType = CG_LP, estimateFanoutPower = 0, mergeIOWithR2R = 0, areaOnly = 0, useOldEngine = 1, preponeOpt = 0
                tns300Cutoff = 300, capAllowance = 1.600000, cgccdScaleBack = 5, powerccdScaleBack = 100, needTrialSeedGeneration = 0, drcMargin = 0.000000, commitOneByOne = 0
            NONE_POWER: priority 10, weight 20.000000, degradationPercentAllowed 0.005000, step back 0.050000, isTargeted 1, isMaximize 0
        Moves enabled: 
DBG: ccdInfra::ccdInfra
Drc Mode Option: auto
Information: Legalizer's PDC rule check is NOT enabled
Information: Legalizer's advanced rule check is NOT enabled
DBG: ccdInfra::initAppOptions
DBG: ccdInfra::initCtsFixedBalancePins
CCD initialization runtime: cpu 0.015781, elapsed 0.018725, speed up 0.842777.

CCD-Info: App options set by user
   ccd.hold_control_effort = medium

CCD: Netlist change observers are disabled for incremental timing updates
Information: The netlist change observers are disabled for incremental timing updates. (TIM-119)
Information: The timing has been updated before disabling netlist and extraction change observers. (TIM-121)
CCD: using 1 threads
CTSSC route status detected: clock (VR 0, GR 12, DR 3168), data (VR 2, GR 11473, DR 0); stage = auto, isPostRoute = FALSE
INFO: optApi switch to CTS purpose
enhanced site row merge :  1
Key: core9, value: 0x9e4aa690
Number of Site types in the design = 1
Note - message 'POW-052' limit (10) exceeded. Remainder will be suppressed.
Total power = 0.720940, Leakage = 0.000552, Internal = 0.391818, Switching = 0.328570
Warning: Technology layer 'RDL' setting 'routing-direction' is not valid (NEX-001)

CCD: Initial QOR:
---------------------------------------------------------------------------------------------
 Design (setup) WNS = 0.000336, TNS = 0.000000, NVP = 0
 Design (hold) WNHS = 0.003110, TNHS = 0.000000, NHVP = 0

    Scenario default  WNS = 0.000336, TNS = 0.000000, NVP = 0
    Scenario default  WNHS = 0.003110, TNHS = 0.000000, NHVP = 0
    Scenario default
       Path Group core_clk  WNS = 0.000336, TNS = 0.000000, NVP = 0
       Path Group **reg2out_default**  WNS = 0.429522, TNS = 0.000000, NVP = 0
       Path Group **in2reg_default**  WNS = 0.495897, TNS = 0.000000, NVP = 0
    Scenario default
       Path Group core_clk  WNHS = 0.003110, TNHS = 0.000000, NHVP = 0
       Path Group **in2reg_default**  WNHS = 0.010664, TNHS = 0.000000, NHVP = 0
       Path Group **reg2out_default**  WNHS = 0.138777, TNHS = 0.000000, NHVP = 0
---------------------------------------------------------------------------------------------
CCD-QoR: Timing: WNS = 0.000, TNS = 0.000, NVP = 0, UNWEIGHTED_TNS = 0.000, WNHS = 0.003, TNHS = 0.000, NHVP = 0, UNWEIGHTED_TNHS = 0.000, R2R(wns=nan, tns=0.000000, nvp=0)
 All scenarios used by CCD
    scenario 0: default , isDynamicPower, isLeakagePower, isMaxTran, isMaxCap
          mode: default, id = 0
          corner: default, id = 0
          isSetup: wns = 0.000336, unweighted tns = 0.000000
          isHold: wns = 0.003110, unweighted tns = 0.000000

1,1|
    Optimization Summary 		

-------------------------------------------------

	# Drivers Attempted               =          2
	# Skipped during isValid and estimate          =          0
	# Failed subgraph evaluation           =          1
	# Failed main graph committ          =          0
	# Successful main graph commit      =          1
	# Subgraph evaluation success rate in percent =     0.5000
	# Sg2Main acceptance ratio in percent      =     1.0000
	# NumCTCells changed               =          0

	# Number of cells sized                =          1
	# Number of cells added                =          0
	# Number of cells removed                =          0

	# Total CPU time                  = 00h:00m:00s
	# Total elapsed time              = 00h:00m:00s
	# Flow total speed up             =     0.9950
	# Commit CPU time                 = 00h:00m:00s
	# Commit elapsed time             = 00h:00m:00s
	# Commit speed up                 =     0.9721
	# Generator CPU time              = 00h:00m:00s
	# Generator elapsed time          = 00h:00m:00s
	# Generator speed up              =     0.9966
	# Filter CPU time                 = 00h:00m:00s
	# Filter elapsed time             = 00h:00m:00s
	# Filter speed up                 =     0.9967
	# Sg CPU time                     = 00h:00m:00s
	# Sg elapsed time                 = 00h:00m:00s
	# Sg speed up                     =     0.9961
	# The rest of flow speed up       =     0.9966

-------------------------------------------------


CCD: After power optimization:
---------------------------------------------------------------------------------------------
 Design (setup) WNS = 0.000336, TNS = 0.000000, NVP = 0
 Design (hold) WNHS = 0.003110, TNHS = 0.000000, NHVP = 0

    Scenario default  WNS = 0.000336, TNS = 0.000000, NVP = 0
    Scenario default  WNHS = 0.003110, TNHS = 0.000000, NHVP = 0
    Scenario default
       Path Group core_clk  WNS = 0.000336, TNS = 0.000000, NVP = 0
       Path Group **reg2out_default**  WNS = 0.429522, TNS = 0.000000, NVP = 0
       Path Group **in2reg_default**  WNS = 0.495897, TNS = 0.000000, NVP = 0
    Scenario default
       Path Group core_clk  WNHS = 0.003110, TNHS = 0.000000, NHVP = 0
       Path Group **in2reg_default**  WNHS = 0.010664, TNHS = 0.000000, NHVP = 0
       Path Group **reg2out_default**  WNHS = 0.138777, TNHS = 0.000000, NHVP = 0
---------------------------------------------------------------------------------------------
CCD-QoR: Timing: WNS = 0.000, TNS = 0.000, NVP = 0, UNWEIGHTED_TNS = 0.000, WNHS = 0.003, TNHS = 0.000, NHVP = 0, UNWEIGHTED_TNHS = 0.000, R2R(wns=nan, tns=0.000000, nvp=0)
Information: The netlist change observers are enabled for incremental timing updates. (TIM-120)
Route Cleanup and Reuse: 0 shapes being reused for 0 clock nets
INFO: optApi switch to OPTO purpose
enhanced site row merge :  1
Key: core9, value: 0x93d58960
Number of Site types in the design = 1
 CCD flow runtime: cpu 0.269437, elapsed 0.307728, speed up 0.875569.
Mark clock trees...
Marking clock synthesized attributes

Marking spacing rules

Clock cell spacing rule list:
   No clock cell spacing rule is found.

Summary of messages during CTS:
===============================================================
  Tag   Count  Type           Description
---------------------------------------------------------------
CTS-038    1  Warning  No clock routing rule is specified.
INFO: cellmap features:  adv-rules=(N), pdc=(N), clock-rules=(Y)

Enable clock slack update
INFO: cellmap features:  adv-rules=(Y), pdc=(Y), clock-rules=(Y)
Clock-opt optimization Phase 27 Iter  1         0.00        0.00      0.84         0      11137.68      551.71        2478              0.03      1801
INFO: cellmap features:  adv-rules=(N), pdc=(N), clock-rules=(Y)

Clock-opt optimization Phase 28 Iter  1         0.00        0.00      0.84         0      11137.68      551.59        2478              0.03      1801
ISR-INFO:  Running path margin based recovery (target = 0.0000, multiplier = 1.0000, mode = 0)
INFO: New Levelizer turned on
Knee-Processing :  cumEst: 0.20209172 cumPct:    99.97 estdown: 0.00006416 cumUp:  108 numDown:  515 status= valid
Knee-Processing :  cumEst: 0.20215589 cumPct:   100.00 estdown: 0.00000000 cumUp: 1651 numDown:    0 status= valid
Clock-opt optimization Phase 28 Iter  2         0.00        0.00      0.84         0      11132.64      551.02        2478              0.03      1801
INFO: New Levelizer turned on
Knee-Processing :  cumEst: 0.00483570 cumPct:    98.61 estdown: 0.00006805 cumUp:   92 numDown:  530 status= valid
Knee-Processing :  cumEst: 0.00490374 cumPct:   100.00 estdown: 0.00000000 cumUp: 1649 numDown:    0 status= valid

Clock-opt optimization Phase 29 Iter  1         0.00        0.00      0.84         0      11148.12      552.08        2476              0.03      1801
INFO: New Levelizer turned on

Corner Scaling is off, multiplier is 1.000000
ndr: _snps_autoNdr_power added
Using default layer MET4
new cutoff lpd: 4.91218e-07
corner scaling: maxCornerId = 0
corner=default, tran factor=1.000000 (0.208726 / 0.208726)
Corner Scaling is off, multiplier is 1.000000
ndr: _snps_autoNdr_power added
Using default layer MET4
new cutoff lpd: 4.91218e-07
corner scaling: maxCornerId = 0
corner=default, tran factor=1.000000 (0.208726 / 0.208726)
Clock-opt optimization summary            SETUP-COST    R2R-COST HOLD-COST LDRC-COST          AREA     LEAKAGE     INSTCNT            ELAPSE       MEM
Clock-opt optimization Phase 30 Iter  1         0.00        0.00      0.84         0      11148.12      552.08        2476              0.03      1801
ndr: _snps_autoNdr_power added
Using default layer MET4
new cutoff lpd: 4.91218e-07
corner scaling: maxCornerId = 0
corner=default, tran factor=1.000000 (0.208726 / 0.208726)
Warning: Buffer-tree root in_ready skipped, because it has no valid location
Warning: Buffer-tree root rst_n skipped, because it has no valid location

Clock-opt optimization Phase 31 Iter  1         0.00        0.00      0.84         0      11149.56      551.83        2477              0.03      1801

Clock-opt optimization Phase 32 Iter  1         0.00        0.00      0.84         0      11149.56      551.83        2477              0.03      1801
Warning: Design includes unreasonable large hold violation(s). (OPT-209)
Clock-opt optimization Phase 32 Iter  2         0.00        0.00      0.84         0      11149.56      551.83        2477              0.03      1801
Warning: Design includes unreasonable large hold violation(s). (OPT-209)
INFO: updating slack distrubution time borrowing
updateTimeBorrowsAndSi elapsed: 8.963000


Clock-opt route preserve complete         CPU:    79 s (  0.02 hr )  ELAPSE:    98 s (  0.03 hr )  MEM-PEAK:  1801 MB

INFO: Sending timing info to router
Information: The netlist change observers are enabled for incremental extraction. (TIM-127)
nplDplc2Placer::setParam(effort,1)
nplDplc2Placer::setParam(debug,0)
nplDplc2Placer::setParam(site_check,2)
nplDplc2Placer::setParam(app_firm_wgt,0)
Warning: Routing direction of metal layer POLY is neither "horizontal" nor "vertical".  PDC checks will not be performed on this layer. (PDC-003)
Warning: Routing direction of metal layer RDL is neither "horizontal" nor "vertical".  PDC checks will not be performed on this layer. (PDC-003)
PDC app_options settings =========
	place.legalize.enable_prerouted_net_check: 1
	place.legalize.num_tracks_for_access_check: 1
	place.legalize.use_eol_spacing_for_access_check: 0
	place.legalize.allow_touch_track_for_access_check: 1
	place.legalize.reduce_conservatism_in_eol_check: 0
	place.legalize.preroute_shape_merge_distance: 0.0
	place.legalize.enable_non_preferred_direction_span_check: 0

Layer MET1: cached 0 shapes out of 2720 total shapes.
Layer MET2: cached 0 shapes out of 5675 total shapes.
Cached 0 vias out of 18455 total vias.

Legalizing Top Level Design mac16 ... 
Information: Initializing classic cellmap without advanced rules enabled and without PDC enabled
Information: The following app options are used in cellmap
        place.legalize.enable_color_aware_placement : false
        place.legalize.use_nll_query_cm : false
        place.legalize.enable_advanced_legalizer : false
        place.legalize.enable_prerouted_net_check : true
        place.legalize.enable_advanced_prerouted_net_check : false
        place.legalize.always_continue : true
        place.legalize.limit_legality_checks : false
        place.common.pnet_aware_density : 1.0000
        place.common.pnet_aware_min_width : 0.0000
        place.common.pnet_aware_layers : {}
        place.common.use_placement_model : false
        place.common.enable_advanced_placement_model : true
        cts.placement.cell_spacing_rule_style : maximum
Total 0.0117 seconds to build cellmap data
Information: Creating classic rule checker.
Warning: Routing direction of metal layer POLY is neither "horizontal" nor "vertical".  PDC checks will not be performed on this layer. (PDC-003)
Warning: Routing direction of metal layer RDL is neither "horizontal" nor "vertical".  PDC checks will not be performed on this layer. (PDC-003)
=====> Processed 128 ref cells (0 fillers) from library

Bounds/Regions In This Design:
        Area    Num Cells  Exclusive Name
 (square um)
     17848.8         2475        Yes DEFAULT_VA

Starting legalizer.
Warning: Exclusive bound 'DEFAULT' has no cells.
Optimizing Exclusive Bound 'DEFAULT_VA' (2/2)
    Done Exclusive Bound 'DEFAULT_VA' (2/2) (0 sec)
Legalization complete (0 total sec)

****************************************
  Report : Placement Attempts
  Site   : core9
****************************************

number of cells:                   2475
number of references:               128
number of site rows:                 74
number of locations attempted:    46981
number of locations failed:           0  (0.0%)

Legality of references at locations:
0 references had failures.

Legality of references in rows:
0 references had row failures.

****************************************
  Report : Cell Displacements
****************************************

number of cells aggregated:        2445 (30727 total sites)
avg row height over cells:        1.800 um
rms cell displacement:            0.038 um ( 0.02 row height)
rms weighted cell displacement:   0.038 um ( 0.02 row height)
max cell displacement:            0.800 um ( 0.44 row height)
avg cell displacement:            0.002 um ( 0.00 row height)
avg weighted cell displacement:   0.002 um ( 0.00 row height)
number of cells moved:               13
number of large displacements:        0
large displacement threshold:     3.000 row height

Displacements of worst 10 cells:
Cell: U1989 (ADDFSX1H9R)
  Input location: (28.4,129.2)
  Legal location: (29.2,129.2)
  Displacement:   0.800 um ( 0.44 row height)
Cell: U2680 (ADDFX1H9R)
  Input location: (25.6,129.2)
  Legal location: (24.8,129.2)
  Displacement:   0.800 um ( 0.44 row height)
Cell: U1409 (NOR2X0P5H9R)
  Input location: (23.8,129.2)
  Legal location: (23.2,129.2)
  Displacement:   0.600 um ( 0.33 row height)
Cell: U1477 (NOR2X1H9R)
  Input location: (24.6,129.2)
  Legal location: (24,129.2)
  Displacement:   0.600 um ( 0.33 row height)
Cell: copt_h_inst_1278 (FREEICGX0P5H9R)
  Input location: (52.8,48.2)
  Legal location: (53.2,48.2)
  Displacement:   0.400 um ( 0.22 row height)
Cell: U2670 (ADDFX1H9R)
  Input location: (19.2,129.2)
  Legal location: (18.8,129.2)
  Displacement:   0.400 um ( 0.22 row height)
Cell: gre_a_BUF_6646_inst_1308 (BUFX1H9R)
  Input location: (36,50)
  Legal location: (36.2,50)
  Displacement:   0.200 um ( 0.11 row height)
Cell: U2104 (NOR2X0P5H9R)
  Input location: (17.4,129.2)
  Legal location: (17.2,129.2)
  Displacement:   0.200 um ( 0.11 row height)
Cell: U2110 (NOR2X0P5H9R)
  Input location: (18.2,129.2)
  Legal location: (18,129.2)
  Displacement:   0.200 um ( 0.11 row height)
Cell: U2139 (NOR2X0P5H9R)
  Input location: (35.6,50)
  Legal location: (35.4,50)
  Displacement:   0.200 um ( 0.11 row height)

Legalization succeeded.
Total Legalizer CPU: 0.116
Total Legalizer Wall Time: 0.153
----------------------------------------------------------------

Clock-opt legalization complete           CPU:    79 s (  0.02 hr )  ELAPSE:    98 s (  0.03 hr )  MEM-PEAK:  1801 MB
rtapi Thread-server 0: shutdown 
Mgr Thread-server 0: Dtor 

No. startProblems      =   152 

No. doRoutes           =     0 
No. doUnroutes         =     0 
No. redoRoutes         =     0 
No. redoUnroutes       =     0 
No. undoRoutes         =     0 
No. undoUnroutes       =     0 
No. commitRoutes       =     0 
No. commitUnroutes     =     0 
No. uncommitRoutes     =     0 
No. uncommitUnroutes   =     0 
No. doRoute fails      =     0 
No. doUnroute fails    =     0 

No. viaLadderQueries   =     0 
No. doDelVias          =     0 
No. doAddVias          =     0 
No. redoDelVias        =     0 
No. redoAddVias        =     0 
No. undoDelVias        =     0 
No. undoAddVias        =     0 
No. commitChangeVias   =     0 
No. uncommitChangeVias =     0 
No. doDelVias fails    =     0 
No. doAddVias fails    =     0 

Updating congestion ...
Updating congestion ...
GR Routing Service: Wrote GR congmap to NDM 
Information: The netlist change observers are disabled for incremental extraction. (TIM-126)
Information: The netlist change observers are enabled for incremental extraction. (TIM-127)
INFO: Running refresh_via_ladders
Information: Forcing rerun of global router after global_route_opt due to app option route.global.force_rerun_after_global_route_opt being set. (ZRT-608)
Warning: Please run the command "check_routability" before running Zroute commands. (ZRT-762)
Information: The net parasitics of block mac16 are cleared. (TIM-123)
No cell change area manager for zroute
Start Global Route ... 
[Init] Elapsed real time: 0:00:00 
[Init] Elapsed cpu  time: sys=0:00:00 usr=0:00:00 total=0:00:00
[Init] Stage (MB): Used    0  Alloctr    0  Proc    0 
[Init] Total (MB): Used    7  Alloctr    7  Proc 7062 
Printing options for 'route.common.*'
common.verbose_level                                    :	 0                   

Printing options for 'route.global.*'
global.crosstalk_driven                                 :	 false               
global.force_rerun_after_global_route_opt               :	 true                
global.timing_driven                                    :	 false               

Begin global routing.
Warning: Layer RDL does not have a preferred direction, assigning to horizontal. (ZRT-025)
Cell Min-Routing-Layer = MET1
Cell Max-Routing-Layer = T4M2
Turn off antenna since no rule is specified
Information: Option route.detail.force_end_on_preferred_grid will be ignored since none of the layers have preferred grid. (ZRT-703)
Warning: Port mode of cell mac16
        is unplaced.  This may impact routing result. (ZRT-740)
Warning: Port inA of cell mac16
        is unplaced.  This may impact routing result. (ZRT-740)
Warning: Port inB of cell mac16
        is unplaced.  This may impact routing result. (ZRT-740)
Warning: Port in_ready of cell mac16
        is unplaced.  This may impact routing result. (ZRT-740)
Warning: Port clk of cell mac16
        is unplaced.  This may impact routing result. (ZRT-740)
Warning: Port rst_n of cell mac16
        is unplaced.  This may impact routing result. (ZRT-740)
Warning: Port sum_out of cell mac16
        is unplaced.  This may impact routing result. (ZRT-740)
Warning: Port carry of cell mac16
        is unplaced.  This may impact routing result. (ZRT-740)
Warning: Port out_ready of cell mac16
        is unplaced.  This may impact routing result. (ZRT-740)
Warning: Port VDD of cell mac16
        is unplaced.  This may impact routing result. (ZRT-740)
Warning: Port VSS of cell mac16
        is unplaced.  This may impact routing result. (ZRT-740)
Warning: Ignore 11 top cell ports with no pins. (ZRT-027)
Info: number of net_type_blockage: 0 
Information: Via ladder engine would be activated for pattern must join connection in certain commands. Please refer to man-page for the command list. (ZRT-619)
Wire on layer (MET2) needs more than one tracks
Via on layer (VIA1) needs more than one tracks
Via on layer (VIA2) needs more than one tracks
Warning: Layer MET2 default pitch 0.200 may be too small to handle up/down via. Note, that minimum requirements are "wire/via-down 0.215" & "wire/via-up 0.225". (ZRT-026)
Wire on layer (MET4) needs more than one tracks
Via on layer (VIA3) needs more than one tracks
Via on layer (VIA4) needs more than one tracks
Warning: Layer MET4 default pitch 0.200 may be too small to handle up/down via. Note, that minimum requirements are "wire/via-down 0.215" & "wire/via-up 0.225". (ZRT-026)
Via on layer (T4V2) needs more than one tracks
Warning: Layer MET5 default pitch 0.200 may be too small to handle up/down via. Note, that minimum requirements are "wire/via-down 0.200" & "wire/via-up 0.380". (ZRT-026)
Via on layer (RV) needs more than one tracks
Warning: Layer T4M2 default pitch 0.800 may be too small to handle up/down via. Note, that minimum requirements are "wire/via-down 0.800" & "wire/via-up 3.600". (ZRT-026)
Via on layer (RV) needs more than one tracks
Warning: Layer RDL default pitch 5.000 may be too small to handle up/down via. Note, that minimum requirements are "wire/via-down 6.500" & "wire/via-up 5.000". (ZRT-026)
Transition layer name: MET2(1)
Transition layer name: MET4(3)
Information: When applicable Min-max layer allow_pin_connection mode will allow paths of length 2.97 outside the layer range. (ZRT-707)
Information: When applicable Min-max layer allow_pin_connection mode will allow paths of length 2.97 outside the layer range on clock nets. (ZRT-718)
Information: When applicable layer based tapering will taper up to 0.00 in distance from the pin. (ZRT-706)
Current Stage stats:
[End of Read DB] Elapsed real time: 0:00:00 
[End of Read DB] Elapsed cpu  time: sys=0:00:00 usr=0:00:00 total=0:00:00
[End of Read DB] Stage (MB): Used   19  Alloctr   19  Proc    0 
[End of Read DB] Total (MB): Used   26  Alloctr   27  Proc 7062 
Constructing data structure ...
Design statistics:
Design Bounding Box (0.00um,0.00um,144.00um,143.20um)
Number of routing layers = 7
layer MET1, dir Hor, min width = 0.09um, min space = 0.09um pitch = 0.18um
layer MET2, dir Ver, min width = 0.1um, min space = 0.1um pitch = 0.2um
layer MET3, dir Hor, min width = 0.1um, min space = 0.1um pitch = 0.2um
layer MET4, dir Ver, min width = 0.1um, min space = 0.1um pitch = 0.2um
layer MET5, dir Hor, min width = 0.1um, min space = 0.1um pitch = 0.2um
layer T4M2, dir Ver, min width = 0.4um, min space = 0.4um pitch = 0.8um
layer RDL, dir Hor, min width = 3um, min space = 2um pitch = 5um
Current Stage stats:
[End of Build Tech Data] Elapsed real time: 0:00:00 
[End of Build Tech Data] Elapsed cpu  time: sys=0:00:00 usr=0:00:00 total=0:00:00
[End of Build Tech Data] Stage (MB): Used    1  Alloctr    1  Proc    0 
[End of Build Tech Data] Total (MB): Used   28  Alloctr   28  Proc 7062 
Net statistics:
Total number of nets     = 2604
Number of nets to route  = 2573
Number of single or zero port nets = 2
Number of nets with min-layer-mode soft = 18
Number of nets with min-layer-mode soft-cost-low = 18
2569 nets are fully connected,
 of which 29 are detail routed and 2536 are global routed.
Net length statistics: 
Net Count(Ignore Fully Rted) 83, Total Half Perimeter Wire Length (HPWL) 1265 microns
HPWL   0 ~   50 microns: Net Count       75	Total HPWL          793 microns
HPWL  50 ~  100 microns: Net Count        8	Total HPWL          472 microns
HPWL 100 ~  200 microns: Net Count        0	Total HPWL            0 microns
HPWL 200 ~  300 microns: Net Count        0	Total HPWL            0 microns
HPWL 300 ~  400 microns: Net Count        0	Total HPWL            0 microns
HPWL 400 ~  500 microns: Net Count        0	Total HPWL            0 microns
HPWL 500 ~  600 microns: Net Count        0	Total HPWL            0 microns
HPWL 600 ~  700 microns: Net Count        0	Total HPWL            0 microns
HPWL 700 ~  800 microns: Net Count        0	Total HPWL            0 microns
HPWL 800 ~  900 microns: Net Count        0	Total HPWL            0 microns
HPWL 900 ~ 1000 microns: Net Count        0	Total HPWL            0 microns
HPWL     > 1000 microns: Net Count        0	Total HPWL            0 microns
Current Stage stats:
[End of Build All Nets] Elapsed real time: 0:00:00 
[End of Build All Nets] Elapsed cpu  time: sys=0:00:00 usr=0:00:00 total=0:00:00
[End of Build All Nets] Stage (MB): Used    1  Alloctr    1  Proc    0 
[End of Build All Nets] Total (MB): Used   29  Alloctr   30  Proc 7062 
Number of partitions: 1 (1 x 1)
Size of partitions: 80 gCells x 80 gCells
Average gCell capacity  3.16	 on layer (1)	 MET1
Average gCell capacity  8.99	 on layer (2)	 MET2
Average gCell capacity  8.38	 on layer (3)	 MET3
Average gCell capacity  8.97	 on layer (4)	 MET4
Average gCell capacity  8.91	 on layer (5)	 MET5
Average gCell capacity  2.06	 on layer (6)	 T4M2
Average gCell capacity  0.34	 on layer (7)	 RDL
Average number of tracks per gCell 9.95	 on layer (1)	 MET1
Average number of tracks per gCell 9.01	 on layer (2)	 MET2
Average number of tracks per gCell 8.96	 on layer (3)	 MET3
Average number of tracks per gCell 9.01	 on layer (4)	 MET4
Average number of tracks per gCell 8.96	 on layer (5)	 MET5
Average number of tracks per gCell 2.25	 on layer (6)	 T4M2
Average number of tracks per gCell 0.36	 on layer (7)	 RDL
Number of gCells = 44800
Current Stage stats:
[End of Build Congestion Map] Elapsed real time: 0:00:00 
[End of Build Congestion Map] Elapsed cpu  time: sys=0:00:00 usr=0:00:00 total=0:00:00
[End of Build Congestion Map] Stage (MB): Used    0  Alloctr    0  Proc    0 
[End of Build Congestion Map] Total (MB): Used   30  Alloctr   31  Proc 7062 
Current Stage stats:
[End of Add Nets Demand] Elapsed real time: 0:00:00 
[End of Add Nets Demand] Elapsed cpu  time: sys=0:00:00 usr=0:00:00 total=0:00:00
[End of Add Nets Demand] Stage (MB): Used    0  Alloctr    0  Proc    0 
[End of Add Nets Demand] Total (MB): Used   30  Alloctr   31  Proc 7062 
Number of user frozen nets = 0
Total stats:
[End of Build Data] Elapsed real time: 0:00:00 
[End of Build Data] Elapsed cpu  time: sys=0:00:00 usr=0:00:00 total=0:00:00
[End of Build Data] Stage (MB): Used    3  Alloctr    3  Proc    0 
[End of Build Data] Total (MB): Used   30  Alloctr   31  Proc 7062 
Number of partitions: 1 (1 x 1)
Size of partitions: 80 gCells x 80 gCells
Current Stage stats:
[End of Blocked Pin Detection] Elapsed real time: 0:00:00 
[End of Blocked Pin Detection] Elapsed cpu  time: sys=0:00:00 usr=0:00:00 total=0:00:00
[End of Blocked Pin Detection] Stage (MB): Used  176  Alloctr  176  Proc    0 
[End of Blocked Pin Detection] Total (MB): Used  206  Alloctr  207  Proc 7062 
Information: Using 1 threads for routing. (ZRT-444)
Information: Multiple gcell levels ON
Information: Buffer distance is estimated to be ~1185.0000um (658 gCells)

Start GR phase 0
Number of partitions: 1 (1 x 1)
Size of partitions: 80 gCells x 80 gCells
[rtAllBotParts] Elapsed real time: 0:00:00 
[rtAllBotParts] Elapsed cpu  time: sys=0:00:00 usr=0:00:00 total=0:00:00
[rtTop] Elapsed real time: 0:00:00 
[rtTop] Elapsed cpu  time: sys=0:00:00 usr=0:00:00 total=0:00:00
[updNetsDmd] Elapsed real time: 0:00:00 
[updNetsDmd] Elapsed cpu  time: sys=0:00:00 usr=0:00:00 total=0:00:00
Current Stage stats:
[End of Initial Routing] Elapsed real time: 0:00:00 
[End of Initial Routing] Elapsed cpu  time: sys=0:00:00 usr=0:00:00 total=0:00:00
[End of Initial Routing] Stage (MB): Used    0  Alloctr    0  Proc    0 
[End of Initial Routing] Total (MB): Used  206  Alloctr  207  Proc 7062 
Initial. Routing result:
Initial. Both Dirs: Dmd-Cap  =    18 Max = 4 GRCs =     9 (0.07%)
Initial. H routing: Dmd-Cap  =     0 Max = 0 (GRCs =  0) GRCs =     0 (0.00%)
Initial. V routing: Dmd-Cap  =    18 Max = 4 (GRCs =  2) GRCs =     9 (0.14%)
Initial. Both Dirs: Overflow =   758 Max = 9 GRCs =   435 (3.40%)
Initial. H routing: Overflow =    21 Max = 1 (GRCs = 39) GRCs =    39 (0.61%)
Initial. V routing: Overflow =   736 Max = 9 (GRCs =  1) GRCs =   396 (6.19%)
Initial. MET1       Overflow =    21 Max = 1 (GRCs = 39) GRCs =    39 (0.61%)
Initial. MET2       Overflow =   736 Max = 9 (GRCs =  1) GRCs =   396 (6.19%)
Initial. MET3       Overflow =     0 Max = 0 (GRCs =  0) GRCs =     0 (0.00%)
Initial. MET4       Overflow =     0 Max = 0 (GRCs =  0) GRCs =     0 (0.00%)
Initial. MET5       Overflow =     0 Max = 0 (GRCs =  0) GRCs =     0 (0.00%)
Initial. T4M2       Overflow =     0 Max = 0 (GRCs =  0) GRCs =     0 (0.00%)
Initial. RDL        Overflow =     0 Max = 0 (GRCs =  0) GRCs =     0 (0.00%)

Initial. Total Wire Length = 38630.87
Initial. Layer MET1 wire length = 688.29
Initial. Layer MET2 wire length = 11629.54
Initial. Layer MET3 wire length = 17681.17
Initial. Layer MET4 wire length = 8278.36
Initial. Layer MET5 wire length = 301.61
Initial. Layer T4M2 wire length = 51.91
Initial. Layer RDL wire length = 0.00
Initial. Total Number of Contacts = 15631
Initial. Via VIA12 count = 8045
Initial. Via VIA23 count = 5954
Initial. Via VIA34 count = 1620
Initial. Via VIA45 count = 10
Initial. Via T4M2_MET5 count = 2
Initial. Via RDL_T4M2 count = 0
Initial. completed.

Start GR phase 1
Tue Aug 18 14:58:06 2026
Number of partitions: 1 (1 x 1)
Size of partitions: 80 gCells x 80 gCells
[rtAllParts] Elapsed real time: 0:00:00 
[rtAllParts] Elapsed cpu  time: sys=0:00:00 usr=0:00:00 total=0:00:00
[updNetsDmd] Elapsed real time: 0:00:00 
[updNetsDmd] Elapsed cpu  time: sys=0:00:00 usr=0:00:00 total=0:00:00
Current Stage stats:
[End of Phase1 Routing] Elapsed real time: 0:00:00 
[End of Phase1 Routing] Elapsed cpu  time: sys=0:00:00 usr=0:00:00 total=0:00:00
[End of Phase1 Routing] Stage (MB): Used    0  Alloctr    0  Proc    0 
[End of Phase1 Routing] Total (MB): Used  206  Alloctr  207  Proc 7062 
phase1. Routing result:
phase1. Both Dirs: Dmd-Cap  =    17 Max = 4 GRCs =     9 (0.07%)
phase1. H routing: Dmd-Cap  =     0 Max = 0 (GRCs =  0) GRCs =     0 (0.00%)
phase1. V routing: Dmd-Cap  =    17 Max = 4 (GRCs =  2) GRCs =     9 (0.14%)
phase1. Both Dirs: Overflow =   712 Max = 9 GRCs =   415 (3.24%)
phase1. H routing: Overflow =    22 Max = 1 (GRCs = 41) GRCs =    41 (0.64%)
phase1. V routing: Overflow =   689 Max = 9 (GRCs =  1) GRCs =   374 (5.84%)
phase1. MET1       Overflow =    22 Max = 1 (GRCs = 41) GRCs =    41 (0.64%)
phase1. MET2       Overflow =   689 Max = 9 (GRCs =  1) GRCs =   374 (5.84%)
phase1. MET3       Overflow =     0 Max = 0 (GRCs =  0) GRCs =     0 (0.00%)
phase1. MET4       Overflow =     0 Max = 0 (GRCs =  0) GRCs =     0 (0.00%)
phase1. MET5       Overflow =     0 Max = 0 (GRCs =  0) GRCs =     0 (0.00%)
phase1. T4M2       Overflow =     0 Max = 0 (GRCs =  0) GRCs =     0 (0.00%)
phase1. RDL        Overflow =     0 Max = 0 (GRCs =  0) GRCs =     0 (0.00%)

phase1. Total Wire Length = 38648.53
phase1. Layer MET1 wire length = 699.29
phase1. Layer MET2 wire length = 11614.41
phase1. Layer MET3 wire length = 17667.20
phase1. Layer MET4 wire length = 8314.11
phase1. Layer MET5 wire length = 301.61
phase1. Layer T4M2 wire length = 51.91
phase1. Layer RDL wire length = 0.00
phase1. Total Number of Contacts = 15627
phase1. Via VIA12 count = 8049
phase1. Via VIA23 count = 5935
phase1. Via VIA34 count = 1631
phase1. Via VIA45 count = 10
phase1. Via T4M2_MET5 count = 2
phase1. Via RDL_T4M2 count = 0
phase1. completed.

Start GR phase 2
Tue Aug 18 14:58:06 2026
Number of partitions: 1 (1 x 1)
Size of partitions: 80 gCells x 80 gCells
[rtAllParts] Elapsed real time: 0:00:00 
[rtAllParts] Elapsed cpu  time: sys=0:00:00 usr=0:00:00 total=0:00:00
[updNetsDmd] Elapsed real time: 0:00:00 
[updNetsDmd] Elapsed cpu  time: sys=0:00:00 usr=0:00:00 total=0:00:00
Current Stage stats:
[End of Phase2 Routing] Elapsed real time: 0:00:00 
[End of Phase2 Routing] Elapsed cpu  time: sys=0:00:00 usr=0:00:00 total=0:00:00
[End of Phase2 Routing] Stage (MB): Used    0  Alloctr    0  Proc    0 
[End of Phase2 Routing] Total (MB): Used  206  Alloctr  207  Proc 7062 
phase2. Routing result:
phase2. Both Dirs: Dmd-Cap  =    17 Max = 4 GRCs =     9 (0.07%)
phase2. H routing: Dmd-Cap  =     0 Max = 0 (GRCs =  0) GRCs =     0 (0.00%)
phase2. V routing: Dmd-Cap  =    17 Max = 4 (GRCs =  2) GRCs =     9 (0.14%)
phase2. Both Dirs: Overflow =   699 Max = 9 GRCs =   411 (3.21%)
phase2. H routing: Overflow =    20 Max = 1 (GRCs = 39) GRCs =    39 (0.61%)
phase2. V routing: Overflow =   678 Max = 9 (GRCs =  1) GRCs =   372 (5.81%)
phase2. MET1       Overflow =    20 Max = 1 (GRCs = 39) GRCs =    39 (0.61%)
phase2. MET2       Overflow =   678 Max = 9 (GRCs =  1) GRCs =   372 (5.81%)
phase2. MET3       Overflow =     0 Max = 0 (GRCs =  0) GRCs =     0 (0.00%)
phase2. MET4       Overflow =     0 Max = 0 (GRCs =  0) GRCs =     0 (0.00%)
phase2. MET5       Overflow =     0 Max = 0 (GRCs =  0) GRCs =     0 (0.00%)
phase2. T4M2       Overflow =     0 Max = 0 (GRCs =  0) GRCs =     0 (0.00%)
phase2. RDL        Overflow =     0 Max = 0 (GRCs =  0) GRCs =     0 (0.00%)

phase2. Total Wire Length = 38724.91
phase2. Layer MET1 wire length = 697.29
phase2. Layer MET2 wire length = 11657.77
phase2. Layer MET3 wire length = 17660.40
phase2. Layer MET4 wire length = 8355.94
phase2. Layer MET5 wire length = 301.61
phase2. Layer T4M2 wire length = 51.91
phase2. Layer RDL wire length = 0.00
phase2. Total Number of Contacts = 15645
phase2. Via VIA12 count = 8053
phase2. Via VIA23 count = 5932
phase2. Via VIA34 count = 1648
phase2. Via VIA45 count = 10
phase2. Via T4M2_MET5 count = 2
phase2. Via RDL_T4M2 count = 0
phase2. completed.

Start GR phase 3
Tue Aug 18 14:58:06 2026
Number of partitions: 1 (1 x 1)
Size of partitions: 80 gCells x 80 gCells
[rtAllParts] Elapsed real time: 0:00:00 
[rtAllParts] Elapsed cpu  time: sys=0:00:00 usr=0:00:00 total=0:00:00
[updNetsDmd] Elapsed real time: 0:00:00 
[updNetsDmd] Elapsed cpu  time: sys=0:00:00 usr=0:00:00 total=0:00:00
Current Stage stats:
[End of Phase3 Routing] Elapsed real time: 0:00:00 
[End of Phase3 Routing] Elapsed cpu  time: sys=0:00:00 usr=0:00:00 total=0:00:00
[End of Phase3 Routing] Stage (MB): Used    0  Alloctr    0  Proc    0 
[End of Phase3 Routing] Total (MB): Used  206  Alloctr  207  Proc 7062 
phase3. Routing result:
phase3. Both Dirs: Dmd-Cap  =    18 Max = 4 GRCs =    10 (0.08%)
phase3. H routing: Dmd-Cap  =     0 Max = 0 (GRCs =  0) GRCs =     0 (0.00%)
phase3. V routing: Dmd-Cap  =    18 Max = 4 (GRCs =  2) GRCs =    10 (0.16%)
phase3. Both Dirs: Overflow =   699 Max = 9 GRCs =   408 (3.19%)
phase3. H routing: Overflow =    20 Max = 1 (GRCs = 39) GRCs =    39 (0.61%)
phase3. V routing: Overflow =   679 Max = 9 (GRCs =  1) GRCs =   369 (5.77%)
phase3. MET1       Overflow =    20 Max = 1 (GRCs = 39) GRCs =    39 (0.61%)
phase3. MET2       Overflow =   679 Max = 9 (GRCs =  1) GRCs =   369 (5.77%)
phase3. MET3       Overflow =     0 Max = 0 (GRCs =  0) GRCs =     0 (0.00%)
phase3. MET4       Overflow =     0 Max = 0 (GRCs =  0) GRCs =     0 (0.00%)
phase3. MET5       Overflow =     0 Max = 0 (GRCs =  0) GRCs =     0 (0.00%)
phase3. T4M2       Overflow =     0 Max = 0 (GRCs =  0) GRCs =     0 (0.00%)
phase3. RDL        Overflow =     0 Max = 0 (GRCs =  0) GRCs =     0 (0.00%)

phase3. Total Wire Length = 38706.35
phase3. Layer MET1 wire length = 697.29
phase3. Layer MET2 wire length = 11640.94
phase3. Layer MET3 wire length = 17659.00
phase3. Layer MET4 wire length = 8355.61
phase3. Layer MET5 wire length = 301.61
phase3. Layer T4M2 wire length = 51.91
phase3. Layer RDL wire length = 0.00
phase3. Total Number of Contacts = 15648
phase3. Via VIA12 count = 8054
phase3. Via VIA23 count = 5933
phase3. Via VIA34 count = 1649
phase3. Via VIA45 count = 10
phase3. Via T4M2_MET5 count = 2
phase3. Via RDL_T4M2 count = 0
phase3. completed.
[End of Whole Chip Routing] Elapsed real time: 0:00:00 
[End of Whole Chip Routing] Elapsed cpu  time: sys=0:00:00 usr=0:00:00 total=0:00:00
[End of Whole Chip Routing] Stage (MB): Used  179  Alloctr  180  Proc    0 
[End of Whole Chip Routing] Total (MB): Used  206  Alloctr  207  Proc 7062 

Information: Global Routing didn't terminate early. (ZRT-103)

Congestion utilization per direction:
Average vertical track utilization   = 29.14 %
Peak    vertical track utilization   = 120.00 %
Average horizontal track utilization = 11.82 %
Peak    horizontal track utilization = 50.00 %

[End of Global Routing] Elapsed real time: 0:00:00 
[End of Global Routing] Elapsed cpu  time: sys=0:00:00 usr=0:00:00 total=0:00:00
[End of Global Routing] Stage (MB): Used  179  Alloctr  179  Proc    0 
[End of Global Routing] Total (MB): Used  206  Alloctr  207  Proc 7062 
Updating the database ...
Updating congestion ...
Information: Extraction observers are detached as design net change threshold is reached.
[End of dbOut] Elapsed real time: 0:00:00 
[End of dbOut] Elapsed cpu  time: sys=0:00:00 usr=0:00:00 total=0:00:00
[End of dbOut] Stage (MB): Used  -19  Alloctr  -19  Proc    0 
[End of dbOut] Total (MB): Used   36  Alloctr   37  Proc 7062 

Clock-opt Incremental Global-routing complete  CPU:    80 s (  0.02 hr )  ELAPSE:    99 s (  0.03 hr )  MEM-PEAK:  1801 MB
Information: The stitching and editing of coupling caps is turned OFF for design 'mac16_ndm:mac16.design'. (TIM-125)
Information: Design mac16 has 2604 nets, 2569 global routed, 31 detail routed. (NEX-024)
Warning: Technology layer 'RDL' setting 'routing-direction' is not valid (NEX-001)
Information: build GR coup map successfully (NEX-012)
Information: The RC mode used is GR for design 'mac16'. (NEX-022)
Information: Design Average RC for design mac16  (NEX-011)
Information: r = 0.918741 ohm/um, via_r = 0.000000 ohm/cut, c = 0.158760 ff/um, cc = 0.000000 ff/um (X dir) (NEX-017)
Information: r = 0.820126 ohm/um, via_r = 0.000000 ohm/cut, c = 0.169053 ff/um, cc = 0.000000 ff/um (Y dir) (NEX-017)
Information: Update timing completed net estimation for all the timing graph nets (TIM-111)
Information: Net estimation statistics: timing graph nets = 2602, routed nets = 2600, across physical hierarchy nets = 0, parasitics cached nets = 2602, delay annotated nets = 0, parasitics annotated nets = 0, multi-voltage nets = 0. (TIM-112)
Information: The netlist change observers are disabled for incremental extraction. (TIM-126)

Rebuilding Cell-Density Map
INFO: place.legalize.enable_advanced_legalizer not set - need to revert CLO
INFO: First Clock-opt did not mark run with CLO enabled/disabled property
INFO: Concurrent Legalization and Optimization (CLO) Reverted
Information: Initializing classic cellmap without advanced rules enabled and without PDC enabled
Information: The following app options are used in cellmap
        place.legalize.enable_color_aware_placement : false
        place.legalize.use_nll_query_cm : false
        place.legalize.enable_advanced_legalizer : false
        place.legalize.enable_prerouted_net_check : true
        place.legalize.enable_advanced_prerouted_net_check : false
        place.legalize.always_continue : true
        place.legalize.limit_legality_checks : false
        place.common.pnet_aware_density : 1.0000
        place.common.pnet_aware_min_width : 0.0000
        place.common.pnet_aware_layers : {}
        place.common.use_placement_model : false
        place.common.enable_advanced_placement_model : true
        cts.placement.cell_spacing_rule_style : maximum
Total 0.0119 seconds to build cellmap data
INFO: creating 27(r) x 27(c) GridCells YDim 5.4 XDim 5.4
INFO: number of GridCells (0xaa685960): 729
INFO: creating 27(r) x 27(c) GridCells YDim 5.4 XDim 5.4
INFO: number of GridCells (0xaa685960): 729
Total 0.0140 seconds to load 2475 cell instances into cellmap
Moveable cells: 2445; Application fixed cells: 30; Macro cells: 0; User fixed cells: 0
0 out of 2571 data nets is detail routed, 31 out of 31 clock nets are detail routed and total 2602 nets have been analyzed
Only clock route nets/shapes. Estimated current stage is after clock detail route stage
Average cell width 2.5014, cell height 1.8000, cell area 4.5025 for total 2475 placed and application fixed cells
runtime_assert false
enhanced site row merge :  1
Key: core9, value: 0xa5f65950
Number of Site types in the design = 1
Setting up Chip Core
Chip Core shape: (50000 50000) (1390000 1382000)
Preroute opto area query mode: NDM
Using CLEO = true
Summary: is MV Ready (has MV info... UPF or derived)
Summary: design is not hierarchical
Voltage Area: id=0, index=0, name=DEFAULT_VA, is default, domain=DEFAULT_POWER_DOMAIN, scopeHier=, psn=VDD;
Number of VARs = 1
Number of unique PDs = 1
Number of Power Domains = 1
Number of Voltage Areas = 1
Number of supply Nets = 2
Number of used supplies = 0
Setup Voltages:
  Supply Net = VDD, voltages =  1.2000
  Supply Net = VSS, voltages = 
Hold Voltages:
  Supply Net = VDD, voltages =  1.2000
  Supply Net = VSS, voltages = 
Unique Voltages in Design:  1.2000
Default Voltage Area = DEFAULT_VA
Blocked VAs: 
Warning: Layer RDL does not have a preferred direction, assigning to horizontal. (ZRT-025)
Cell Min-Routing-Layer = MET1
Cell Max-Routing-Layer = T4M2
Turn off antenna since no rule is specified
Information: Option route.detail.force_end_on_preferred_grid will be ignored since none of the layers have preferred grid. (ZRT-703)
Warning: Port mode of cell mac16
        is unplaced.  This may impact routing result. (ZRT-740)
Warning: Port inA of cell mac16
        is unplaced.  This may impact routing result. (ZRT-740)
Warning: Port inB of cell mac16
        is unplaced.  This may impact routing result. (ZRT-740)
Warning: Port in_ready of cell mac16
        is unplaced.  This may impact routing result. (ZRT-740)
Warning: Port clk of cell mac16
        is unplaced.  This may impact routing result. (ZRT-740)
Warning: Port rst_n of cell mac16
        is unplaced.  This may impact routing result. (ZRT-740)
Warning: Port sum_out of cell mac16
        is unplaced.  This may impact routing result. (ZRT-740)
Warning: Port carry of cell mac16
        is unplaced.  This may impact routing result. (ZRT-740)
Warning: Port out_ready of cell mac16
        is unplaced.  This may impact routing result. (ZRT-740)
Warning: Port VDD of cell mac16
        is unplaced.  This may impact routing result. (ZRT-740)
Warning: Port VSS of cell mac16
        is unplaced.  This may impact routing result. (ZRT-740)
Warning: Ignore 11 top cell ports with no pins. (ZRT-027)
Info: number of net_type_blockage: 0 
Information: Via ladder engine would be activated for pattern must join connection in certain commands. Please refer to man-page for the command list. (ZRT-619)
Wire on layer (MET2) needs more than one tracks
Via on layer (VIA1) needs more than one tracks
Via on layer (VIA2) needs more than one tracks
Warning: Layer MET2 default pitch 0.200 may be too small to handle up/down via. Note, that minimum requirements are "wire/via-down 0.215" & "wire/via-up 0.225". (ZRT-026)
Wire on layer (MET4) needs more than one tracks
Via on layer (VIA3) needs more than one tracks
Via on layer (VIA4) needs more than one tracks
Warning: Layer MET4 default pitch 0.200 may be too small to handle up/down via. Note, that minimum requirements are "wire/via-down 0.215" & "wire/via-up 0.225". (ZRT-026)
Via on layer (T4V2) needs more than one tracks
Warning: Layer MET5 default pitch 0.200 may be too small to handle up/down via. Note, that minimum requirements are "wire/via-down 0.200" & "wire/via-up 0.380". (ZRT-026)
Via on layer (RV) needs more than one tracks
Warning: Layer T4M2 default pitch 0.800 may be too small to handle up/down via. Note, that minimum requirements are "wire/via-down 0.800" & "wire/via-up 3.600". (ZRT-026)
Via on layer (RV) needs more than one tracks
Warning: Layer RDL default pitch 5.000 may be too small to handle up/down via. Note, that minimum requirements are "wire/via-down 6.500" & "wire/via-up 5.000". (ZRT-026)
Transition layer name: MET2(1)
Transition layer name: MET4(3)
Information: When applicable Min-max layer allow_pin_connection mode will allow paths of length 2.97 outside the layer range. (ZRT-707)
Information: When applicable Min-max layer allow_pin_connection mode will allow paths of length 2.97 outside the layer range on clock nets. (ZRT-718)
Information: When applicable layer based tapering will taper up to 0.00 in distance from the pin. (ZRT-706)
GR Routing Service: Started IMRD 
GR Routing Service: ndmAttrDef 'usr_tmng_crit' created with default value 0 
GR Routing Service: ndmAttrDef 'rted_by_minDly' created with default value 0 
GR Routing Service: ndmAttrDef 'port_subnet_crit_blkConn' created with default value 0 
GR Routing Service: ndmAttrDef 'port_subnet_crit_blkPort' created with default value 0 
Loading timing information to the router ...
Design  Scenario default (Mode default Corner default)
Warning: Technology layer 'RDL' setting 'routing-direction' is not valid (NEX-001)
Timing information loaded to the router.
GR Routing Service: Setting costIdx to 3 
GR Routing Service: rebuildCongmap: itr = 3 
Number of partitions: 1 (1 x 1)
Size of partitions: 80 gCells x 80 gCells
Average gCell capacity  3.16	 on layer (1)	 MET1
Average gCell capacity  8.99	 on layer (2)	 MET2
Average gCell capacity  8.38	 on layer (3)	 MET3
Average gCell capacity  8.97	 on layer (4)	 MET4
Average gCell capacity  8.91	 on layer (5)	 MET5
Average gCell capacity  2.06	 on layer (6)	 T4M2
Average gCell capacity  0.34	 on layer (7)	 RDL
Average number of tracks per gCell 9.95	 on layer (1)	 MET1
Average number of tracks per gCell 9.01	 on layer (2)	 MET2
Average number of tracks per gCell 8.96	 on layer (3)	 MET3
Average number of tracks per gCell 9.01	 on layer (4)	 MET4
Average number of tracks per gCell 8.96	 on layer (5)	 MET5
Average number of tracks per gCell 2.25	 on layer (6)	 T4M2
Average number of tracks per gCell 0.36	 on layer (7)	 RDL
Number of gCells = 44800
[updNetsDmd] Elapsed real time: 0:00:00 
[updNetsDmd] Elapsed cpu  time: sys=0:00:00 usr=0:00:00 total=0:00:00
Created 1 thread routing service with costIdx = 3. (tbbMode 0)
GR Routing Service: Setting costIdx to 3 
rtapi Thread-server 0: startup 
Mgr Thread-server 0: Ctor 
Corner Scaling is off, multiplier is 1.000000
ndr: _snps_autoNdr_power added
Using default layer MET4
new cutoff lpd: 4.91218e-07
corner scaling: maxCornerId = 0
corner=default, tran factor=1.000000 (0.208726 / 0.208726)
GR Routing Service: loadPermBufBlockages 

INFO: GRE flow is enabled.

Clock-opt optimization Phase 36 Iter  1         0.01        0.01      0.84         0      11143.80      551.83        2475              0.03      1801
Clock-opt optimization Phase 36 Iter  2         0.01        0.01      0.84         0      11145.24      551.98        2475              0.03      1801
Clock-opt optimization Phase 36 Iter  3         0.01        0.01      0.84         0      11146.32      552.11        2475              0.03      1801
Clock-opt optimization Phase 36 Iter  4         0.01        0.01      0.84         0      11146.32      552.15        2475              0.03      1801
Clock-opt optimization Phase 36 Iter  5         0.01        0.01      0.84         0      11146.32      552.15        2475              0.03      1801
Clock-opt optimization Phase 36 Iter  6         0.01        0.01      0.84         0      11146.32      552.15        2475              0.03      1801
Clock-opt optimization Phase 36 Iter  7         0.01        0.01      0.84         0      11146.32      552.15        2475              0.03      1801
Clock-opt optimization Phase 36 Iter  8         0.01        0.01      0.84         0      11146.32      552.15        2475              0.03      1801
Clock-opt optimization Phase 36 Iter  9         0.01        0.01      0.84         0      11146.32      552.15        2475              0.03      1801

Clock-opt optimization Phase 37 Iter  1         0.00        0.00      0.84         0      11146.32      552.15        2475              0.03      1801
Clock-opt optimization Phase 37 Iter  2         0.00        0.00      0.84         0      11146.32      552.15        2475              0.03      1801
Clock-opt optimization Phase 37 Iter  3         0.00        0.00      0.84         0      11146.32      552.15        2475              0.03      1801
Clock-opt optimization Phase 37 Iter  4         0.00        0.00      0.84         0      11146.32      552.15        2475              0.03      1801
Clock-opt optimization Phase 37 Iter  5         0.00        0.00      0.84         0      11146.32      552.15        2475              0.03      1801
Clock-opt optimization Phase 37 Iter  6         0.00        0.00      0.84         0      11146.32      552.15        2475              0.03      1801
Clock-opt optimization Phase 37 Iter  7         0.00        0.00      0.84         0      11146.32      552.15        2475              0.03      1801
Clock-opt optimization Phase 37 Iter  8         0.00        0.00      0.84         0      11146.32      552.15        2475              0.03      1801
Clock-opt optimization Phase 37 Iter  9         0.00        0.00      0.84         0      11146.32      552.15        2475              0.03      1801
Clock-opt optimization Phase 37 Iter 10         0.00        0.00      0.84         0      11146.32      552.15        2475              0.03      1801
Clock-opt optimization Phase 37 Iter 11         0.00        0.00      0.84         0      11146.32      552.15        2475              0.03      1801
Clock-opt optimization Phase 37 Iter 12         0.00        0.00      0.84         0      11146.32      552.15        2475              0.03      1801

INFO: New Levelizer turned on
Corner Scaling is off, multiplier is 1.000000
ndr: _snps_autoNdr_power added
Using default layer MET4
new cutoff lpd: 4.91218e-07
corner scaling: maxCornerId = 0
corner=default, tran factor=1.000000 (0.208726 / 0.208726)
Clock-opt optimization Phase 38 Iter  1         0.00        0.00      0.84         0      11146.32      552.15        2475              0.03      1801
Clock-opt optimization summary            SETUP-COST    R2R-COST HOLD-COST LDRC-COST          AREA     LEAKAGE     INSTCNT            ELAPSE       MEM
Clock-opt optimization Phase 38 Iter  2         0.00        0.00      0.84         0      11146.32      552.15        2475              0.03      1801
Corner Scaling is off, multiplier is 1.000000
ndr: _snps_autoNdr_power added
Using default layer MET4
new cutoff lpd: 4.91218e-07
corner scaling: maxCornerId = 0
corner=default, tran factor=1.000000 (0.208726 / 0.208726)
Clock-opt optimization Phase 38 Iter  3         0.00        0.00      0.84         0      11146.32      552.15        2475              0.03      1801
Corner Scaling is off, multiplier is 1.000000
ndr: _snps_autoNdr_power added
Using default layer MET4
new cutoff lpd: 4.91218e-07
corner scaling: maxCornerId = 0
corner=default, tran factor=1.000000 (0.208726 / 0.208726)
Clock-opt optimization Phase 38 Iter  4         0.00        0.00      0.84         0      11146.32      552.15        2475              0.03      1801
Clock-opt optimization Phase 38 Iter  5         0.00        0.00      0.84         0      11146.32      552.15        2475              0.03      1801

Clock-opt optimization Phase 39 Iter  1         0.00        0.00      0.84         0      11146.32      552.15        2475              0.03      1801
Warning: Design includes unreasonable large hold violation(s). (OPT-209)
Clock-opt optimization Phase 39 Iter  2         0.00        0.00      0.84         0      11146.32      552.15        2475              0.03      1801
Warning: Design includes unreasonable large hold violation(s). (OPT-209)
INFO: updating slack distrubution time borrowing
updateTimeBorrowsAndSi elapsed: 9.207000


Clock-opt route preserve complete         CPU:    81 s (  0.02 hr )  ELAPSE:   101 s (  0.03 hr )  MEM-PEAK:  1801 MB

Information: Ending   clock_opt / final_opto (FLW-8001)
Information: Time: 2026-08-18 14:58:08 / Session:  00:01:40 / Command:  00:00:40 / CPU:  00:00:36 / Memory: 1801 MB (FLW-8100)


Clock-opt optimization complete                 0.00        0.00      0.84         0      11146.32      552.15        2475              0.03      1801
INFO: Sending timing info to router
Information: The netlist change observers are enabled for incremental extraction. (TIM-127)
nplDplc2Placer::setParam(effort,1)
nplDplc2Placer::setParam(debug,0)
nplDplc2Placer::setParam(site_check,2)
nplDplc2Placer::setParam(app_firm_wgt,0)
Warning: Routing direction of metal layer POLY is neither "horizontal" nor "vertical".  PDC checks will not be performed on this layer. (PDC-003)
Warning: Routing direction of metal layer RDL is neither "horizontal" nor "vertical".  PDC checks will not be performed on this layer. (PDC-003)
PDC app_options settings =========
	place.legalize.enable_prerouted_net_check: 1
	place.legalize.num_tracks_for_access_check: 1
	place.legalize.use_eol_spacing_for_access_check: 0
	place.legalize.allow_touch_track_for_access_check: 1
	place.legalize.reduce_conservatism_in_eol_check: 0
	place.legalize.preroute_shape_merge_distance: 0.0
	place.legalize.enable_non_preferred_direction_span_check: 0

Layer MET1: cached 0 shapes out of 2562 total shapes.
Layer MET2: cached 0 shapes out of 5597 total shapes.
Cached 0 vias out of 18456 total vias.

Legalizing Top Level Design mac16 ... 
Information: Initializing classic cellmap without advanced rules enabled and without PDC enabled
Information: The following app options are used in cellmap
        place.legalize.enable_color_aware_placement : false
        place.legalize.use_nll_query_cm : false
        place.legalize.enable_advanced_legalizer : false
        place.legalize.enable_prerouted_net_check : true
        place.legalize.enable_advanced_prerouted_net_check : false
        place.legalize.always_continue : true
        place.legalize.limit_legality_checks : false
        place.common.pnet_aware_density : 1.0000
        place.common.pnet_aware_min_width : 0.0000
        place.common.pnet_aware_layers : {}
        place.common.use_placement_model : false
        place.common.enable_advanced_placement_model : true
        cts.placement.cell_spacing_rule_style : maximum
Total 0.0120 seconds to build cellmap data
Information: Creating classic rule checker.
Warning: Routing direction of metal layer POLY is neither "horizontal" nor "vertical".  PDC checks will not be performed on this layer. (PDC-003)
Warning: Routing direction of metal layer RDL is neither "horizontal" nor "vertical".  PDC checks will not be performed on this layer. (PDC-003)
=====> Processed 129 ref cells (0 fillers) from library

Bounds/Regions In This Design:
        Area    Num Cells  Exclusive Name
 (square um)
     17848.8         2475        Yes DEFAULT_VA

Starting legalizer.
Warning: Exclusive bound 'DEFAULT' has no cells.
Optimizing Exclusive Bound 'DEFAULT_VA' (2/2)
    Done Exclusive Bound 'DEFAULT_VA' (2/2) (0 sec)
Legalization complete (0 total sec)

****************************************
  Report : Placement Attempts
  Site   : core9
****************************************

number of cells:                   2475
number of references:               129
number of site rows:                 74
number of locations attempted:    46909
number of locations failed:           0  (0.0%)

Legality of references at locations:
0 references had failures.

Legality of references in rows:
0 references had row failures.

****************************************
  Report : Cell Displacements
****************************************

number of cells aggregated:        2445 (30734 total sites)
avg row height over cells:        1.800 um
rms cell displacement:            0.000 um ( 0.00 row height)
rms weighted cell displacement:   0.000 um ( 0.00 row height)
max cell displacement:            0.000 um ( 0.00 row height)
avg cell displacement:            0.000 um ( 0.00 row height)
avg weighted cell displacement:   0.000 um ( 0.00 row height)
number of cells moved:                0
number of large displacements:        0
large displacement threshold:     3.000 row height

Displacements of worst 10 cells:
Cell: U1055 (ADDFX1H9R)
  Input location: (19.8,109.4)
  Legal location: (19.8,109.4)
  Displacement:   0.000 um ( 0.00 row height)
Cell: U1054 (ADDFX1H9R)
  Input location: (13.6,107.6)
  Legal location: (13.6,107.6)
  Displacement:   0.000 um ( 0.00 row height)
Cell: U1050 (ADDFX1H9R)
  Input location: (33.8,89.6)
  Legal location: (33.8,89.6)
  Displacement:   0.000 um ( 0.00 row height)
Cell: U1049 (ADDFX1H9R)
  Input location: (31.2,93.2)
  Legal location: (31.2,93.2)
  Displacement:   0.000 um ( 0.00 row height)
Cell: U1989 (ADDFSX1H9R)
  Input location: (29.2,129.2)
  Legal location: (29.2,129.2)
  Displacement:   0.000 um ( 0.00 row height)
Cell: U1048 (ADDFX1H9R)
  Input location: (18.4,91.4)
  Legal location: (18.4,91.4)
  Displacement:   0.000 um ( 0.00 row height)
Cell: U1047 (ADDFX1H9R)
  Input location: (29.8,91.4)
  Legal location: (29.8,91.4)
  Displacement:   0.000 um ( 0.00 row height)
Cell: U1046 (ADDFX1H9R)
  Input location: (34.8,86)
  Legal location: (34.8,86)
  Displacement:   0.000 um ( 0.00 row height)
Cell: U1045 (ADDFX1H9R)
  Input location: (35.6,82.4)
  Legal location: (35.6,82.4)
  Displacement:   0.000 um ( 0.00 row height)
Cell: U1056 (ADDFX1H9R)
  Input location: (26,105.8)
  Legal location: (26,105.8)
  Displacement:   0.000 um ( 0.00 row height)

Legalization succeeded.
Total Legalizer CPU: 0.115
Total Legalizer Wall Time: 0.151
----------------------------------------------------------------

Clock-opt legalization complete           CPU:    81 s (  0.02 hr )  ELAPSE:   101 s (  0.03 hr )  MEM-PEAK:  1801 MB
rtapi Thread-server 0: shutdown 
Mgr Thread-server 0: Dtor 

No. startProblems      =     0 

No. doRoutes           =     0 
No. doUnroutes         =     0 
No. redoRoutes         =     0 
No. redoUnroutes       =     0 
No. undoRoutes         =     0 
No. undoUnroutes       =     0 
No. commitRoutes       =     0 
No. commitUnroutes     =     0 
No. uncommitRoutes     =     0 
No. uncommitUnroutes   =     0 
No. doRoute fails      =     0 
No. doUnroute fails    =     0 

No. viaLadderQueries   =     0 
No. doDelVias          =     0 
No. doAddVias          =     0 
No. redoDelVias        =     0 
No. redoAddVias        =     0 
No. undoDelVias        =     0 
No. undoAddVias        =     0 
No. commitChangeVias   =     0 
No. uncommitChangeVias =     0 
No. doDelVias fails    =     0 
No. doAddVias fails    =     0 

Updating congestion ...
Updating congestion ...
GR Routing Service: Wrote GR congmap to NDM 
Information: The netlist change observers are disabled for incremental extraction. (TIM-126)
Information: The netlist change observers are enabled for incremental extraction. (TIM-127)
INFO: Running refresh_via_ladders
Information: Forcing rerun of global router after global_route_opt due to app option route.global.force_rerun_after_global_route_opt being set. (ZRT-608)
Warning: Please run the command "check_routability" before running Zroute commands. (ZRT-762)
Information: The net parasitics of block mac16 are cleared. (TIM-123)
No cell change area manager for zroute
Start Global Route ... 
[Init] Elapsed real time: 0:00:00 
[Init] Elapsed cpu  time: sys=0:00:00 usr=0:00:00 total=0:00:00
[Init] Stage (MB): Used    0  Alloctr    0  Proc    0 
[Init] Total (MB): Used    7  Alloctr    7  Proc 7062 
Printing options for 'route.common.*'
common.verbose_level                                    :	 0                   

Printing options for 'route.global.*'
global.crosstalk_driven                                 :	 false               
global.force_rerun_after_global_route_opt               :	 true                
global.timing_driven                                    :	 false               

Begin global routing.
Warning: Layer RDL does not have a preferred direction, assigning to horizontal. (ZRT-025)
Cell Min-Routing-Layer = MET1
Cell Max-Routing-Layer = T4M2
Turn off antenna since no rule is specified
Information: Option route.detail.force_end_on_preferred_grid will be ignored since none of the layers have preferred grid. (ZRT-703)
Warning: Port mode of cell mac16
        is unplaced.  This may impact routing result. (ZRT-740)
Warning: Port inA of cell mac16
        is unplaced.  This may impact routing result. (ZRT-740)
Warning: Port inB of cell mac16
        is unplaced.  This may impact routing result. (ZRT-740)
Warning: Port in_ready of cell mac16
        is unplaced.  This may impact routing result. (ZRT-740)
Warning: Port clk of cell mac16
        is unplaced.  This may impact routing result. (ZRT-740)
Warning: Port rst_n of cell mac16
        is unplaced.  This may impact routing result. (ZRT-740)
Warning: Port sum_out of cell mac16
        is unplaced.  This may impact routing result. (ZRT-740)
Warning: Port carry of cell mac16
        is unplaced.  This may impact routing result. (ZRT-740)
Warning: Port out_ready of cell mac16
        is unplaced.  This may impact routing result. (ZRT-740)
Warning: Port VDD of cell mac16
        is unplaced.  This may impact routing result. (ZRT-740)
Warning: Port VSS of cell mac16
        is unplaced.  This may impact routing result. (ZRT-740)
Warning: Ignore 11 top cell ports with no pins. (ZRT-027)
Info: number of net_type_blockage: 0 
Information: Via ladder engine would be activated for pattern must join connection in certain commands. Please refer to man-page for the command list. (ZRT-619)
Wire on layer (MET2) needs more than one tracks
Via on layer (VIA1) needs more than one tracks
Via on layer (VIA2) needs more than one tracks
Warning: Layer MET2 default pitch 0.200 may be too small to handle up/down via. Note, that minimum requirements are "wire/via-down 0.215" & "wire/via-up 0.225". (ZRT-026)
Wire on layer (MET4) needs more than one tracks
Via on layer (VIA3) needs more than one tracks
Via on layer (VIA4) needs more than one tracks
Warning: Layer MET4 default pitch 0.200 may be too small to handle up/down via. Note, that minimum requirements are "wire/via-down 0.215" & "wire/via-up 0.225". (ZRT-026)
Via on layer (T4V2) needs more than one tracks
Warning: Layer MET5 default pitch 0.200 may be too small to handle up/down via. Note, that minimum requirements are "wire/via-down 0.200" & "wire/via-up 0.380". (ZRT-026)
Via on layer (RV) needs more than one tracks
Warning: Layer T4M2 default pitch 0.800 may be too small to handle up/down via. Note, that minimum requirements are "wire/via-down 0.800" & "wire/via-up 3.600". (ZRT-026)
Via on layer (RV) needs more than one tracks
Warning: Layer RDL default pitch 5.000 may be too small to handle up/down via. Note, that minimum requirements are "wire/via-down 6.500" & "wire/via-up 5.000". (ZRT-026)
Transition layer name: MET2(1)
Transition layer name: MET4(3)
Information: When applicable Min-max layer allow_pin_connection mode will allow paths of length 2.97 outside the layer range. (ZRT-707)
Information: When applicable Min-max layer allow_pin_connection mode will allow paths of length 2.97 outside the layer range on clock nets. (ZRT-718)
Information: When applicable layer based tapering will taper up to 0.00 in distance from the pin. (ZRT-706)
Current Stage stats:
[End of Read DB] Elapsed real time: 0:00:00 
[End of Read DB] Elapsed cpu  time: sys=0:00:00 usr=0:00:00 total=0:00:00
[End of Read DB] Stage (MB): Used   19  Alloctr   19  Proc    0 
[End of Read DB] Total (MB): Used   26  Alloctr   27  Proc 7062 
Constructing data structure ...
Design statistics:
Design Bounding Box (0.00um,0.00um,144.00um,143.20um)
Number of routing layers = 7
layer MET1, dir Hor, min width = 0.09um, min space = 0.09um pitch = 0.18um
layer MET2, dir Ver, min width = 0.1um, min space = 0.1um pitch = 0.2um
layer MET3, dir Hor, min width = 0.1um, min space = 0.1um pitch = 0.2um
layer MET4, dir Ver, min width = 0.1um, min space = 0.1um pitch = 0.2um
layer MET5, dir Hor, min width = 0.1um, min space = 0.1um pitch = 0.2um
layer T4M2, dir Ver, min width = 0.4um, min space = 0.4um pitch = 0.8um
layer RDL, dir Hor, min width = 3um, min space = 2um pitch = 5um
Current Stage stats:
[End of Build Tech Data] Elapsed real time: 0:00:00 
[End of Build Tech Data] Elapsed cpu  time: sys=0:00:00 usr=0:00:00 total=0:00:00
[End of Build Tech Data] Stage (MB): Used    1  Alloctr    1  Proc    0 
[End of Build Tech Data] Total (MB): Used   28  Alloctr   28  Proc 7062 
Net statistics:
Total number of nets     = 2604
Number of nets to route  = 2572
Number of single or zero port nets = 2
Number of nets with min-layer-mode soft = 18
Number of nets with min-layer-mode soft-cost-low = 18
2596 nets are fully connected,
 of which 30 are detail routed and 2563 are global routed.
Net length statistics: 
Net Count(Ignore Fully Rted) 10, Total Half Perimeter Wire Length (HPWL) 84 microns
HPWL   0 ~   50 microns: Net Count       10	Total HPWL           84 microns
HPWL  50 ~  100 microns: Net Count        0	Total HPWL            0 microns
HPWL 100 ~  200 microns: Net Count        0	Total HPWL            0 microns
HPWL 200 ~  300 microns: Net Count        0	Total HPWL            0 microns
HPWL 300 ~  400 microns: Net Count        0	Total HPWL            0 microns
HPWL 400 ~  500 microns: Net Count        0	Total HPWL            0 microns
HPWL 500 ~  600 microns: Net Count        0	Total HPWL            0 microns
HPWL 600 ~  700 microns: Net Count        0	Total HPWL            0 microns
HPWL 700 ~  800 microns: Net Count        0	Total HPWL            0 microns
HPWL 800 ~  900 microns: Net Count        0	Total HPWL            0 microns
HPWL 900 ~ 1000 microns: Net Count        0	Total HPWL            0 microns
HPWL     > 1000 microns: Net Count        0	Total HPWL            0 microns
Current Stage stats:
[End of Build All Nets] Elapsed real time: 0:00:00 
[End of Build All Nets] Elapsed cpu  time: sys=0:00:00 usr=0:00:00 total=0:00:00
[End of Build All Nets] Stage (MB): Used    1  Alloctr    1  Proc    0 
[End of Build All Nets] Total (MB): Used   29  Alloctr   30  Proc 7062 
Number of partitions: 1 (1 x 1)
Size of partitions: 80 gCells x 80 gCells
Average gCell capacity  3.16	 on layer (1)	 MET1
Average gCell capacity  8.99	 on layer (2)	 MET2
Average gCell capacity  8.38	 on layer (3)	 MET3
Average gCell capacity  8.97	 on layer (4)	 MET4
Average gCell capacity  8.91	 on layer (5)	 MET5
Average gCell capacity  2.06	 on layer (6)	 T4M2
Average gCell capacity  0.34	 on layer (7)	 RDL
Average number of tracks per gCell 9.95	 on layer (1)	 MET1
Average number of tracks per gCell 9.01	 on layer (2)	 MET2
Average number of tracks per gCell 8.96	 on layer (3)	 MET3
Average number of tracks per gCell 9.01	 on layer (4)	 MET4
Average number of tracks per gCell 8.96	 on layer (5)	 MET5
Average number of tracks per gCell 2.25	 on layer (6)	 T4M2
Average number of tracks per gCell 0.36	 on layer (7)	 RDL
Number of gCells = 44800
Current Stage stats:
[End of Build Congestion Map] Elapsed real time: 0:00:00 
[End of Build Congestion Map] Elapsed cpu  time: sys=0:00:00 usr=0:00:00 total=0:00:00
[End of Build Congestion Map] Stage (MB): Used    0  Alloctr    0  Proc    0 
[End of Build Congestion Map] Total (MB): Used   30  Alloctr   31  Proc 7062 
Current Stage stats:
[End of Add Nets Demand] Elapsed real time: 0:00:00 
[End of Add Nets Demand] Elapsed cpu  time: sys=0:00:00 usr=0:00:00 total=0:00:00
[End of Add Nets Demand] Stage (MB): Used    0  Alloctr    0  Proc    0 
[End of Add Nets Demand] Total (MB): Used   30  Alloctr   31  Proc 7062 
Number of user frozen nets = 0
Total stats:
[End of Build Data] Elapsed real time: 0:00:00 
[End of Build Data] Elapsed cpu  time: sys=0:00:00 usr=0:00:00 total=0:00:00
[End of Build Data] Stage (MB): Used    3  Alloctr    3  Proc    0 
[End of Build Data] Total (MB): Used   30  Alloctr   31  Proc 7062 
Number of partitions: 1 (1 x 1)
Size of partitions: 80 gCells x 80 gCells
Current Stage stats:
[End of Blocked Pin Detection] Elapsed real time: 0:00:00 
[End of Blocked Pin Detection] Elapsed cpu  time: sys=0:00:00 usr=0:00:00 total=0:00:00
[End of Blocked Pin Detection] Stage (MB): Used  176  Alloctr  176  Proc    0 
[End of Blocked Pin Detection] Total (MB): Used  206  Alloctr  207  Proc 7062 
Information: Using 1 threads for routing. (ZRT-444)
Information: Multiple gcell levels ON
Information: Buffer distance is estimated to be ~1185.0000um (658 gCells)

Start GR phase 0
Number of partitions: 1 (1 x 1)
Size of partitions: 80 gCells x 80 gCells
[rtAllBotParts] Elapsed real time: 0:00:00 
[rtAllBotParts] Elapsed cpu  time: sys=0:00:00 usr=0:00:00 total=0:00:00
[rtTop] Elapsed real time: 0:00:00 
[rtTop] Elapsed cpu  time: sys=0:00:00 usr=0:00:00 total=0:00:00
[updNetsDmd] Elapsed real time: 0:00:00 
[updNetsDmd] Elapsed cpu  time: sys=0:00:00 usr=0:00:00 total=0:00:00
Current Stage stats:
[End of Initial Routing] Elapsed real time: 0:00:00 
[End of Initial Routing] Elapsed cpu  time: sys=0:00:00 usr=0:00:00 total=0:00:00
[End of Initial Routing] Stage (MB): Used    0  Alloctr    0  Proc    0 
[End of Initial Routing] Total (MB): Used  206  Alloctr  207  Proc 7062 
Initial. Routing result:
Initial. Both Dirs: Dmd-Cap  =    18 Max = 4 GRCs =    10 (0.08%)
Initial. H routing: Dmd-Cap  =     0 Max = 0 (GRCs =  0) GRCs =     0 (0.00%)
Initial. V routing: Dmd-Cap  =    18 Max = 4 (GRCs =  2) GRCs =    10 (0.16%)
Initial. Both Dirs: Overflow =   698 Max = 9 GRCs =   409 (3.20%)
Initial. H routing: Overflow =    21 Max = 1 (GRCs = 40) GRCs =    40 (0.62%)
Initial. V routing: Overflow =   677 Max = 9 (GRCs =  1) GRCs =   369 (5.77%)
Initial. MET1       Overflow =    21 Max = 1 (GRCs = 40) GRCs =    40 (0.62%)
Initial. MET2       Overflow =   677 Max = 9 (GRCs =  1) GRCs =   369 (5.77%)
Initial. MET3       Overflow =     0 Max = 0 (GRCs =  0) GRCs =     0 (0.00%)
Initial. MET4       Overflow =     0 Max = 0 (GRCs =  0) GRCs =     0 (0.00%)
Initial. MET5       Overflow =     0 Max = 0 (GRCs =  0) GRCs =     0 (0.00%)
Initial. T4M2       Overflow =     0 Max = 0 (GRCs =  0) GRCs =     0 (0.00%)
Initial. RDL        Overflow =     0 Max = 0 (GRCs =  0) GRCs =     0 (0.00%)

Initial. Total Wire Length = 38703.34
Initial. Layer MET1 wire length = 697.15
Initial. Layer MET2 wire length = 11636.09
Initial. Layer MET3 wire length = 17660.96
Initial. Layer MET4 wire length = 8355.61
Initial. Layer MET5 wire length = 301.61
Initial. Layer T4M2 wire length = 51.91
Initial. Layer RDL wire length = 0.00
Initial. Total Number of Contacts = 15649
Initial. Via VIA12 count = 8052
Initial. Via VIA23 count = 5936
Initial. Via VIA34 count = 1649
Initial. Via VIA45 count = 10
Initial. Via T4M2_MET5 count = 2
Initial. Via RDL_T4M2 count = 0
Initial. completed.

Start GR phase 1
Tue Aug 18 14:58:09 2026
Number of partitions: 1 (1 x 1)
Size of partitions: 80 gCells x 80 gCells
[rtAllParts] Elapsed real time: 0:00:00 
[rtAllParts] Elapsed cpu  time: sys=0:00:00 usr=0:00:00 total=0:00:00
[updNetsDmd] Elapsed real time: 0:00:00 
[updNetsDmd] Elapsed cpu  time: sys=0:00:00 usr=0:00:00 total=0:00:00
Current Stage stats:
[End of Phase1 Routing] Elapsed real time: 0:00:00 
[End of Phase1 Routing] Elapsed cpu  time: sys=0:00:00 usr=0:00:00 total=0:00:00
[End of Phase1 Routing] Stage (MB): Used    0  Alloctr    0  Proc    0 
[End of Phase1 Routing] Total (MB): Used  206  Alloctr  207  Proc 7062 
phase1. Routing result:
phase1. Both Dirs: Dmd-Cap  =    18 Max = 4 GRCs =    10 (0.08%)
phase1. H routing: Dmd-Cap  =     0 Max = 0 (GRCs =  0) GRCs =     0 (0.00%)
phase1. V routing: Dmd-Cap  =    18 Max = 4 (GRCs =  2) GRCs =    10 (0.16%)
phase1. Both Dirs: Overflow =   695 Max = 9 GRCs =   411 (3.21%)
phase1. H routing: Overflow =    20 Max = 1 (GRCs = 39) GRCs =    39 (0.61%)
phase1. V routing: Overflow =   675 Max = 9 (GRCs =  1) GRCs =   372 (5.81%)
phase1. MET1       Overflow =    20 Max = 1 (GRCs = 39) GRCs =    39 (0.61%)
phase1. MET2       Overflow =   675 Max = 9 (GRCs =  1) GRCs =   372 (5.81%)
phase1. MET3       Overflow =     0 Max = 0 (GRCs =  0) GRCs =     0 (0.00%)
phase1. MET4       Overflow =     0 Max = 0 (GRCs =  0) GRCs =     0 (0.00%)
phase1. MET5       Overflow =     0 Max = 0 (GRCs =  0) GRCs =     0 (0.00%)
phase1. T4M2       Overflow =     0 Max = 0 (GRCs =  0) GRCs =     0 (0.00%)
phase1. RDL        Overflow =     0 Max = 0 (GRCs =  0) GRCs =     0 (0.00%)

phase1. Total Wire Length = 38713.31
phase1. Layer MET1 wire length = 697.15
phase1. Layer MET2 wire length = 11629.97
phase1. Layer MET3 wire length = 17667.36
phase1. Layer MET4 wire length = 8365.31
phase1. Layer MET5 wire length = 301.61
phase1. Layer T4M2 wire length = 51.91
phase1. Layer RDL wire length = 0.00
phase1. Total Number of Contacts = 15652
phase1. Via VIA12 count = 8052
phase1. Via VIA23 count = 5937
phase1. Via VIA34 count = 1651
phase1. Via VIA45 count = 10
phase1. Via T4M2_MET5 count = 2
phase1. Via RDL_T4M2 count = 0
phase1. completed.

Start GR phase 2
Tue Aug 18 14:58:09 2026
Number of partitions: 1 (1 x 1)
Size of partitions: 80 gCells x 80 gCells
[rtAllParts] Elapsed real time: 0:00:00 
[rtAllParts] Elapsed cpu  time: sys=0:00:00 usr=0:00:00 total=0:00:00
[updNetsDmd] Elapsed real time: 0:00:00 
[updNetsDmd] Elapsed cpu  time: sys=0:00:00 usr=0:00:00 total=0:00:00
Current Stage stats:
[End of Phase2 Routing] Elapsed real time: 0:00:00 
[End of Phase2 Routing] Elapsed cpu  time: sys=0:00:00 usr=0:00:00 total=0:00:00
[End of Phase2 Routing] Stage (MB): Used    0  Alloctr    0  Proc    0 
[End of Phase2 Routing] Total (MB): Used  206  Alloctr  207  Proc 7062 
phase2. Routing result:
phase2. Both Dirs: Dmd-Cap  =    19 Max = 4 GRCs =    11 (0.09%)
phase2. H routing: Dmd-Cap  =     0 Max = 0 (GRCs =  0) GRCs =     0 (0.00%)
phase2. V routing: Dmd-Cap  =    19 Max = 4 (GRCs =  2) GRCs =    11 (0.17%)
phase2. Both Dirs: Overflow =   695 Max = 9 GRCs =   406 (3.17%)
phase2. H routing: Overflow =    20 Max = 1 (GRCs = 39) GRCs =    39 (0.61%)
phase2. V routing: Overflow =   675 Max = 9 (GRCs =  1) GRCs =   367 (5.73%)
phase2. MET1       Overflow =    20 Max = 1 (GRCs = 39) GRCs =    39 (0.61%)
phase2. MET2       Overflow =   675 Max = 9 (GRCs =  1) GRCs =   367 (5.73%)
phase2. MET3       Overflow =     0 Max = 0 (GRCs =  0) GRCs =     0 (0.00%)
phase2. MET4       Overflow =     0 Max = 0 (GRCs =  0) GRCs =     0 (0.00%)
phase2. MET5       Overflow =     0 Max = 0 (GRCs =  0) GRCs =     0 (0.00%)
phase2. T4M2       Overflow =     0 Max = 0 (GRCs =  0) GRCs =     0 (0.00%)
phase2. RDL        Overflow =     0 Max = 0 (GRCs =  0) GRCs =     0 (0.00%)

phase2. Total Wire Length = 38714.32
phase2. Layer MET1 wire length = 697.15
phase2. Layer MET2 wire length = 11634.74
phase2. Layer MET3 wire length = 17669.06
phase2. Layer MET4 wire length = 8359.84
phase2. Layer MET5 wire length = 301.61
phase2. Layer T4M2 wire length = 51.91
phase2. Layer RDL wire length = 0.00
phase2. Total Number of Contacts = 15651
phase2. Via VIA12 count = 8052
phase2. Via VIA23 count = 5939
phase2. Via VIA34 count = 1648
phase2. Via VIA45 count = 10
phase2. Via T4M2_MET5 count = 2
phase2. Via RDL_T4M2 count = 0
phase2. completed.

Start GR phase 3
Tue Aug 18 14:58:09 2026
Number of partitions: 1 (1 x 1)
Size of partitions: 80 gCells x 80 gCells
[rtAllParts] Elapsed real time: 0:00:00 
[rtAllParts] Elapsed cpu  time: sys=0:00:00 usr=0:00:00 total=0:00:00
[updNetsDmd] Elapsed real time: 0:00:00 
[updNetsDmd] Elapsed cpu  time: sys=0:00:00 usr=0:00:00 total=0:00:00
Current Stage stats:
[End of Phase3 Routing] Elapsed real time: 0:00:00 
[End of Phase3 Routing] Elapsed cpu  time: sys=0:00:00 usr=0:00:00 total=0:00:00
[End of Phase3 Routing] Stage (MB): Used    0  Alloctr    0  Proc    0 
[End of Phase3 Routing] Total (MB): Used  206  Alloctr  207  Proc 7062 
phase3. Routing result:
phase3. Both Dirs: Dmd-Cap  =    19 Max = 4 GRCs =    11 (0.09%)
phase3. H routing: Dmd-Cap  =     0 Max = 0 (GRCs =  0) GRCs =     0 (0.00%)
phase3. V routing: Dmd-Cap  =    19 Max = 4 (GRCs =  2) GRCs =    11 (0.17%)
phase3. Both Dirs: Overflow =   695 Max = 9 GRCs =   406 (3.17%)
phase3. H routing: Overflow =    20 Max = 1 (GRCs = 39) GRCs =    39 (0.61%)
phase3. V routing: Overflow =   674 Max = 9 (GRCs =  1) GRCs =   367 (5.73%)
phase3. MET1       Overflow =    20 Max = 1 (GRCs = 39) GRCs =    39 (0.61%)
phase3. MET2       Overflow =   674 Max = 9 (GRCs =  1) GRCs =   367 (5.73%)
phase3. MET3       Overflow =     0 Max = 0 (GRCs =  0) GRCs =     0 (0.00%)
phase3. MET4       Overflow =     0 Max = 0 (GRCs =  0) GRCs =     0 (0.00%)
phase3. MET5       Overflow =     0 Max = 0 (GRCs =  0) GRCs =     0 (0.00%)
phase3. T4M2       Overflow =     0 Max = 0 (GRCs =  0) GRCs =     0 (0.00%)
phase3. RDL        Overflow =     0 Max = 0 (GRCs =  0) GRCs =     0 (0.00%)

phase3. Total Wire Length = 38715.72
phase3. Layer MET1 wire length = 697.15
phase3. Layer MET2 wire length = 11634.74
phase3. Layer MET3 wire length = 17668.67
phase3. Layer MET4 wire length = 8361.64
phase3. Layer MET5 wire length = 301.61
phase3. Layer T4M2 wire length = 51.91
phase3. Layer RDL wire length = 0.00
phase3. Total Number of Contacts = 15652
phase3. Via VIA12 count = 8052
phase3. Via VIA23 count = 5939
phase3. Via VIA34 count = 1649
phase3. Via VIA45 count = 10
phase3. Via T4M2_MET5 count = 2
phase3. Via RDL_T4M2 count = 0
phase3. completed.
[End of Whole Chip Routing] Elapsed real time: 0:00:00 
[End of Whole Chip Routing] Elapsed cpu  time: sys=0:00:00 usr=0:00:00 total=0:00:00
[End of Whole Chip Routing] Stage (MB): Used  179  Alloctr  180  Proc    0 
[End of Whole Chip Routing] Total (MB): Used  206  Alloctr  207  Proc 7062 

Information: Global Routing didn't terminate early. (ZRT-103)

Congestion utilization per direction:
Average vertical track utilization   = 29.14 %
Peak    vertical track utilization   = 120.00 %
Average horizontal track utilization = 11.83 %
Peak    horizontal track utilization = 50.00 %

[End of Global Routing] Elapsed real time: 0:00:00 
[End of Global Routing] Elapsed cpu  time: sys=0:00:00 usr=0:00:00 total=0:00:00
[End of Global Routing] Stage (MB): Used  179  Alloctr  179  Proc    0 
[End of Global Routing] Total (MB): Used  206  Alloctr  207  Proc 7062 
Updating the database ...
Updating congestion ...
Information: Extraction observers are detached as design net change threshold is reached.
[End of dbOut] Elapsed real time: 0:00:00 
[End of dbOut] Elapsed cpu  time: sys=0:00:00 usr=0:00:00 total=0:00:00
[End of dbOut] Stage (MB): Used  -19  Alloctr  -19  Proc    0 
[End of dbOut] Total (MB): Used   36  Alloctr   37  Proc 7062 

Clock-opt Incremental Global-routing complete  CPU:    82 s (  0.02 hr )  ELAPSE:   102 s (  0.03 hr )  MEM-PEAK:  1801 MB
INFO: place.legalize.enable_advanced_legalizer not set - need to revert CLO
INFO: First Clock-opt did not mark run with CLO enabled/disabled property
Co-efficient Ratio Summary:
4.193421605774  6.578038174339  2.479639288876  7.744187940401  0.485050004908  3.179565814207  5.567217754587  2.894454387461  6.565921217863  9.017937505874  3.104626183006  9.864549315867  6.078368864085  2.744202941123  8.318122804907
9.699225026602  2.464623951663  1.382370222825  9.387184429619  3.142429400214  0.968752760487  6.613183723294  4.146578793224  7.876358918112  2.191135103696  0.963780424167  2.701258259897  3.840695964440  3.750200653169  7.663465042299
6.212201167579  7.759678474566  7.862243057316  0.402387377150  0.032845099442  0.596111593894  4.701280396892  7.205135512169  8.278351398268  1.183725190997  3.334482781317  5.868719547638  7.173039285364  9.669813599761  7.591494547087
7.632106393885  7.679078064925  9.831314289239  1.878805217928  3.230072347184  1.226270018849  7.050453494780  2.403928173631  6.139852544054  4.100210066110  1.274764862728  4.571856469079  5.624013708820  7.826851853678  4.759140618263
5.409027926377  2.609823652834  0.626142538674  6.381676652919  9.187474022495  0.513656796621  5.027570618562  6.119813446103  6.181472312107  1.581675365776  7.486097105270  9.585672275762  2.041962287119  3.921164467338  0.650495882345
9.472458902409  3.368484394994  4.897111549020  6.860149244452  2.000104051691  9.095345907689  2.197041709512  0.915900067443  5.466092308426  8.142690055883  4.607149548397  8.245573500573  3.504015605451  1.682710612888  7.173440918510
9.939562708373  3.617852772683  8.946772637652  1.169969532707  4.529946656262  3.090979409795  5.580726136993  1.131397763510  0.721709625254  7.515947417690  0.649378582444  1.018141859529  5.811754566269  5.826734483342  4.349390492435
0.216216918863  9.612142423704  7.311156783381  0.823519641628  0.356161280255  8.022019543675  2.603135585844  5.024802551363  1.359359521353  5.407563451201  2.804179750681  1.266410868216  0.417905213533  1.833876065081  6.448564937188
4.848373112094  2.936801056210  8.671494125402  4.212305816610  9.007627270112  3.308107178452  5.607471109985  8.514743640423  2.764676979434  9.324216938770  1.551145262060  2.301618018631  0.754820930179  1.961425011696  2.781310541418
3.355375155106  9.437909894889  9.136702643722  9.020209708464  9.978471495117  7.467457734047  3.171274721421  9.815920740044  4.331414637138  0.413524984361  3.309966471782  7.453808012119  1.902062824529  5.623401859547  7.269370208696
3.367403103230  7.093641516989  7.411336157653  6.944246476650  5.239565921087  4.802189647382  3.894401463832  4.531610419342  1.605155657803  8.173730247963  9.287223057581  7.541511854511  0.000598217956  5.833788156721  4.754594489445
4.387461656592  1.217863901793  7.505874310467  0.800933986343  9.509851607812  3.964085274420  8.341123831811  5.604907969922  5.026083246462  3.950064138237  0.221272341062  4.020720346273  9.406804996875  2.789968261318  0.723201614657
8.793224787635  8.918112219113  5.103696096373  4.141094270014  8.443881384045  0.064440375020  6.053169766345  8.842299621220  1.167950775967  8.473967786224  3.056762469618  7.978259054137  5.095032759611  1.512375570128  7.396808220513
5.512169827835  1.398268118372  5.190997333443  6.408244586760  9.731622711941  4.385364940372  9.999764759148  7.347087763210  6.393266767907  8.063326983131  4.288685348696  5.818025672968  2.343773922627  0.037329905045  0.494796740392
8.173631613985  2.544054410021  0.066110127471  8.589655457074  6.653063562487  8.808820782685  7.253678475913  3.418263540902  7.926377260982  3.652834062614  2.538629763506  6.653017509639  4.022639851365  6.796624702757  0.618578111981
3.446103618147  2.312107158167  5.365776748604  1.822107958456  2.469756204172  7.387119392116  0.867338065048  8.682345947245  8.902409336848  4.394994489711  1.549075711453  9.245550891902  4.051835709534  5.907682419704  1.709528591590
0.067443546609  2.308426814269  0.055883460719  3.265224824446  3.794567354049  0.705451142662  6.012881717343  3.718510993956  2.708373361785  2.772683894677  2.637607241335  9.533805043886  6.656406109097  9.409798758072  6.136909613139
7.763510072170  9.625254751594  7.417690064932  2.209371101703  1.043513581151  9.666269582673  0.883342434938  3.292435021621  6.918317961214  2.422527731115  6.782159108521  9.142731541622  1.286830602201  9.569280460313  2.585850002480
2.551363136339  9.521353542864  3.451201282520  3.477518526530  0.052200041776  0.313533183387  2.465081644855  7.737188484837  3.112548293680  1.055033167149  4.124270539785  5.317723416778  7.270359130810  7.178458760747  1.109991351474
3.640423277861  6.979434934539  6.938770157227  9.989997630050  8.202625075468  5.030179196142  1.411696278130  3.341418335537  5.155650943790  9.893602213670  2.642590010575  9.209577403853  1.495354546745  7.734043517127  4.721437481592
0.740044435230  4.637138048807  4.984361337446  0.198619545279  8.206103190282  7.924529562340  7.259547726936  3.008696336740  3.103784709364  1.515702941133  6.156421702979  6.977763039962  5.921224280218  9.647388589440  1.463848953161
0.419342162604  5.657803814828  0.247963925272  7.774418554040  1.048505000035  3.317956583378  4.556721475458  7.289445438746  1.656592121786  3.901793950587  4.310412198548  3.987456466991  1.607059196408  5.274426034112  3.831827060490
7.969922504797  3.246462392551  4.138237029677  6.938718202961  9.314242940666  9.096875278996  4.661318072329  4.414657879322  4.787635891811  2.219113710369  6.096328522654  4.271127350394  1.384282806444  0.375026805316  9.766351384229
9.621220118884  0.775967844841  7.786224302126  7.040238597715  0.003284509589  7.059611151237  1.470128739689  2.720513551216  9.827835139826  8.118372519099  7.333498762169  4.587873489178  2.717526238536  4.966987199976  1.759154234708
7.763210639326  6.767907806332  6.983131428863  0.187880581792  8.323007234353  9.122627003732  6.705045049478  0.240392817363  1.613985254405  4.410021006611  0.127426930521  5.458187322265  3.562624680882  0.782681925367  8.475929841826
3.540902792637  7.260982365283  4.062614253867  4.638167665291  9.918747402249  5.051365679662  1.502757061856  2.611981344610  3.618147231210  7.158167536577  6.748659264876  7.959569903834  6.204319538711  9.392112286733  8.065054368234
5.947245890240  9.336848439499  4.489711154902  0.686014924445  2.200010405169  1.909534590768  9.219704170951  2.091590006744  3.546609230842  6.814269005588  3.460764408188  4.825559036315  7.350624870545  1.168277801288  8.717359871851
0.993956270837  3.361785277268  3.894677263765  2.116996953270  7.452994665626  2.309097940979  5.558072613699  3.113139776351  0.072170962525  4.751594741769  0.064987302593  1.102816861210  3.581398766626  9.582679288334  2.434944829243
5.021621691831  7.961214242252  7.731115678210  4.082351914162  8.035616128669  3.802201956928  4.260313258584  4.502480255136  3.135935952135  3.540756345120  1.280467429317  8.127643762189  0.041913831353  3.183383446508  1.644861273718
8.484837311254  8.293680105503  3.867149412422  5.421230531661  0.900762727011  2.330810717845  2.560747110998  5.851474364042  3.276467697943  4.932421693877  0.155164070555  7.231163587121  5.075605303017  9.196148341169  6.278146834141
8.335537515565  0.943790989360  2.913670264254  5.902020920846  4.997847149511  7.746745773404  7.317127472142  1.981592074004  4.433141463713  8.041352498436  1.330946189595  9.746382587579  3.190429592452  9.562346925954  7.726942800869
6.336740310378  4.709364151570  2.741133615647  6.694424697665  0.523956592108  7.480218964738  2.389440146383  2.453161041934  2.160515565780  3.817373024796  3.928772825242  8.755153861719  5.000272131795  6.583374655672  1.475464228944
5.438746165659  2.121786390179  3.750587431046  7.080093398634  3.950985160781  2.396408527442  0.834112383181  1.560490796992  2.502608324646  2.395006413823  7.022177891901  8.403075743436  2.940803509687  5.278992466131  8.072335941465
7.879322478763  5.891811221911  3.510369609637  3.414109427001  4.844388138404  5.006444037502  0.605316976634  5.884229962122  0.116795077596  7.847396778622  4.305626902153  8.798829812330  4.509726305961  1.151233147012  8.739695772051
3.551216982783  5.139826811837  2.519099733344  3.640824458676  0.973162271738  9.438536496698  1.999976175914  8.734708776321  0.639326676790  7.806332698313  1.428818190643  0.582806787257  7.234590612262  7.003738770504  5.049484524039
2.817363161398  5.254405441002  1.006611012747  1.858965545707  4.665306356248  7.880882078268  5.725367847591  3.341826354090  2.792637726098  2.365283406261  4.253812545771  7.666305846721  7.402486205136  5.679668250275  7.061862761198
1.344610361814  7.231210715816  7.536577674860  4.182210795845  6.246975620417  2.738711939211  6.086733806504  8.868234594724  5.890240933684  8.439499448971  1.154957140566  4.925559175958  0.405306890953  4.590764021970  4.170967709159
0.006744354660  9.230842681426  9.005588346071  9.326522482444  6.379456735048  7.070545116827  1.601288871734  3.371851099395  6.270837336178  5.277268389467  7.263710393554  6.954384690146  4.665863930909  7.940975655807  2.613605811313
9.776351007713  0.962525475776  4.741769006010  2.220937310170  3.104351358115  1.966626958267  3.088334243493  8.329243502162  1.691831796121  4.242252773111  5.678265580190  1.915276172441  6.128806880220  1.956923326031  3.258590950248
0.255136313593  5.952135354075  6.345120128041  2.347751812653  0.005220004177  6.031353318338  7.246508164485  5.773718848483  7.311254829368  0.105503386714  9.412477756652  0.532775622007  2.727258733081  0.717840156074  7.110904085147
4.364042327646  7.697943493242  1.693877015511  9.998999723005  0.820262507546  8.503017919614  2.141169627813  0.334141833553  7.515565094379  0.989360291367  0.264209704731  0.921950021715  7.149758274674  5.773409631712  7.472158698159
2.074004443314  1.463713804135  2.498436133099  1.019861974527  9.820610319028  2.792452956234  0.725954772693  6.300869633674  0.310378470936  4.151570274113  3.615692873971  4.698779684326  6.592345248021  8.964733138944  0.146399745316
1.041934216051  5.565780381737  3.024796392872  7.777441875404  0.104850500003  5.331795658337  8.455672147545  8.728944543874  6.165659212178  6.390179375058  7.431091912538  3.399748927029  5.160928739640  8.527447983411  2.383197656049
0.796992250260  8.324646239500  6.413823702212  2.693871840296  1.931424294066  6.909687527899  6.466131807232  9.441465787932  2.478763589181  1.221911351036  9.609682555949  9.428115016469  8.138641000644  4.037507960531  6.976640088422
9.962122011679  5.077596784739  6.778622430567  1.704023879771  5.000328450958  9.705961115123  7.147012873968  9.272051355121  6.982783513982  6.811837251909  9.733399578511  4.459780629347  2.271975443853  6.496693099997  6.175920373470
Information: The stitching and editing of coupling caps is turned OFF for design 'mac16_ndm:mac16.design'. (TIM-125)
Information: Design mac16 has 2604 nets, 2569 global routed, 31 detail routed. (NEX-024)
Warning: Technology layer 'RDL' setting 'routing-direction' is not valid (NEX-001)
Information: build GR coup map successfully (NEX-012)
Information: The RC mode used is GR for design 'mac16'. (NEX-022)
Information: Design Average RC for design mac16  (NEX-011)
Information: r = 0.918741 ohm/um, via_r = 0.000000 ohm/cut, c = 0.158760 ff/um, cc = 0.000000 ff/um (X dir) (NEX-017)
Information: r = 0.820126 ohm/um, via_r = 0.000000 ohm/cut, c = 0.169053 ff/um, cc = 0.000000 ff/um (Y dir) (NEX-017)
Information: Update timing completed net estimation for all the timing graph nets (TIM-111)
Information: Net estimation statistics: timing graph nets = 2602, routed nets = 2600, across physical hierarchy nets = 0, parasitics cached nets = 2602, delay annotated nets = 0, parasitics annotated nets = 0, multi-voltage nets = 0. (TIM-112)

Clock-opt final QoR
___________________
Scenario Mapping Table
1: default

Pathgroup Mapping Table
1: **default**
2: **async_default**
3: **clock_gating_default**
4: **in2reg_default**
5: **reg2out_default**
6: **in2out_default**
7: core_clk

-------------------------------------------------------------------------------------------------------------------------------------------------------------
PATHGROUP QOR 
-------------------------------------------------------------------------------------------------------------------------------------------------------------
Scene  PG      WNS        TNS    NSV      WHV        THV    NHV
    1   1   0.0000     0.0000      0   0.0000     0.0000      0
    1   2   0.0000     0.0000      0   0.0000     0.0000      0
    1   3   0.0000     0.0000      0   0.0000     0.0000      0
    1   4   0.0000     0.0000      0   0.0000     0.0000      0
    1   5   0.0000     0.0000      0   0.0000     0.0000      0
    1   6   0.0000     0.0000      0   0.0000     0.0000      0
    1   7   0.0001     0.0001      1   0.0000     0.0000      0
----------------------------------------------------------------------------------------------------------------------------------------------------------------------
SCENARIO QOR 
----------------------------------------------------------------------------------------------------------------------------------------------------------------------
Scene  PG      WNS        TNS   R2RTNS    NSV      WHV        THV    NHV  MaxTrnV   MaxTranC  MaxCapV    Leakage
    1   *   0.0001     0.0001   0.0001      1   0.0000     0.0000      0        0     0.0000        0    552.145
----------------------------------------------------------------------------------------------------------------------------------------------------------------------
DESIGN QOR 
----------------------------------------------------------------------------------------------------------------------------------------------------------------------
Scene  PG      WNS        TNS   R2RTNS    NSV      WHV        THV    NHV  MaxTrnV   MaxTranC  MaxCapV    Leakage         Area    InstCnt     BufCnt     InvCnt
    *   *   0.0001     0.0001   0.0001      1   0.0000     0.0000      0        0     0.0000        0    552.145     11146.32       2475         59        165
----------------------------------------------------------------------------------------------------------------------------------------------------------------------

Clock-opt final QoR Summary         WNS        TNS   R2RTNS    NSV      WHV        THV    NHV  MaxTrnV  MaxCapV    Leakage         Area    InstCnt
Clock-opt final QoR Summary      0.0001     0.0001   0.0001      1   0.0000     0.0000      0        0        0    552.145     11146.32       2475

Clock-opt command complete                CPU:    82 s (  0.02 hr )  ELAPSE:   102 s (  0.03 hr )  MEM-PEAK:  1801 MB
Clock-opt command statistics  CPU=24 sec (0.01 hr) ELAPSED=26 sec (0.01 hr) MEM-PEAK=1.759 GB
1
TEST: runCore final-init
TEST: runCore final-end
[Tim-Pow Info] Destroyed PowerMode object for mode: default
[Tim-Power-Info] Refresh activity and power.
Information: Activity propagation will be performed for scenario default.
Information: Doing activity propagation for mode 'default' and corner 'default' with effort level 'medium'. (POW-024)
Information: Running switching activity propagation in scalar mode!

 **** Information : No. of simulation cycles = 7 ****
[Non-Incremental Power-Update] SCENE[default_late] PROP[late] InstanceSize[2475]
Information: Running auto PG connection. (NDM-099)
Information: Ending   'clock_opt' (FLW-8001)
Information: Time: 2026-08-18 14:58:10 / Session:  00:01:42 / Command:  00:00:42 / CPU:  00:00:38 / Memory: 1801 MB (FLW-8100)
1
puts "== route_opt =="
== route_opt ==
route_opt
Information: Starting 'route_opt' (FLW-8000)
Information: Time: 2026-08-18 14:58:10 / Session:  00:01:42 / Command:  00:00:00 / CPU:  00:00:00 / Memory: 1801 MB (FLW-8100)
INFO: route_opt is running in balanced flow mode
Warning: SI analysis is not enabled for post-route optimization. (ROPT-002)
Warning: Cannot find any max transition constraint on the design. (OPT-070)
INFO: Total Power Aware Optimization Enabled (Dynamic + Leakage)
Route-opt command begin                   CPU:    83 s (  0.02 hr )  ELAPSE:   103 s (  0.03 hr )  MEM-PEAK:  1801 MB
Warning: SI analysis is not enabled for post-route optimization. (ROPT-002)
Warning: Cannot find any max transition constraint on the design. (OPT-070)
INFO: place.legalize.enable_advanced_legalizer not set - need to revert CLO
INFO: Concurrent Legalization and Optimization (CLO) Reverted
INFO: place.legalize.enable_advanced_legalizer not set - need to revert CLO
Info: update em.

Route-opt timing update complete          CPU:    83 s (  0.02 hr )  ELAPSE:   103 s (  0.03 hr )  MEM-PEAK:  1801 MB
INFO: Propagating Switching Activities
INFO: Switching Activity propagation took     0.00022 sec
INFO: Propagating Switching Activity for all power flows 

Route-opt initial QoR
_____________________
Scenario Mapping Table
1: default

Pathgroup Mapping Table
1: **default**
2: **async_default**
3: **clock_gating_default**
4: **in2reg_default**
5: **reg2out_default**
6: **in2out_default**
7: core_clk

-------------------------------------------------------------------------------------------------------------------------------------------------------------
PATHGROUP QOR 
-------------------------------------------------------------------------------------------------------------------------------------------------------------
Scene  PG      WNS        TNS    NSV      WHV        THV    NHV
    1   1   0.0000     0.0000      0   0.0000     0.0000      0
    1   2   0.0000     0.0000      0   0.0000     0.0000      0
    1   3   0.0000     0.0000      0   0.0000     0.0000      0
    1   4   0.0000     0.0000      0   0.0000     0.0000      0
    1   5   0.0000     0.0000      0   0.0000     0.0000      0
    1   6   0.0000     0.0000      0   0.0000     0.0000      0
    1   7   0.0001     0.0001      1   0.0000     0.0000      0
----------------------------------------------------------------------------------------------------------------------------------------------------------------------
SCENARIO QOR 
----------------------------------------------------------------------------------------------------------------------------------------------------------------------
Scene  PG      WNS        TNS   R2RTNS    NSV      WHV        THV    NHV  MaxTrnV   MaxTranC  MaxCapV    Leakage
    1   *   0.0001     0.0001   0.0001      1   0.0000     0.0000      0        0     0.0000        0    564.518
----------------------------------------------------------------------------------------------------------------------------------------------------------------------
DESIGN QOR 
----------------------------------------------------------------------------------------------------------------------------------------------------------------------
Scene  PG      WNS        TNS   R2RTNS    NSV      WHV        THV    NHV  MaxTrnV   MaxTranC  MaxCapV    Leakage         Area    InstCnt
    *   *   0.0001     0.0001   0.0001      1   0.0000     0.0000      0        0     0.0000        0    564.518     11146.32       2475
----------------------------------------------------------------------------------------------------------------------------------------------------------------------

Route-opt initial QoR Summary       WNS        TNS   R2RTNS    NSV      WHV        THV    NHV  MaxTrnV  MaxCapV    Leakage         Area    InstCnt
Route-opt initial QoR Summary    0.0001     0.0001   0.0001      1   0.0000     0.0000      0        0        0    564.518     11146.32       2475
Information: The netlist change observers are disabled for incremental extraction. (TIM-126)
INFO: using 1 threads
Warning: Technology layer 'RDL' setting 'routing-direction' is not valid (NEX-001)
Route-opt initialization complete         CPU:    84 s (  0.02 hr )  ELAPSE:   104 s (  0.03 hr )  MEM-PEAK:  1801 MB
Information: Initializing classic cellmap without advanced rules enabled and with PDC enabled
Information: The following app options are used in cellmap
        place.legalize.enable_color_aware_placement : false
        place.legalize.use_nll_query_cm : false
        place.legalize.enable_advanced_legalizer : false
        place.legalize.enable_prerouted_net_check : true
        place.legalize.enable_advanced_prerouted_net_check : false
        place.legalize.always_continue : true
        place.legalize.limit_legality_checks : false
        place.common.pnet_aware_density : 1.0000
        place.common.pnet_aware_min_width : 0.0000
        place.common.pnet_aware_layers : {}
        place.common.use_placement_model : false
        place.common.enable_advanced_placement_model : true
        cts.placement.cell_spacing_rule_style : maximum
Information: Creating classic rule checker.
Warning: Routing direction of metal layer POLY is neither "horizontal" nor "vertical".  PDC checks will not be performed on this layer. (PDC-003)
Warning: Routing direction of metal layer RDL is neither "horizontal" nor "vertical".  PDC checks will not be performed on this layer. (PDC-003)
PDC app_options settings =========
	place.legalize.enable_prerouted_net_check: 1
	place.legalize.num_tracks_for_access_check: 1
	place.legalize.use_eol_spacing_for_access_check: 0
	place.legalize.allow_touch_track_for_access_check: 1
	place.legalize.reduce_conservatism_in_eol_check: 0
	place.legalize.preroute_shape_merge_distance: 0.0
	place.legalize.enable_non_preferred_direction_span_check: 0

Layer MET1: cached 0 shapes out of 2514 total shapes.
Layer MET2: cached 0 shapes out of 5596 total shapes.
Cached 0 vias out of 18460 total vias.
Total 0.0268 seconds to build cellmap data
INFO: creating 27(r) x 27(c) GridCells YDim 5.4 XDim 5.4
INFO: number of GridCells (0xaa685960): 729
INFO: creating 27(r) x 27(c) GridCells YDim 5.4 XDim 5.4
INFO: number of GridCells (0xaa685960): 729
Total 0.0217 seconds to load 2475 cell instances into cellmap
Moveable cells: 2445; Application fixed cells: 30; Macro cells: 0; User fixed cells: 0
0 out of 2571 data nets is detail routed, 31 out of 31 clock nets are detail routed and total 2602 nets have been analyzed
Only clock route nets/shapes. Estimated current stage is after clock detail route stage
Average cell width 2.5020, cell height 1.8000, cell area 4.5036 for total 2475 placed and application fixed cells
Route-opt optimization summary            SETUP-COST    R2R-COST HOLD-COST LDRC-COST          AREA     LEAKAGE     INSTCNT            ELAPSE       MEM
Warning: Total 2 nets have their routing open (data: 2 nets, clock: 0 nets). This will cause problems for extraction, timing and post-route optimization. Some examples of open nets are listed below. (ROPT-004)
  rst_n
  sum_out
Warning: Many nets are not fully detailed routed. Some examples are listed below. (ROPT-006)
  mode
  inA
  inB
  in_ready
  carry
  out_ready
  u_mac16_top/net605
  u_mac16_top/N206
  u_mac16_top/N205
  u_mac16_top/N204
Warning: Cannot find any max transition constraint on the design. (OPT-070)
INFO: place.legalize.enable_advanced_legalizer not set - need to revert CLO


Route-opt optimization Phase 2 Iter  1          0.00        0.00      0.00         -      11146.32      564.52        2475              0.03      1801

Route-opt optimization Phase 3 Iter  1          0.00        0.00      0.00         -      11146.32      564.52        2475              0.03      1801
INFO: New Levelizer turned on

INFO: New Levelizer turned on
Route-opt optimization Phase 4 Iter  1          0.00        0.00      0.00         0      11140.20      562.90        2475              0.03      1801
Route-opt optimization Phase 4 Iter  2          0.00        0.00      0.00         0      11140.20      562.90        2475              0.03      1801
Route-opt optimization Phase 4 Iter  3          0.00        0.00      0.00         0      11140.20      562.90        2475              0.03      1801
Route-opt optimization Phase 4 Iter  4          0.00        0.00      0.00         0      11140.20      562.90        2475              0.03      1801


Route-opt optimization Phase 6 Iter  1          0.00        0.00      0.00         0      11140.20      562.90        2475              0.03      1801
Route-opt optimization Phase 6 Iter  2          0.00        0.00      0.00         0      11144.52      563.79        2475              0.03      1801
Route-opt optimization Phase 6 Iter  3          0.00        0.00      0.00         0      11144.52      563.79        2475              0.03      1801
Route-opt optimization Phase 6 Iter  4          0.00        0.00      0.00         0      11144.52      563.79        2475              0.03      1801
Route-opt optimization Phase 6 Iter  5          0.00        0.00      0.00         0      11144.88      564.00        2475              0.03      1801
Route-opt optimization Phase 6 Iter  6          0.00        0.00      0.00         0      11144.88      564.00        2475              0.03      1801
Route-opt optimization Phase 6 Iter  7          0.00        0.00      0.00         0      11147.40      564.66        2475              0.03      1801
Route-opt optimization Phase 6 Iter  8          0.00        0.00      0.00         0      11147.40      564.66        2475              0.03      1801
Route-opt optimization Phase 6 Iter  9          0.00        0.00      0.00         0      11147.40      564.66        2475              0.03      1801
Route-opt optimization summary            SETUP-COST    R2R-COST HOLD-COST LDRC-COST          AREA     LEAKAGE     INSTCNT            ELAPSE       MEM
Route-opt optimization Phase 6 Iter 10          0.00        0.00      0.00         0      11148.48      564.79        2475              0.03      1801
Route-opt optimization Phase 6 Iter 11          0.00        0.00      0.00         0      11148.48      564.79        2475              0.03      1801
Route-opt optimization Phase 6 Iter 12          0.00        0.00      0.00         0      11148.48      564.79        2475              0.03      1801
Route-opt optimization Phase 6 Iter 13          0.00        0.00      0.00         0      11148.48      564.79        2475              0.03      1801

Route-opt optimization Phase 7 Iter  1          0.00        0.00      0.00         0      11148.48      564.79        2475              0.03      1801
Route-opt optimization Phase 7 Iter  2          0.00        0.00      0.00         0      11148.84      564.86        2475              0.03      1801

Enable clock slack update
INFO: cellmap features:  adv-rules=(Y), pdc=(Y), clock-rules=(Y)
Route-opt optimization Phase 8 Iter  1          0.00        0.00      0.00         0      11148.84      564.86        2475              0.03      1801
INFO: cellmap features:  adv-rules=(N), pdc=(Y), clock-rules=(Y)

Route-opt optimization Phase 9 Iter  1          0.00        0.00      0.00         0      11148.84      564.86        2475              0.03      1801
Route-opt optimization Phase 9 Iter  2          0.00        0.00      0.00         0      11148.84      564.86        2475              0.03      1801
Route-opt optimization Phase 9 Iter  3          0.00        0.00      0.00         0      11148.84      564.86        2475              0.03      1801
Route-opt optimization Phase 9 Iter  4          0.00        0.00      0.00         0      11148.84      564.86        2475              0.03      1801
Route-opt optimization Phase 9 Iter  5          0.00        0.00      0.00         0      11148.84      564.86        2475              0.03      1801
Route-opt optimization Phase 9 Iter  6          0.00        0.00      0.00         0      11148.84      564.86        2475              0.03      1801
Route-opt optimization Phase 9 Iter  7          0.00        0.00      0.00         0      11148.84      564.86        2475              0.03      1801
Route-opt optimization Phase 9 Iter  8          0.00        0.00      0.00         0      11148.84      564.86        2475              0.03      1801

Enable clock slack update
INFO: cellmap features:  adv-rules=(Y), pdc=(Y), clock-rules=(Y)
Route-opt optimization Phase 10 Iter  1         0.00        0.00      0.00         0      11148.84      564.86        2475              0.03      1801
INFO: cellmap features:  adv-rules=(N), pdc=(Y), clock-rules=(Y)

Route-opt optimization Phase 11 Iter  1         0.00        0.00      0.00         0      11148.84      564.86        2475              0.03      1801
INFO: New Levelizer turned on
Route-opt optimization Phase 11 Iter  2         0.00        0.00      0.00         0      11146.32      564.38        2475              0.03      1801
INFO: New Levelizer turned on

Route-opt optimization Phase 12 Iter  1         0.00        0.00      0.00         0      11171.16      551.82        2475              0.03      1801

Route-opt optimization Phase 13 Iter  1         0.00        0.00      0.00         0      11171.16      551.57        2475              0.03      1801
Warning: Design includes unreasonable large hold violation(s). (OPT-209)
Route-opt optimization Phase 13 Iter  2         0.00        0.00      0.00         0      11171.16      551.57        2475              0.03      1801
Warning: Design includes unreasonable large hold violation(s). (OPT-209)


Route-opt route preserve complete         CPU:    88 s (  0.02 hr )  ELAPSE:   108 s (  0.03 hr )  MEM-PEAK:  1801 MB

INFO: Sending timing info to router
Information: Serialized np data
INFO: timer data saved to /tmp/mac16_52753_616632192.timdat
Information: The netlist change observers are enabled for incremental extraction. (TIM-127)
nplDplc2Placer::setParam(effort,1)
nplDplc2Placer::setParam(debug,0)
nplDplc2Placer::setParam(site_check,2)
nplDplc2Placer::setParam(app_firm_wgt,0)
Warning: Routing direction of metal layer POLY is neither "horizontal" nor "vertical".  PDC checks will not be performed on this layer. (PDC-003)
Warning: Routing direction of metal layer RDL is neither "horizontal" nor "vertical".  PDC checks will not be performed on this layer. (PDC-003)
PDC app_options settings =========
	place.legalize.enable_prerouted_net_check: 1
	place.legalize.num_tracks_for_access_check: 1
	place.legalize.use_eol_spacing_for_access_check: 0
	place.legalize.allow_touch_track_for_access_check: 1
	place.legalize.reduce_conservatism_in_eol_check: 0
	place.legalize.preroute_shape_merge_distance: 0.0
	place.legalize.enable_non_preferred_direction_span_check: 0

Layer MET1: cached 0 shapes out of 2534 total shapes.
Layer MET2: cached 0 shapes out of 5602 total shapes.
Cached 0 vias out of 18472 total vias.

Legalizing Top Level Design mac16 ... 
Information: Initializing classic cellmap without advanced rules enabled and without PDC enabled
Information: The following app options are used in cellmap
        place.legalize.enable_color_aware_placement : false
        place.legalize.use_nll_query_cm : false
        place.legalize.enable_advanced_legalizer : false
        place.legalize.enable_prerouted_net_check : true
        place.legalize.enable_advanced_prerouted_net_check : false
        place.legalize.always_continue : true
        place.legalize.limit_legality_checks : false
        place.common.pnet_aware_density : 1.0000
        place.common.pnet_aware_min_width : 0.0000
        place.common.pnet_aware_layers : {}
        place.common.use_placement_model : false
        place.common.enable_advanced_placement_model : true
        cts.placement.cell_spacing_rule_style : maximum
Total 0.0123 seconds to build cellmap data
Information: Creating classic rule checker.
Warning: Routing direction of metal layer POLY is neither "horizontal" nor "vertical".  PDC checks will not be performed on this layer. (PDC-003)
Warning: Routing direction of metal layer RDL is neither "horizontal" nor "vertical".  PDC checks will not be performed on this layer. (PDC-003)
=====> Processed 128 ref cells (0 fillers) from library

Bounds/Regions In This Design:
        Area    Num Cells  Exclusive Name
 (square um)
     17848.8         2475        Yes DEFAULT_VA

Starting legalizer.
Warning: Exclusive bound 'DEFAULT' has no cells.
Optimizing Exclusive Bound 'DEFAULT_VA' (2/2)
    Done Exclusive Bound 'DEFAULT_VA' (2/2) (0 sec)
Legalization complete (0 total sec)

****************************************
  Report : Placement Attempts
  Site   : core9
****************************************

number of cells:                   2475
number of references:               128
number of site rows:                 74
number of locations attempted:    46625
number of locations failed:           0  (0.0%)

Legality of references at locations:
0 references had failures.

Legality of references in rows:
0 references had row failures.

****************************************
  Report : Cell Displacements
****************************************

number of cells aggregated:        2445 (30803 total sites)
avg row height over cells:        1.800 um
rms cell displacement:            0.022 um ( 0.01 row height)
rms weighted cell displacement:   0.022 um ( 0.01 row height)
max cell displacement:            0.600 um ( 0.33 row height)
avg cell displacement:            0.001 um ( 0.00 row height)
avg weighted cell displacement:   0.001 um ( 0.00 row height)
number of cells moved:               15
number of large displacements:        0
large displacement threshold:     3.000 row height

Displacements of worst 10 cells:
Cell: copt_h_inst_1289 (FREEICGX0P5H9R)
  Input location: (62.4,14)
  Legal location: (63,14)
  Displacement:   0.600 um ( 0.33 row height)
Cell: U2139 (NOR2X0P5H9R)
  Input location: (35.4,50)
  Legal location: (35,50)
  Displacement:   0.400 um ( 0.22 row height)
Cell: U2140 (NOR2X1H9R)
  Input location: (37.2,50)
  Legal location: (37.6,50)
  Displacement:   0.400 um ( 0.22 row height)
Cell: U1106 (XNOR3X0P5H9R)
  Input location: (92.6,131)
  Legal location: (92.2,131)
  Displacement:   0.400 um ( 0.22 row height)
Cell: U2309 (MAOI222X0P5H9R)
  Input location: (95.2,131)
  Legal location: (95.6,131)
  Displacement:   0.400 um ( 0.22 row height)
Cell: gre_a_BUF_6646_inst_1308 (FREEICGX1P2H9R)
  Input location: (36.2,50)
  Legal location: (35.8,50)
  Displacement:   0.400 um ( 0.22 row height)
Cell: U1415 (MUX2X0P5H9R)
  Input location: (125.8,10.4)
  Legal location: (126,10.4)
  Displacement:   0.200 um ( 0.11 row height)
Cell: U2310 (MAOI222X0P5H9R)
  Input location: (89.6,131)
  Legal location: (89.4,131)
  Displacement:   0.200 um ( 0.11 row height)
Cell: copt_h_inst_1292 (FREEICGX0P5H9R)
  Input location: (46.8,10.4)
  Legal location: (46.6,10.4)
  Displacement:   0.200 um ( 0.11 row height)
Cell: U1544 (MUX2X0P5H9R)
  Input location: (116,14)
  Legal location: (116.2,14)
  Displacement:   0.200 um ( 0.11 row height)

Legalization succeeded.
Total Legalizer CPU: 0.116
Total Legalizer Wall Time: 0.151
----------------------------------------------------------------

Route-opt legalization complete           CPU:    89 s (  0.02 hr )  ELAPSE:   109 s (  0.03 hr )  MEM-PEAK:  1801 MB
INFO: Router Max Iterations set to : 5 
Warning: Layer RDL does not have a preferred direction, assigning to horizontal. (ZRT-025)
Cell Min-Routing-Layer = MET1
Cell Max-Routing-Layer = T4M2
Turn off antenna since no rule is specified
Information: Option route.detail.force_end_on_preferred_grid will be ignored since none of the layers have preferred grid. (ZRT-703)
Warning: Port mode of cell mac16
        is unplaced.  This may impact routing result. (ZRT-740)
Warning: Port inA of cell mac16
        is unplaced.  This may impact routing result. (ZRT-740)
Warning: Port inB of cell mac16
        is unplaced.  This may impact routing result. (ZRT-740)
Warning: Port in_ready of cell mac16
        is unplaced.  This may impact routing result. (ZRT-740)
Warning: Port clk of cell mac16
        is unplaced.  This may impact routing result. (ZRT-740)
Warning: Port rst_n of cell mac16
        is unplaced.  This may impact routing result. (ZRT-740)
Warning: Port sum_out of cell mac16
        is unplaced.  This may impact routing result. (ZRT-740)
Warning: Port carry of cell mac16
        is unplaced.  This may impact routing result. (ZRT-740)
Warning: Port out_ready of cell mac16
        is unplaced.  This may impact routing result. (ZRT-740)
Warning: Port VDD of cell mac16
        is unplaced.  This may impact routing result. (ZRT-740)
Warning: Port VSS of cell mac16
        is unplaced.  This may impact routing result. (ZRT-740)
Warning: Ignore 11 top cell ports with no pins. (ZRT-027)
Info: number of net_type_blockage: 0 
Information: Via ladder engine would be activated for pattern must join connection in certain commands. Please refer to man-page for the command list. (ZRT-619)
Wire on layer (MET2) needs more than one tracks
Via on layer (VIA1) needs more than one tracks
Via on layer (VIA2) needs more than one tracks
Warning: Layer MET2 default pitch 0.200 may be too small to handle up/down via. Note, that minimum requirements are "wire/via-down 0.215" & "wire/via-up 0.225". (ZRT-026)
Wire on layer (MET4) needs more than one tracks
Via on layer (VIA3) needs more than one tracks
Via on layer (VIA4) needs more than one tracks
Warning: Layer MET4 default pitch 0.200 may be too small to handle up/down via. Note, that minimum requirements are "wire/via-down 0.215" & "wire/via-up 0.225". (ZRT-026)
Via on layer (T4V2) needs more than one tracks
Warning: Layer MET5 default pitch 0.200 may be too small to handle up/down via. Note, that minimum requirements are "wire/via-down 0.200" & "wire/via-up 0.380". (ZRT-026)
Via on layer (RV) needs more than one tracks
Warning: Layer T4M2 default pitch 0.800 may be too small to handle up/down via. Note, that minimum requirements are "wire/via-down 0.800" & "wire/via-up 3.600". (ZRT-026)
Via on layer (RV) needs more than one tracks
Warning: Layer RDL default pitch 5.000 may be too small to handle up/down via. Note, that minimum requirements are "wire/via-down 6.500" & "wire/via-up 5.000". (ZRT-026)
Transition layer name: MET2(1)
Transition layer name: MET4(3)
Information: When applicable Min-max layer allow_pin_connection mode will allow paths of length 2.97 outside the layer range. (ZRT-707)
Information: When applicable Min-max layer allow_pin_connection mode will allow paths of length 2.97 outside the layer range on clock nets. (ZRT-718)
Information: When applicable layer based tapering will taper up to 0.00 in distance from the pin. (ZRT-706)
[ECO: DbIn With Extraction] Elapsed real time: 0:00:00 
[ECO: DbIn With Extraction] Elapsed cpu  time: sys=0:00:00 usr=0:00:00 total=0:00:00
[ECO: DbIn With Extraction] Stage (MB): Used   15  Alloctr   15  Proc    0 
[ECO: DbIn With Extraction] Total (MB): Used   19  Alloctr   19  Proc 7062 
[ECO: Before Refresh Via Ladder Phase] Elapsed real time: 0:00:00 
[ECO: Before Refresh Via Ladder Phase] Elapsed cpu  time: sys=0:00:00 usr=0:00:00 total=0:00:00
[ECO: Before Refresh Via Ladder Phase] Stage (MB): Used   15  Alloctr   15  Proc    0 
[ECO: Before Refresh Via Ladder Phase] Total (MB): Used   19  Alloctr   19  Proc 7062 

    Found 0 via ladders to verify.

VIA LADDER INFO: found 0 via ladder DRCs across 0 nets.
Updating the database ...

    Via ladders will be inserted on 0 of 0 ports with via ladder constraints.

Updating the database ...
[ECO: After Refresh Via Ladder Phase] Elapsed real time: 0:00:00 
[ECO: After Refresh Via Ladder Phase] Elapsed cpu  time: sys=0:00:00 usr=0:00:00 total=0:00:00
[ECO: After Refresh Via Ladder Phase] Stage (MB): Used   16  Alloctr   16  Proc    0 
[ECO: After Refresh Via Ladder Phase] Total (MB): Used   19  Alloctr   20  Proc 7062 
[ECO: Analysis] Elapsed real time: 0:00:00 
[ECO: Analysis] Elapsed cpu  time: sys=0:00:00 usr=0:00:00 total=0:00:00
[ECO: Analysis] Stage (MB): Used   16  Alloctr   16  Proc    0 
[ECO: Analysis] Total (MB): Used   19  Alloctr   20  Proc 7062 
Num of eco nets = 2604
Num of open eco nets = 449
[ECO: Init] Elapsed real time: 0:00:00 
[ECO: Init] Elapsed cpu  time: sys=0:00:00 usr=0:00:00 total=0:00:00
[ECO: Init] Stage (MB): Used   16  Alloctr   16  Proc    0 
[ECO: Init] Total (MB): Used   19  Alloctr   20  Proc 7062 
Start Global Route ... 
[Init] Elapsed real time: 0:00:00 
[Init] Elapsed cpu  time: sys=0:00:00 usr=0:00:00 total=0:00:00
[Init] Stage (MB): Used    0  Alloctr    0  Proc    0 
[Init] Total (MB): Used   23  Alloctr   24  Proc 7062 
Printing options for 'route.common.*'
common.verbose_level                                    :	 0                   

Printing options for 'route.global.*'

Begin global routing.
Constructing data structure ...
Design statistics:
Design Bounding Box (0.00um,0.00um,144.00um,143.20um)
Number of routing layers = 7
layer MET1, dir Hor, min width = 0.09um, min space = 0.09um pitch = 0.18um
layer MET2, dir Ver, min width = 0.1um, min space = 0.1um pitch = 0.2um
layer MET3, dir Hor, min width = 0.1um, min space = 0.1um pitch = 0.2um
layer MET4, dir Ver, min width = 0.1um, min space = 0.1um pitch = 0.2um
layer MET5, dir Hor, min width = 0.1um, min space = 0.1um pitch = 0.2um
layer T4M2, dir Ver, min width = 0.4um, min space = 0.4um pitch = 0.8um
layer RDL, dir Hor, min width = 3um, min space = 2um pitch = 5um
Current Stage stats:
[End of Build Tech Data] Elapsed real time: 0:00:00 
[End of Build Tech Data] Elapsed cpu  time: sys=0:00:00 usr=0:00:00 total=0:00:00
[End of Build Tech Data] Stage (MB): Used    0  Alloctr    0  Proc    0 
[End of Build Tech Data] Total (MB): Used   28  Alloctr   28  Proc 7062 
Net statistics:
Total number of nets     = 2604
Number of nets to route  = 449
Number of single or zero port nets = 2
Number of nets with min-layer-mode soft = 18
Number of nets with min-layer-mode soft-cost-low = 18
449 nets are partially connected,
 of which 2 are detail routed and 447 are global routed.
2153 nets are fully connected,
 of which 28 are detail routed and 2122 are global routed.
Net length statistics: 
Net Count(Ignore Fully Rted) 449, Total Half Perimeter Wire Length (HPWL) 6322 microns
HPWL   0 ~   50 microns: Net Count      423	Total HPWL         4623 microns
HPWL  50 ~  100 microns: Net Count       25	Total HPWL         1594 microns
HPWL 100 ~  200 microns: Net Count        1	Total HPWL          105 microns
HPWL 200 ~  300 microns: Net Count        0	Total HPWL            0 microns
HPWL 300 ~  400 microns: Net Count        0	Total HPWL            0 microns
HPWL 400 ~  500 microns: Net Count        0	Total HPWL            0 microns
HPWL 500 ~  600 microns: Net Count        0	Total HPWL            0 microns
HPWL 600 ~  700 microns: Net Count        0	Total HPWL            0 microns
HPWL 700 ~  800 microns: Net Count        0	Total HPWL            0 microns
HPWL 800 ~  900 microns: Net Count        0	Total HPWL            0 microns
HPWL 900 ~ 1000 microns: Net Count        0	Total HPWL            0 microns
HPWL     > 1000 microns: Net Count        0	Total HPWL            0 microns
Current Stage stats:
[End of Build All Nets] Elapsed real time: 0:00:00 
[End of Build All Nets] Elapsed cpu  time: sys=0:00:00 usr=0:00:00 total=0:00:00
[End of Build All Nets] Stage (MB): Used    1  Alloctr    1  Proc    0 
[End of Build All Nets] Total (MB): Used   30  Alloctr   30  Proc 7062 
Number of partitions: 1 (1 x 1)
Size of partitions: 80 gCells x 80 gCells
Average gCell capacity  3.17	 on layer (1)	 MET1
Average gCell capacity  8.99	 on layer (2)	 MET2
Average gCell capacity  8.38	 on layer (3)	 MET3
Average gCell capacity  8.97	 on layer (4)	 MET4
Average gCell capacity  8.91	 on layer (5)	 MET5
Average gCell capacity  2.06	 on layer (6)	 T4M2
Average gCell capacity  0.34	 on layer (7)	 RDL
Average number of tracks per gCell 9.95	 on layer (1)	 MET1
Average number of tracks per gCell 9.01	 on layer (2)	 MET2
Average number of tracks per gCell 8.96	 on layer (3)	 MET3
Average number of tracks per gCell 9.01	 on layer (4)	 MET4
Average number of tracks per gCell 8.96	 on layer (5)	 MET5
Average number of tracks per gCell 2.25	 on layer (6)	 T4M2
Average number of tracks per gCell 0.36	 on layer (7)	 RDL
Number of gCells = 44800
Current Stage stats:
[End of Build Congestion Map] Elapsed real time: 0:00:00 
[End of Build Congestion Map] Elapsed cpu  time: sys=0:00:00 usr=0:00:00 total=0:00:00
[End of Build Congestion Map] Stage (MB): Used    0  Alloctr    0  Proc    0 
[End of Build Congestion Map] Total (MB): Used   30  Alloctr   31  Proc 7062 
Current Stage stats:
[End of Add Nets Demand] Elapsed real time: 0:00:00 
[End of Add Nets Demand] Elapsed cpu  time: sys=0:00:00 usr=0:00:00 total=0:00:00
[End of Add Nets Demand] Stage (MB): Used    0  Alloctr    0  Proc    0 
[End of Add Nets Demand] Total (MB): Used   30  Alloctr   31  Proc 7062 
Number of user frozen nets = 0
Total stats:
[End of Build Data] Elapsed real time: 0:00:00 
[End of Build Data] Elapsed cpu  time: sys=0:00:00 usr=0:00:00 total=0:00:00
[End of Build Data] Stage (MB): Used    3  Alloctr    3  Proc    0 
[End of Build Data] Total (MB): Used   30  Alloctr   31  Proc 7062 
Number of partitions: 1 (1 x 1)
Size of partitions: 80 gCells x 80 gCells
Current Stage stats:
[End of Blocked Pin Detection] Elapsed real time: 0:00:00 
[End of Blocked Pin Detection] Elapsed cpu  time: sys=0:00:00 usr=0:00:00 total=0:00:00
[End of Blocked Pin Detection] Stage (MB): Used  176  Alloctr  176  Proc    0 
[End of Blocked Pin Detection] Total (MB): Used  206  Alloctr  207  Proc 7062 
Information: Using 1 threads for routing. (ZRT-444)
Information: Multiple gcell levels ON
Information: Buffer distance is estimated to be ~1185.0000um (658 gCells)

Start GR phase 0
Number of partitions: 1 (1 x 1)
Size of partitions: 80 gCells x 80 gCells
[rtAllBotParts] Elapsed real time: 0:00:00 
[rtAllBotParts] Elapsed cpu  time: sys=0:00:00 usr=0:00:00 total=0:00:00
[rtTop] Elapsed real time: 0:00:00 
[rtTop] Elapsed cpu  time: sys=0:00:00 usr=0:00:00 total=0:00:00
Current Stage stats:
[End of Initial Routing] Elapsed real time: 0:00:00 
[End of Initial Routing] Elapsed cpu  time: sys=0:00:00 usr=0:00:00 total=0:00:00
[End of Initial Routing] Stage (MB): Used    0  Alloctr    0  Proc    0 
[End of Initial Routing] Total (MB): Used  207  Alloctr  207  Proc 7062 
Initial. Routing result:
Initial. Both Dirs: Dmd-Cap  =     7 Max = 3 GRCs =     8 (0.06%)
Initial. H routing: Dmd-Cap  =     0 Max = 0 (GRCs =  0) GRCs =     0 (0.00%)
Initial. V routing: Dmd-Cap  =     7 Max = 3 (GRCs =  2) GRCs =     8 (0.12%)
Initial. Both Dirs: Overflow =   555 Max = 9 GRCs =   366 (2.86%)
Initial. H routing: Overflow =    47 Max = 2 (GRCs =  5) GRCs =    49 (0.77%)
Initial. V routing: Overflow =   508 Max = 9 (GRCs =  1) GRCs =   317 (4.95%)
Initial. MET1       Overflow =    47 Max = 2 (GRCs =  5) GRCs =    48 (0.75%)
Initial. MET2       Overflow =   508 Max = 9 (GRCs =  1) GRCs =   317 (4.95%)
Initial. MET3       Overflow =     0 Max = 1 (GRCs =  1) GRCs =     1 (0.02%)
Initial. MET4       Overflow =     0 Max = 0 (GRCs =  0) GRCs =     0 (0.00%)
Initial. MET5       Overflow =     0 Max = 0 (GRCs =  0) GRCs =     0 (0.00%)
Initial. T4M2       Overflow =     0 Max = 0 (GRCs =  0) GRCs =     0 (0.00%)
Initial. RDL        Overflow =     0 Max = 0 (GRCs =  0) GRCs =     0 (0.00%)

Initial. Total Wire Length = 38710.38
Initial. Layer MET1 wire length = 696.80
Initial. Layer MET2 wire length = 11637.08
Initial. Layer MET3 wire length = 17667.02
Initial. Layer MET4 wire length = 8355.97
Initial. Layer MET5 wire length = 301.61
Initial. Layer T4M2 wire length = 51.91
Initial. Layer RDL wire length = 0.00
Initial. Total Number of Contacts = 15677
Initial. Via VIA12 count = 8064
Initial. Via VIA23 count = 5954
Initial. Via VIA34 count = 1647
Initial. Via VIA45 count = 10
Initial. Via T4M2_MET5 count = 2
Initial. Via RDL_T4M2 count = 0
Initial. completed.

Start GR phase 1
Tue Aug 18 14:58:16 2026
Number of partitions: 1 (1 x 1)
Size of partitions: 80 gCells x 80 gCells
[rtAllParts] Elapsed real time: 0:00:00 
[rtAllParts] Elapsed cpu  time: sys=0:00:00 usr=0:00:00 total=0:00:00
Current Stage stats:
[End of Phase1 Routing] Elapsed real time: 0:00:00 
[End of Phase1 Routing] Elapsed cpu  time: sys=0:00:00 usr=0:00:00 total=0:00:00
[End of Phase1 Routing] Stage (MB): Used    0  Alloctr    0  Proc    0 
[End of Phase1 Routing] Total (MB): Used  207  Alloctr  207  Proc 7062 
phase1. Routing result:
phase1. Both Dirs: Dmd-Cap  =     7 Max = 3 GRCs =     7 (0.05%)
phase1. H routing: Dmd-Cap  =     0 Max = 0 (GRCs =  0) GRCs =     0 (0.00%)
phase1. V routing: Dmd-Cap  =     7 Max = 3 (GRCs =  2) GRCs =     7 (0.11%)
phase1. Both Dirs: Overflow =   550 Max = 9 GRCs =   360 (2.81%)
phase1. H routing: Overflow =    47 Max = 2 (GRCs =  5) GRCs =    48 (0.75%)
phase1. V routing: Overflow =   502 Max = 9 (GRCs =  1) GRCs =   312 (4.88%)
phase1. MET1       Overflow =    47 Max = 2 (GRCs =  5) GRCs =    48 (0.75%)
phase1. MET2       Overflow =   502 Max = 9 (GRCs =  1) GRCs =   312 (4.88%)
phase1. MET3       Overflow =     0 Max = 0 (GRCs =  0) GRCs =     0 (0.00%)
phase1. MET4       Overflow =     0 Max = 0 (GRCs =  0) GRCs =     0 (0.00%)
phase1. MET5       Overflow =     0 Max = 0 (GRCs =  0) GRCs =     0 (0.00%)
phase1. T4M2       Overflow =     0 Max = 0 (GRCs =  0) GRCs =     0 (0.00%)
phase1. RDL        Overflow =     0 Max = 0 (GRCs =  0) GRCs =     0 (0.00%)

phase1. Total Wire Length = 38709.58
phase1. Layer MET1 wire length = 702.18
phase1. Layer MET2 wire length = 11626.02
phase1. Layer MET3 wire length = 17663.91
phase1. Layer MET4 wire length = 8363.95
phase1. Layer MET5 wire length = 301.61
phase1. Layer T4M2 wire length = 51.91
phase1. Layer RDL wire length = 0.00
phase1. Total Number of Contacts = 15679
phase1. Via VIA12 count = 8066
phase1. Via VIA23 count = 5951
phase1. Via VIA34 count = 1650
phase1. Via VIA45 count = 10
phase1. Via T4M2_MET5 count = 2
phase1. Via RDL_T4M2 count = 0
phase1. completed.

Start GR phase 2
Tue Aug 18 14:58:16 2026
Number of partitions: 1 (1 x 1)
Size of partitions: 80 gCells x 80 gCells
[rtAllParts] Elapsed real time: 0:00:00 
[rtAllParts] Elapsed cpu  time: sys=0:00:00 usr=0:00:00 total=0:00:00
Current Stage stats:
[End of Phase2 Routing] Elapsed real time: 0:00:00 
[End of Phase2 Routing] Elapsed cpu  time: sys=0:00:00 usr=0:00:00 total=0:00:00
[End of Phase2 Routing] Stage (MB): Used    0  Alloctr    0  Proc    0 
[End of Phase2 Routing] Total (MB): Used  207  Alloctr  207  Proc 7062 
phase2. Routing result:
phase2. Both Dirs: Dmd-Cap  =     7 Max = 3 GRCs =     7 (0.05%)
phase2. H routing: Dmd-Cap  =     0 Max = 0 (GRCs =  0) GRCs =     0 (0.00%)
phase2. V routing: Dmd-Cap  =     7 Max = 3 (GRCs =  2) GRCs =     7 (0.11%)
phase2. Both Dirs: Overflow =   547 Max = 9 GRCs =   360 (2.81%)
phase2. H routing: Overflow =    47 Max = 2 (GRCs =  5) GRCs =    48 (0.75%)
phase2. V routing: Overflow =   500 Max = 9 (GRCs =  1) GRCs =   312 (4.88%)
phase2. MET1       Overflow =    47 Max = 2 (GRCs =  5) GRCs =    48 (0.75%)
phase2. MET2       Overflow =   500 Max = 9 (GRCs =  1) GRCs =   312 (4.88%)
phase2. MET3       Overflow =     0 Max = 0 (GRCs =  0) GRCs =     0 (0.00%)
phase2. MET4       Overflow =     0 Max = 0 (GRCs =  0) GRCs =     0 (0.00%)
phase2. MET5       Overflow =     0 Max = 0 (GRCs =  0) GRCs =     0 (0.00%)
phase2. T4M2       Overflow =     0 Max = 0 (GRCs =  0) GRCs =     0 (0.00%)
phase2. RDL        Overflow =     0 Max = 0 (GRCs =  0) GRCs =     0 (0.00%)

phase2. Total Wire Length = 38729.84
phase2. Layer MET1 wire length = 703.80
phase2. Layer MET2 wire length = 11639.00
phase2. Layer MET3 wire length = 17663.55
phase2. Layer MET4 wire length = 8369.98
phase2. Layer MET5 wire length = 301.61
phase2. Layer T4M2 wire length = 51.91
phase2. Layer RDL wire length = 0.00
phase2. Total Number of Contacts = 15680
phase2. Via VIA12 count = 8067
phase2. Via VIA23 count = 5949
phase2. Via VIA34 count = 1652
phase2. Via VIA45 count = 10
phase2. Via T4M2_MET5 count = 2
phase2. Via RDL_T4M2 count = 0
phase2. completed.
[End of Whole Chip Routing] Elapsed real time: 0:00:00 
[End of Whole Chip Routing] Elapsed cpu  time: sys=0:00:00 usr=0:00:00 total=0:00:00
[End of Whole Chip Routing] Stage (MB): Used  179  Alloctr  179  Proc    0 
[End of Whole Chip Routing] Total (MB): Used  207  Alloctr  207  Proc 7062 

Information: Global Routing terminated early. (ZRT-103)

Congestion utilization per direction:
Average vertical track utilization   = 28.00 %
Peak    vertical track utilization   = 115.00 %
Average horizontal track utilization = 12.31 %
Peak    horizontal track utilization = 50.00 %

[End of Global Routing] Elapsed real time: 0:00:00 
[End of Global Routing] Elapsed cpu  time: sys=0:00:00 usr=0:00:00 total=0:00:00
[End of Global Routing] Stage (MB): Used  178  Alloctr  178  Proc    0 
[End of Global Routing] Total (MB): Used  206  Alloctr  207  Proc 7062 
Updating congestion ...
Updating congestion ...
[End of dbOut] Elapsed real time: 0:00:00 
[End of dbOut] Elapsed cpu  time: sys=0:00:00 usr=0:00:00 total=0:00:00
[End of dbOut] Stage (MB): Used    0  Alloctr    0  Proc    0 
[End of dbOut] Total (MB): Used   55  Alloctr   56  Proc 7062 
[ECO: GR] Elapsed real time: 0:00:00 
[ECO: GR] Elapsed cpu  time: sys=0:00:00 usr=0:00:00 total=0:00:00
[ECO: GR] Stage (MB): Used   36  Alloctr   37  Proc    0 
[ECO: GR] Total (MB): Used   55  Alloctr   56  Proc 7062 

Start track assignment

Printing options for 'route.common.*'
common.verbose_level                                    :	 0                   

Printing options for 'route.track.*'

Information: Using 1 threads for routing. (ZRT-444)

[Track Assign: TA init] Elapsed real time: 0:00:00 
[Track Assign: TA init] Elapsed cpu  time: sys=0:00:00 usr=0:00:00 total=0:00:00
[Track Assign: TA init] Stage (MB): Used    1  Alloctr    1  Proc    0 
[Track Assign: TA init] Total (MB): Used   21  Alloctr   22  Proc 7062 

Start initial assignment

Assign Horizontal partitions, iteration 0 
Routed partition 1/10       
Routed partition 2/10       
Routed partition 3/10       
Routed partition 4/10       
Routed partition 5/10       
Routed partition 6/10       
Routed partition 7/10       
Routed partition 8/10       
Routed partition 9/10       
Routed partition 10/10      

Assign Vertical partitions, iteration 0 
Routed partition 1/10       
Routed partition 2/10       
Routed partition 3/10       
Routed partition 4/10       
Routed partition 5/10       
Routed partition 6/10       
Routed partition 7/10       
Routed partition 8/10       
Routed partition 9/10       
Routed partition 10/10      

Number of wires with overlap after iteration 0 = 9709 of 26409


[Track Assign: Iteration 0] Elapsed real time: 0:00:00 
[Track Assign: Iteration 0] Elapsed cpu  time: sys=0:00:00 usr=0:00:00 total=0:00:00
[Track Assign: Iteration 0] Stage (MB): Used    3  Alloctr    3  Proc    0 
[Track Assign: Iteration 0] Total (MB): Used   22  Alloctr   23  Proc 7062 

Reroute to fix overlaps (iter = 1)

Assign Horizontal partitions, iteration 1 
Routed partition 1/10       
Routed partition 2/10       
Routed partition 3/10       
Routed partition 4/10       
Routed partition 5/10       
Routed partition 6/10       
Routed partition 7/10       
Routed partition 8/10       
Routed partition 9/10       
Routed partition 10/10      

Assign Vertical partitions, iteration 1 
Routed partition 1/10       
Routed partition 2/10       
Routed partition 3/10       
Routed partition 4/10       
Routed partition 5/10       
Routed partition 6/10       
Routed partition 7/10       
Routed partition 8/10       
Routed partition 9/10       
Routed partition 10/10      

[Track Assign: Iteration 1] Elapsed real time: 0:00:00 
[Track Assign: Iteration 1] Elapsed cpu  time: sys=0:00:00 usr=0:00:00 total=0:00:00
[Track Assign: Iteration 1] Stage (MB): Used    3  Alloctr    3  Proc    0 
[Track Assign: Iteration 1] Total (MB): Used   22  Alloctr   23  Proc 7062 

Number of wires with overlap after iteration 1 = 4232 of 19583


Wire length and via report:
---------------------------
Number of MET1 wires: 3132 		  : 0
Number of MET2 wires: 10305 		 VIA12: 8514
Number of MET3 wires: 5258 		 VIA23: 8159
Number of MET4 wires: 881 		 VIA34: 1628
Number of MET5 wires: 6 		 VIA45: 12
Number of T4M2 wires: 1 		 T4M2_MET5: 2
Number of RDL wires: 0 		 RDL_T4M2: 0
Total number of wires: 19583 		 vias: 18315

Total MET1 wire length: 1072.5
Total MET2 wire length: 12826.6
Total MET3 wire length: 18593.4
Total MET4 wire length: 7862.0
Total MET5 wire length: 299.8
Total T4M2 wire length: 51.8
Total RDL wire length: 0.0
Total wire length: 40706.1

Longest MET1 wire length: 13.8
Longest MET2 wire length: 37.7
Longest MET3 wire length: 84.2
Longest MET4 wire length: 55.6
Longest MET5 wire length: 89.2
Longest T4M2 wire length: 51.8
Longest RDL wire length: 0.0


[Track Assign: Done] Elapsed real time: 0:00:01 
[Track Assign: Done] Elapsed cpu  time: sys=0:00:00 usr=0:00:00 total=0:00:01
[Track Assign: Done] Stage (MB): Used    0  Alloctr    0  Proc    0 
[Track Assign: Done] Total (MB): Used   19  Alloctr   21  Proc 7062 
[ECO: CDR] Elapsed real time: 0:00:01 
[ECO: CDR] Elapsed cpu  time: sys=0:00:00 usr=0:00:01 total=0:00:01
[ECO: CDR] Stage (MB): Used   16  Alloctr   17  Proc    0 
[ECO: CDR] Total (MB): Used   20  Alloctr   21  Proc 7062 
Printing options for 'route.common.*'
common.verbose_level                                    :	 0                   

Printing options for 'route.detail.*'
detail.eco_route_use_soft_spacing_for_timing_optimization:	 false               

Printing options for 'route.auto_via_ladder.*'

Total number of nets = 2604, of which 0 are not extracted
Total number of open nets = 0, of which 0 are frozen
Information: Using 1 threads for routing. (ZRT-444)
Start DR iteration 0: uniform partition
Routed	1/64 Partitions, Violations =	7
Routed	2/64 Partitions, Violations =	2
Routed	3/64 Partitions, Violations =	2
Routed	4/64 Partitions, Violations =	22
Routed	5/64 Partitions, Violations =	22
Routed	6/64 Partitions, Violations =	24
Routed	7/64 Partitions, Violations =	24
Routed	8/64 Partitions, Violations =	25
Routed	9/64 Partitions, Violations =	28
Routed	10/64 Partitions, Violations =	28
Routed	11/64 Partitions, Violations =	45
Routed	12/64 Partitions, Violations =	45
Routed	13/64 Partitions, Violations =	46
Routed	14/64 Partitions, Violations =	48
Routed	15/64 Partitions, Violations =	48
Routed	16/64 Partitions, Violations =	50
Routed	17/64 Partitions, Violations =	66
Routed	18/64 Partitions, Violations =	74
Routed	19/64 Partitions, Violations =	70
Routed	20/64 Partitions, Violations =	72
Routed	21/64 Partitions, Violations =	71
Routed	22/64 Partitions, Violations =	71
Routed	23/64 Partitions, Violations =	71
Routed	24/64 Partitions, Violations =	70
Routed	25/64 Partitions, Violations =	67
Routed	26/64 Partitions, Violations =	69
Routed	27/64 Partitions, Violations =	66
Routed	28/64 Partitions, Violations =	60
Routed	29/64 Partitions, Violations =	60
Routed	30/64 Partitions, Violations =	59
Routed	31/64 Partitions, Violations =	58
Routed	32/64 Partitions, Violations =	58
Routed	33/64 Partitions, Violations =	50
Routed	34/64 Partitions, Violations =	70
Routed	35/64 Partitions, Violations =	71
Routed	36/64 Partitions, Violations =	72
Routed	37/64 Partitions, Violations =	78
Routed	38/64 Partitions, Violations =	80
Routed	39/64 Partitions, Violations =	80
Routed	40/64 Partitions, Violations =	80
Routed	41/64 Partitions, Violations =	60
Routed	42/64 Partitions, Violations =	54
Routed	43/64 Partitions, Violations =	54
Routed	44/64 Partitions, Violations =	51
Routed	45/64 Partitions, Violations =	54
Routed	46/64 Partitions, Violations =	57
Routed	47/64 Partitions, Violations =	57
Routed	48/64 Partitions, Violations =	50
Routed	49/64 Partitions, Violations =	53
Routed	50/64 Partitions, Violations =	54
Routed	51/64 Partitions, Violations =	62
Routed	52/64 Partitions, Violations =	60
Routed	53/64 Partitions, Violations =	50
Routed	54/64 Partitions, Violations =	51
Routed	55/64 Partitions, Violations =	47
Routed	56/64 Partitions, Violations =	47
Routed	57/64 Partitions, Violations =	46
Routed	58/64 Partitions, Violations =	46
Routed	59/64 Partitions, Violations =	45
Routed	60/64 Partitions, Violations =	20
Routed	61/64 Partitions, Violations =	16
Routed	62/64 Partitions, Violations =	12
Routed	63/64 Partitions, Violations =	4
Routed	64/64 Partitions, Violations =	1

DRC-SUMMARY:
	@@@@@@@ TOTAL VIOLATIONS =	1
	Less than minimum area : 1

[Iter 0] Elapsed real time: 0:00:03 
[Iter 0] Elapsed cpu  time: sys=0:00:00 usr=0:00:03 total=0:00:03
[Iter 0] Stage (MB): Used   70  Alloctr   70  Proc    0 
[Iter 0] Total (MB): Used   90  Alloctr   91  Proc 7062 

End DR iteration 0 with 64 parts

Start DR iteration 1: non-uniform partition
Routed	1/7 Partitions, Violations =	1
Routed	2/7 Partitions, Violations =	1
Routed	3/7 Partitions, Violations =	1
Routed	4/7 Partitions, Violations =	1
Routed	5/7 Partitions, Violations =	1
Routed	6/7 Partitions, Violations =	1
Routed	7/7 Partitions, Violations =	1

DRC-SUMMARY:
	@@@@@@@ TOTAL VIOLATIONS =	1
	Less than minimum area : 1

[Iter 1] Elapsed real time: 0:00:03 
[Iter 1] Elapsed cpu  time: sys=0:00:00 usr=0:00:03 total=0:00:03
[Iter 1] Stage (MB): Used   70  Alloctr   70  Proc    0 
[Iter 1] Total (MB): Used   90  Alloctr   91  Proc 7062 

End DR iteration 1 with 7 parts

Start DR iteration 2: non-uniform partition
Routed	1/1 Partitions, Violations =	1

DRC-SUMMARY:
	@@@@@@@ TOTAL VIOLATIONS =	1
	Less than minimum area : 1

[Iter 2] Elapsed real time: 0:00:03 
[Iter 2] Elapsed cpu  time: sys=0:00:00 usr=0:00:03 total=0:00:03
[Iter 2] Stage (MB): Used   70  Alloctr   70  Proc    0 
[Iter 2] Total (MB): Used   90  Alloctr   91  Proc 7062 

End DR iteration 2 with 1 parts

Start DR iteration 3: non-uniform partition
Routed	1/1 Partitions, Violations =	1

DRC-SUMMARY:
	@@@@@@@ TOTAL VIOLATIONS =	1
	Less than minimum area : 1

[Iter 3] Elapsed real time: 0:00:03 
[Iter 3] Elapsed cpu  time: sys=0:00:00 usr=0:00:03 total=0:00:03
[Iter 3] Stage (MB): Used   70  Alloctr   70  Proc    0 
[Iter 3] Total (MB): Used   90  Alloctr   91  Proc 7062 

End DR iteration 3 with 1 parts

Start DR iteration 4: non-uniform partition
Routed	1/1 Partitions, Violations =	1

DRC-SUMMARY:
	@@@@@@@ TOTAL VIOLATIONS =	1
	Less than minimum area : 1

[Iter 4] Elapsed real time: 0:00:03 
[Iter 4] Elapsed cpu  time: sys=0:00:00 usr=0:00:03 total=0:00:03
[Iter 4] Stage (MB): Used   70  Alloctr   70  Proc    0 
[Iter 4] Total (MB): Used   90  Alloctr   91  Proc 7062 

End DR iteration 4 with 1 parts

Incremental DRC patching:
Routed	1/1 Partitions, Violations =	1

DRC-SUMMARY:
	@@@@@@@ TOTAL VIOLATIONS =	1
	Less than minimum area : 1

Stop DR since reached max number of iterations

Information: Detail Routing terminated early because DRCs were not converging: false (ZRT-312)

Nets that have been changed:
Net 1 = mode
Net 2 = inA
Net 3 = inB
Net 4 = in_ready
Net 5 = clk
Net 6 = carry
Net 7 = out_ready
Net 8 = u_mac16_top/net647
Net 9 = u_mac16_top/net642
Net 10 = u_mac16_top/net637
Net 11 = u_mac16_top/net632
Net 12 = u_mac16_top/net627
Net 13 = u_mac16_top/net622
Net 14 = u_mac16_top/net617
Net 15 = u_mac16_top/net605
Net 16 = u_mac16_top/net595
Net 17 = u_mac16_top/net590
Net 18 = u_mac16_top/net585
Net 19 = u_mac16_top/net580
Net 20 = u_mac16_top/net575
Net 21 = u_mac16_top/net564
Net 22 = u_mac16_top/N206
Net 23 = u_mac16_top/N205
Net 24 = u_mac16_top/N204
Net 25 = u_mac16_top/N203
Net 26 = u_mac16_top/N202
Net 27 = u_mac16_top/N178
Net 28 = u_mac16_top/N140
Net 29 = u_mac16_top/N139
Net 30 = u_mac16_top/N138
Net 31 = u_mac16_top/N137
Net 32 = u_mac16_top/N124
Net 33 = u_mac16_top/N123
Net 34 = u_mac16_top/N122
Net 35 = u_mac16_top/N121
Net 36 = u_mac16_top/N118
Net 37 = u_mac16_top/N117
Net 38 = u_mac16_top/N115
Net 39 = u_mac16_top/N114
Net 40 = u_mac16_top/N113
Net 41 = u_mac16_top/N112
Net 42 = u_mac16_top/N111
Net 43 = u_mac16_top/N110
Net 44 = u_mac16_top/N109
Net 45 = u_mac16_top/N108
Net 46 = u_mac16_top/N107
Net 47 = u_mac16_top/N106
Net 48 = u_mac16_top/N105
Net 49 = u_mac16_top/N104
Net 50 = u_mac16_top/N103
Net 51 = u_mac16_top/N102
Net 52 = u_mac16_top/N101
Net 53 = u_mac16_top/N100
Net 54 = u_mac16_top/N99
Net 55 = u_mac16_top/N98
Net 56 = u_mac16_top/N97
Net 57 = u_mac16_top/N96
Net 58 = u_mac16_top/N95
Net 59 = u_mac16_top/N94
Net 60 = u_mac16_top/N93
Net 61 = u_mac16_top/N92
Net 62 = u_mac16_top/N91
Net 63 = u_mac16_top/cal_done
Net 64 = u_mac16_top/opA_fifo[0][15]
Net 65 = u_mac16_top/opA_fifo[0][14]
Net 66 = u_mac16_top/opA_fifo[0][13]
Net 67 = u_mac16_top/opA_fifo[0][12]
Net 68 = u_mac16_top/opA_fifo[0][11]
Net 69 = u_mac16_top/opA_fifo[0][10]
Net 70 = u_mac16_top/opA_fifo[0][9]
Net 71 = u_mac16_top/opA_fifo[0][8]
Net 72 = u_mac16_top/opA_fifo[0][7]
Net 73 = u_mac16_top/opA_fifo[0][6]
Net 74 = u_mac16_top/opA_fifo[0][5]
Net 75 = u_mac16_top/opA_fifo[0][4]
Net 76 = u_mac16_top/opA_fifo[0][3]
Net 77 = u_mac16_top/opA_fifo[0][2]
Net 78 = u_mac16_top/opA_fifo[0][1]
Net 79 = u_mac16_top/opA_fifo[0][0]
Net 80 = u_mac16_top/opA_fifo[1][15]
Net 81 = u_mac16_top/opA_fifo[1][14]
Net 82 = u_mac16_top/opA_fifo[1][13]
Net 83 = u_mac16_top/opA_fifo[1][12]
Net 84 = u_mac16_top/opA_fifo[1][11]
Net 85 = u_mac16_top/opA_fifo[1][10]
Net 86 = u_mac16_top/opA_fifo[1][9]
Net 87 = u_mac16_top/opA_fifo[1][8]
Net 88 = u_mac16_top/opA_fifo[1][7]
Net 89 = u_mac16_top/opA_fifo[1][6]
Net 90 = u_mac16_top/opA_fifo[1][5]
Net 91 = u_mac16_top/opA_fifo[1][4]
Net 92 = u_mac16_top/opA_fifo[1][3]
Net 93 = u_mac16_top/opA_fifo[1][2]
Net 94 = u_mac16_top/opA_fifo[1][1]
Net 95 = u_mac16_top/opA_fifo[1][0]
Net 96 = u_mac16_top/opA_fifo[2][15]
Net 97 = u_mac16_top/opA_fifo[2][14]
Net 98 = u_mac16_top/opA_fifo[2][13]
Net 99 = u_mac16_top/opA_fifo[2][12]
Net 100 = u_mac16_top/opA_fifo[2][11]
.... and 2499 other nets
Total number of changed nets = 2599 (out of 2604)

[DR: Done] Elapsed real time: 0:00:03 
[DR: Done] Elapsed cpu  time: sys=0:00:00 usr=0:00:03 total=0:00:03
[DR: Done] Stage (MB): Used    1  Alloctr    0  Proc    0 
[DR: Done] Total (MB): Used   21  Alloctr   21  Proc 7062 
[ECO: DR] Elapsed real time: 0:00:05 
[ECO: DR] Elapsed cpu  time: sys=0:00:00 usr=0:00:05 total=0:00:05
[ECO: DR] Stage (MB): Used   17  Alloctr   18  Proc    0 
[ECO: DR] Total (MB): Used   21  Alloctr   21  Proc 7062 

ECO Route finished with 0 open nets, of which 0 are frozen

ECO Route finished with 1 violations

DRC-SUMMARY:
	@@@@@@@ TOTAL VIOLATIONS =	1
	Less than minimum area : 1



Total Wire Length =                    45596 micron
Total Number of Contacts =             20528
Total Number of Wires =                20745
Total Number of PtConns =              2445
Total Number of Routed Wires =       18211
Total Routed Wire Length =           44314 micron
Total Number of Routed Contacts =       20528
	Layer       MET1 :        908 micron
	Layer       MET2 :      11922 micron
	Layer       MET3 :      20646 micron
	Layer       MET4 :      10408 micron
	Layer       MET5 :        379 micron
	Layer       T4M2 :         52 micron
	Layer        RDL :          0 micron
	Via    T4M2_MET5 :          2
	Via        VIA45 :         35
	Via   VIA45(rot) :          1
	Via        VIA34 :       2767
	Via   VIA34(rot) :         52
	Via        VIA23 :       8439
	Via   VIA23(rot) :        113
	Via        VIA12 :       7520
	Via   VIA12(rot) :       1599

 
Redundant via conversion report:
--------------------------------

  Total optimized via conversion rate =  0.00% (0 / 20528 vias)
 
    Layer VIA1       =  0.00% (0      / 9119    vias)
        Un-optimized =  0.00% (0       vias)
        Un-mapped    = 100.00% (9119    vias)
    Layer VIA2       =  0.00% (0      / 8552    vias)
        Un-optimized =  0.00% (0       vias)
        Un-mapped    = 100.00% (8552    vias)
    Layer VIA3       =  0.00% (0      / 2819    vias)
        Un-optimized =  0.00% (0       vias)
        Un-mapped    = 100.00% (2819    vias)
    Layer VIA4       =  0.00% (0      / 36      vias)
        Un-optimized =  0.00% (0       vias)
        Un-mapped    = 100.00% (36      vias)
    Layer T4V2       =  0.00% (0      / 2       vias)
        Un-optimized =  0.00% (0       vias)
        Un-mapped    = 100.00% (2       vias)
 
  Total double via conversion rate    =  0.00% (0 / 20528 vias)
 
    Layer VIA1       =  0.00% (0      / 9119    vias)
    Layer VIA2       =  0.00% (0      / 8552    vias)
    Layer VIA3       =  0.00% (0      / 2819    vias)
    Layer VIA4       =  0.00% (0      / 36      vias)
    Layer T4V2       =  0.00% (0      / 2       vias)
 
  The optimized via conversion rate based on total routed via count =  0.00% (0 / 20528 vias)
 
    Layer VIA1       =  0.00% (0      / 9119    vias)
        Un-optimized =  0.00% (0       vias)
        Un-mapped    = 100.00% (9119    vias)
    Layer VIA2       =  0.00% (0      / 8552    vias)
        Un-optimized =  0.00% (0       vias)
        Un-mapped    = 100.00% (8552    vias)
    Layer VIA3       =  0.00% (0      / 2819    vias)
        Un-optimized =  0.00% (0       vias)
        Un-mapped    = 100.00% (2819    vias)
    Layer VIA4       =  0.00% (0      / 36      vias)
        Un-optimized =  0.00% (0       vias)
        Un-mapped    = 100.00% (36      vias)
    Layer T4V2       =  0.00% (0      / 2       vias)
        Un-optimized =  0.00% (0       vias)
        Un-mapped    = 100.00% (2       vias)
 

Total number of nets = 2604
0 open nets, of which 0 are frozen
Total number of excluded ports = 0 ports of 0 unplaced cells connected to 0 nets
                                 0 ports without pins of 0 cells connected to 0 nets
                                 0 ports of 0 cover cells connected to 0 non-pg nets
Total number of DRCs = 1
Total number of antenna violations = antenna checking not active
Information: Routes in non-preferred voltage areas = 0 (ZRT-559)

Total Wire Length =                    45596 micron
Total Number of Contacts =             20528
Total Number of Wires =                20745
Total Number of PtConns =              2445
Total Number of Routed Wires =       18211
Total Routed Wire Length =           44314 micron
Total Number of Routed Contacts =       20528
	Layer       MET1 :        908 micron
	Layer       MET2 :      11922 micron
	Layer       MET3 :      20646 micron
	Layer       MET4 :      10408 micron
	Layer       MET5 :        379 micron
	Layer       T4M2 :         52 micron
	Layer        RDL :          0 micron
	Via    T4M2_MET5 :          2
	Via        VIA45 :         35
	Via   VIA45(rot) :          1
	Via        VIA34 :       2767
	Via   VIA34(rot) :         52
	Via        VIA23 :       8439
	Via   VIA23(rot) :        113
	Via        VIA12 :       7520
	Via   VIA12(rot) :       1599

 
Redundant via conversion report:
--------------------------------

  Total optimized via conversion rate =  0.00% (0 / 20528 vias)
 
    Layer VIA1       =  0.00% (0      / 9119    vias)
        Un-optimized =  0.00% (0       vias)
        Un-mapped    = 100.00% (9119    vias)
    Layer VIA2       =  0.00% (0      / 8552    vias)
        Un-optimized =  0.00% (0       vias)
        Un-mapped    = 100.00% (8552    vias)
    Layer VIA3       =  0.00% (0      / 2819    vias)
        Un-optimized =  0.00% (0       vias)
        Un-mapped    = 100.00% (2819    vias)
    Layer VIA4       =  0.00% (0      / 36      vias)
        Un-optimized =  0.00% (0       vias)
        Un-mapped    = 100.00% (36      vias)
    Layer T4V2       =  0.00% (0      / 2       vias)
        Un-optimized =  0.00% (0       vias)
        Un-mapped    = 100.00% (2       vias)
 
  Total double via conversion rate    =  0.00% (0 / 20528 vias)
 
    Layer VIA1       =  0.00% (0      / 9119    vias)
    Layer VIA2       =  0.00% (0      / 8552    vias)
    Layer VIA3       =  0.00% (0      / 2819    vias)
    Layer VIA4       =  0.00% (0      / 36      vias)
    Layer T4V2       =  0.00% (0      / 2       vias)
 
  The optimized via conversion rate based on total routed via count =  0.00% (0 / 20528 vias)
 
    Layer VIA1       =  0.00% (0      / 9119    vias)
        Un-optimized =  0.00% (0       vias)
        Un-mapped    = 100.00% (9119    vias)
    Layer VIA2       =  0.00% (0      / 8552    vias)
        Un-optimized =  0.00% (0       vias)
        Un-mapped    = 100.00% (8552    vias)
    Layer VIA3       =  0.00% (0      / 2819    vias)
        Un-optimized =  0.00% (0       vias)
        Un-mapped    = 100.00% (2819    vias)
    Layer VIA4       =  0.00% (0      / 36      vias)
        Un-optimized =  0.00% (0       vias)
        Un-mapped    = 100.00% (36      vias)
    Layer T4V2       =  0.00% (0      / 2       vias)
        Un-optimized =  0.00% (0       vias)
        Un-mapped    = 100.00% (2       vias)
 
Topology ECO not run, no qualifying violations or in frozen nets.
Updating the database ...
Information: Extraction observers are detached as design net change threshold is reached.
...updated 2599 nets with eco mode
[ECO: End] Elapsed real time: 0:00:05 
[ECO: End] Elapsed cpu  time: sys=0:00:00 usr=0:00:05 total=0:00:05
[ECO: End] Stage (MB): Used   -2  Alloctr   -2  Proc    0 
[ECO: End] Total (MB): Used    0  Alloctr    1  Proc 7062 

Route-opt ECO routing complete            CPU:    94 s (  0.03 hr )  ELAPSE:   114 s (  0.03 hr )  MEM-PEAK:  1801 MB
Co-efficient Ratio Summary:
4.193421605160  6.578038173745  2.479639287282  7.744187640401  0.485050000353  3.179565833784  5.567214754587  2.894454387461  6.565921217863  9.017937505874  3.104625014462  9.864543131882  6.078360464085  2.744203241123  8.318121104907
9.699225026098  2.464623950079  1.382370221231  9.387184129619  3.142429406669  0.968752789964  6.613180723294  4.146578793224  7.876358918112  2.191135103696  0.963780592895  2.701252075812  3.840697564440
3.750206053174  7.663458842204  6.212201167965  7.759678573967  7.862243056717  0.402387977150  0.032845095897  0.596111512371  4.701287396892  7.205135512169  8.278307749069  1.184839722928  3.334673908244
5.867609731637  7.173894385379  9.669819999776  7.591487447087  7.632106393266  7.679078063326  9.831314288630  1.878805817928  3.230072343539  1.226270037326  7.050406845581  2.404032705662  6.139099044054
4.100210068020  1.274718598838  4.570746662246  5.624879108820  7.826857253678  4.759133418263  5.409027926377  2.609823652834  0.626142538674  6.381676652919  9.187420201253  0.514760716641  5.027717118562
6.119813448013  6.181472321380  1.581675374959  7.486042122107  9.584562469756  2.041727387119  3.921160867338  0.650488682345  9.472458902409  3.368484394994  4.897167728888  6.861253264472  2.000341551691
9.095345909599  2.197041718795  0.915900076626  5.466093608426  8.142690055883  4.607193265224  8.244463794567  3.504870705451  1.682716012888  7.173433718510  9.939518987131  3.618966792603  8.946919137652
1.169969532712  4.529946656277  3.090979409700  5.580726236993  1.131397763510  0.721709625254  7.515947417690  0.649322209371  1.017031043513  5.811519666269  5.826786252470  4.340497030472  0.216453418317
9.612142422527  7.311156782104  0.823519141628  0.356161286693  8.022019569284  2.603132585844  5.024802551363  1.359359521353  5.407563451201  2.804123477518  1.265356438485  0.418874196417  1.833019965081
6.448557737188  4.848373112548  2.936801055033  8.671494124225  4.212305316610  9.007627270112  3.308107178452  5.607471109985  8.514743640423  2.764676979434  9.324262314955  1.552203762871  2.300745702625
0.754685030179  1.961421411696  2.781303341418  3.355375155650  9.437909893602  9.136702642545  9.020209208464  9.978471495117  7.467457734047  3.171274721421  9.815976126229  4.332528410012  0.413761484361
3.309910198619  7.452798206103  1.902827924529  5.623407259547  7.269363008696  3.367403103784  7.093641515702  7.411336156476  6.944246976650  5.239565921087  4.802135023567  3.895515246716  4.531857919342
1.605155657803  8.173730247963  9.287277774418  7.540401048505  0.000353317956  5.833784556721  4.754587289445  4.387461656592  1.217863901793  7.505874310467  0.800988068399  9.500968713828  3.964222774420
8.341123831811  5.604907969922  5.026083246462  3.950064138237  0.221226938718  4.029619314242  9.406669096875  2.789964661318  0.723294414657  8.793224787635  8.918167366315  5.104703102389  4.141231770014
8.443881384045  0.064440375020  6.053169766345  8.842299621220  1.167950775967  8.473967786224  3.056717040238  7.977150003284  5.095897059611  1.512371470128  7.396847877715  5.513276933841  1.398405618372
5.190997333443  6.408244586760  9.731622717389  4.385364966981  9.999761759148  7.347087763210  6.393266767907  8.063326983131  4.288630187880  5.817928323007  2.343584279829  0.038433811051  0.494927740392
Information: The net parasitics of block mac16 are cleared. (TIM-123)
Information: The stitching and editing of coupling caps is turned OFF for design 'mac16_ndm:mac16.design'. (TIM-125)
Information: Design mac16 has 2604 nets, 0 global routed, 2600 detail routed. (NEX-024)
Warning: Technology layer 'RDL' setting 'routing-direction' is not valid (NEX-001)
Information: The RC mode used is DR for design 'mac16'. (NEX-022)
---extraction options---
Corner: default
Global options:
 reference_direction       : use_from_tluplus
 real_metalfill_extraction : none
 virtual_shield_extraction : true
---app options---
 host.max_cores                   : 1
 extract.connect_open           : true
 extract.enable_coupling_cap    : false
Extracting design: mac16 
Information: coupling capacitance is lumped to ground. (NEX-030)
Information: 2600 nets are successfully extracted. (NEX-028)
Information: Design Average RC for design mac16  (NEX-011)
Information: r = 0.918741 ohm/um, via_r = 0.000000 ohm/cut, c = 0.158760 ff/um, cc = 0.000000 ff/um (X dir) (NEX-017)
Information: r = 0.820126 ohm/um, via_r = 0.000000 ohm/cut, c = 0.169053 ff/um, cc = 0.000000 ff/um (Y dir) (NEX-017)
Warning: Advanced receiver model has not been enabled for detailed routed design. (TIM-204)
Information: Update timing completed net estimation for all the timing graph nets (TIM-111)
Information: Net estimation statistics: timing graph nets = 2602, routed nets = 2600, across physical hierarchy nets = 0, parasitics cached nets = 2602, delay annotated nets = 0, parasitics annotated nets = 0, multi-voltage nets = 0. (TIM-112)

Route-opt final QoR
___________________
Scenario Mapping Table
1: default

Pathgroup Mapping Table
1: **default**
2: **async_default**
3: **clock_gating_default**
4: **in2reg_default**
5: **reg2out_default**
6: **in2out_default**
7: core_clk

-------------------------------------------------------------------------------------------------------------------------------------------------------------
PATHGROUP QOR 
-------------------------------------------------------------------------------------------------------------------------------------------------------------
Scene  PG      WNS        TNS    NSV      WHV        THV    NHV
    1   1   0.0000     0.0000      0   0.0000     0.0000      0
    1   2   0.0000     0.0000      0   0.0000     0.0000      0
    1   3   0.0000     0.0000      0   0.0000     0.0000      0
    1   4   0.0000     0.0000      0   0.0000     0.0000      0
    1   5   0.0000     0.0000      0   0.0000     0.0000      0
    1   6   0.0000     0.0000      0   0.0000     0.0000      0
    1   7   0.0077     0.0443     12   0.0003     0.0003      1
----------------------------------------------------------------------------------------------------------------------------------------------------------------------
SCENARIO QOR 
----------------------------------------------------------------------------------------------------------------------------------------------------------------------
Scene  PG      WNS        TNS   R2RTNS    NSV      WHV        THV    NHV  MaxTrnV   MaxTranC  MaxCapV    Leakage
    1   *   0.0077     0.0443   0.0443     12   0.0003     0.0003      1        0     0.0000        1    551.572
----------------------------------------------------------------------------------------------------------------------------------------------------------------------
DESIGN QOR 
----------------------------------------------------------------------------------------------------------------------------------------------------------------------
Scene  PG      WNS        TNS   R2RTNS    NSV      WHV        THV    NHV  MaxTrnV   MaxTranC  MaxCapV    Leakage         Area    InstCnt
    *   *   0.0077     0.0443   0.0443     12   0.0003     0.0003      1        0     0.0000        1    551.572     11171.16       2475
----------------------------------------------------------------------------------------------------------------------------------------------------------------------

Route-opt final QoR Summary         WNS        TNS   R2RTNS    NSV      WHV        THV    NHV  MaxTrnV  MaxCapV    Leakage         Area    InstCnt
Route-opt final QoR Summary      0.0077     0.0443   0.0443     12   0.0003     0.0003      1        0        1    551.572     11171.16       2475

Route-opt optimization complete                 0.00        0.00      0.00         0      11171.16      551.57        2475              0.03      1801

Route-opt command complete                CPU:    94 s (  0.03 hr )  ELAPSE:   115 s (  0.03 hr )  MEM-PEAK:  1801 MB
Route-opt command statistics  CPU=12 sec (0.00 hr) ELAPSED=12 sec (0.00 hr) MEM-PEAK=1.759 GB
[Tim-Pow Info] Destroyed PowerMode object for mode: default
[Tim-Power-Info] Refresh activity and power.
Information: Activity propagation will be performed for scenario default.
Information: Doing activity propagation for mode 'default' and corner 'default' with effort level 'medium'. (POW-024)
Information: Running switching activity propagation in scalar mode!

 **** Information : No. of simulation cycles = 7 ****
[Non-Incremental Power-Update] SCENE[default_late] PROP[late] InstanceSize[2475]
Information: Ending   'route_opt' (FLW-8001)
Information: Time: 2026-08-18 14:58:22 / Session:  00:01:55 / Command:  00:00:12 / CPU:  00:00:11 / Memory: 1801 MB (FLW-8100)
1
# ---- 8) 报告 ----
report_qor -summary > $OUTDIR/qor.rpt
report_timing -delay_type max -max_paths 50 > $OUTDIR/timing_setup.rpt
report_timing -delay_type min -max_paths 50 > $OUTDIR/timing_hold.rpt
report_power > $OUTDIR/power.rpt
report_ignored_layers > $OUTDIR/ignored_layers.rpt
# ---- 9) 输出 ----
write_verilog $OUTDIR/mac16_apr.v
1
write_sdf $OUTDIR/mac16_apr.sdf
Information: The command 'write_sdf' cleared the undo history. (UNDO-016)
1
if {[catch {write_parasitics -format spef -output $OUTDIR/mac16_apr.spef} e]} {
    puts "WARN: SPEF 写出失败 -> $e （需要 TLU+/nxtgrd 寄生工艺文件）"
}
Information: Design mac16 has 2604 nets, 0 global routed, 2600 detail routed. (NEX-024)
Warning: Technology layer 'RDL' setting 'routing-direction' is not valid (NEX-001)
NEX: extract design mac16
Information: batch extract takes 0.00 seconds, elapse 0.00 seconds (NEX-015)
Information: The stitching and editing of coupling caps is turned OFF for design 'mac16_ndm:mac16.design'. (TIM-125)
Warning: Technology layer 'RDL' setting 'routing-direction' is not valid (NEX-001)
NEX: write corner ID 0 parasitics to /mnt/hgfs/Rockys/mac16/out/apr/mac16_apr.spef.ics55_typ.tlup_25.spef 
spefName /mnt/hgfs/Rockys/mac16/out/apr/mac16_apr.spef.ics55_typ.tlup_25.spef, corner name default 
NEX: write_parasitics command finished
if {[catch {write_gds -layer_map $GDS_MAP -layer_map_format icc2 \
                            $OUTDIR/mac16_apr.gds} e2]} {
    puts "WARN: GDS 写出失败 -> $e2"
}
puts "==== FC 布局布线流程结束（route_opt 已完成）===="
==== FC 布局布线流程结束（route_opt 已完成）====
exit
Maximum memory usage for this session: 1801.12 MB
Maximum memory usage for this session including child processes: 2886.84 MB
CPU usage for this session:     94 seconds (  0.03 hours)
Elapsed time for this session:    116 seconds (  0.03 hours)
Thank you for using Fusion Compiler.
