****************************************
Report : timing
        -path_type full
        -delay_type max
        -max_paths 50
        -report_by design
Design : mac16
Version: V-2023.12
Date   : Tue Aug 25 07:44:13 2026
****************************************

  Startpoint: u_mac16_top/u_mac/last_prod_reg[4] (rising edge-triggered flip-flop clocked by core_clk)
  Endpoint: u_mac16_top/u_mac/accum_reg_reg[22] (rising edge-triggered flip-flop clocked by core_clk)
  Mode: default
  Corner: default
  Scenario: default
  Path Group: core_clk
  Path Type: max

  Point                                            Incr      Path  
  ------------------------------------------------------------------------
  clock core_clk (rise edge)                       0.00      0.00
  clock network delay (propagated)                 0.14      0.14

  u_mac16_top/u_mac/last_prod_reg[4]/CK (DFFSQNX0P5H9R)
                                                   0.00      0.14 r
  u_mac16_top/u_mac/last_prod_reg[4]/QN (DFFSQNX0P5H9R)
                                                   0.24      0.38 f
  U1168/Y (NAND2X0P7H9R)                           0.07      0.44 r
  U1692/Y (OAI21X0P7H9R)                           0.07      0.52 f
  U1613/Y (AOI21X0P5H9R)                           0.06      0.58 r
  U1308/Y (OAI21X1H9R)                             0.07      0.65 f
  ctmTdsLR_2_835/Y (NAND2X0P5H9R)                  0.05      0.70 r
  ctmTdsLR_1_834/Y (AND3X1H9R)                     0.12      0.82 r
  ctmTdsLR_1_58/Y (AOI2XB1X0P5H9R)                 0.10      0.92 r
  U2687/Y (XOR2X0P5H9R)                            0.06      0.98 r
  ctmTdsLR_1_129/Y (AO22X0P7H9R)                   0.10      1.08 r
  u_mac16_top/u_mac/accum_reg_reg[22]/D (DFFRPQX0P5H9R)
                                                   0.00      1.08 r
  data arrival time                                          1.08

  clock core_clk (rise edge)                       1.00      1.00
  clock network delay (propagated)                 0.11      1.11
  u_mac16_top/u_mac/accum_reg_reg[22]/CK (DFFRPQX0P5H9R)
                                                   0.00      1.11 r
  clock uncertainty                               -0.03      1.09
  library setup time                              -0.03      1.06
  data required time                                         1.06
  ------------------------------------------------------------------------
  data required time                                         1.06
  data arrival time                                         -1.08
  ------------------------------------------------------------------------
  slack (VIOLATED)                                          -0.02



  Startpoint: u_mac16_top/u_mac/last_prod_reg[4] (rising edge-triggered flip-flop clocked by core_clk)
  Endpoint: u_mac16_top/u_mac/accum_reg_reg[19] (rising edge-triggered flip-flop clocked by core_clk)
  Mode: default
  Corner: default
  Scenario: default
  Path Group: core_clk
  Path Type: max

  Point                                            Incr      Path  
  ------------------------------------------------------------------------
  clock core_clk (rise edge)                       0.00      0.00
  clock network delay (propagated)                 0.14      0.14

  u_mac16_top/u_mac/last_prod_reg[4]/CK (DFFSQNX0P5H9R)
                                                   0.00      0.14 r
  u_mac16_top/u_mac/last_prod_reg[4]/QN (DFFSQNX0P5H9R)
                                                   0.25      0.39 r
  U1168/Y (NAND2X0P7H9R)                           0.06      0.44 f
  U1692/Y (OAI21X0P7H9R)                           0.09      0.53 r
  U1613/Y (AOI21X0P5H9R)                           0.06      0.59 f
  U1308/Y (OAI21X1H9R)                             0.07      0.66 r
  ctmTdsLR_2_835/Y (NAND2X0P5H9R)                  0.05      0.72 f
  ctmTdsLR_1_834/Y (AND3X1H9R)                     0.11      0.82 f
  ctmTdsLR_1_108/Y (OAI21X0P5H9R)                  0.09      0.91 r
  ctmTdsLR_2_109/Y (XNOR2X0P5H9R)                  0.07      0.98 r
  ctmTdsLR_1_127/Y (AO22X0P5H9R)                   0.09      1.08 r
  u_mac16_top/u_mac/accum_reg_reg[19]/D (DFFRPQX0P5H9R)
                                                   0.00      1.08 r
  data arrival time                                          1.08

  clock core_clk (rise edge)                       1.00      1.00
  clock network delay (propagated)                 0.11      1.11
  u_mac16_top/u_mac/accum_reg_reg[19]/CK (DFFRPQX0P5H9R)
                                                   0.00      1.11 r
  clock uncertainty                               -0.03      1.09
  library setup time                              -0.02      1.06
  data required time                                         1.06
  ------------------------------------------------------------------------
  data required time                                         1.06
  data arrival time                                         -1.08
  ------------------------------------------------------------------------
  slack (VIOLATED)                                          -0.01



  Startpoint: u_mac16_top/u_mac/last_prod_reg[4] (rising edge-triggered flip-flop clocked by core_clk)
  Endpoint: u_mac16_top/u_mac/accum_reg_reg[21] (rising edge-triggered flip-flop clocked by core_clk)
  Mode: default
  Corner: default
  Scenario: default
  Path Group: core_clk
  Path Type: max

  Point                                            Incr      Path  
  ------------------------------------------------------------------------
  clock core_clk (rise edge)                       0.00      0.00
  clock network delay (propagated)                 0.14      0.14

  u_mac16_top/u_mac/last_prod_reg[4]/CK (DFFSQNX0P5H9R)
                                                   0.00      0.14 r
  u_mac16_top/u_mac/last_prod_reg[4]/QN (DFFSQNX0P5H9R)
                                                   0.24      0.38 f
  U1168/Y (NAND2X0P7H9R)                           0.07      0.44 r
  U1692/Y (OAI21X0P7H9R)                           0.07      0.52 f
  U1613/Y (AOI21X0P5H9R)                           0.06      0.58 r
  U1308/Y (OAI21X1H9R)                             0.07      0.65 f
  ctmTdsLR_2_835/Y (NAND2X0P5H9R)                  0.05      0.70 r
  ctmTdsLR_1_834/Y (AND3X1H9R)                     0.12      0.82 r
  ctmTdsLR_1_62/Y (INVX0P5H9R)                     0.04      0.86 f
  ctmTdsLR_4_65/Y (AOI31X0P5H9R)                   0.06      0.92 r
  U1271/Y (XOR2X0P5H9R)                            0.07      0.99 r
  ctmTdsLR_1_125/Y (AO22X0P5H9R)                   0.09      1.08 r
  u_mac16_top/u_mac/accum_reg_reg[21]/D (DFFRPQX0P5H9R)
                                                   0.00      1.08 r
  data arrival time                                          1.08

  clock core_clk (rise edge)                       1.00      1.00
  clock network delay (propagated)                 0.11      1.11
  u_mac16_top/u_mac/accum_reg_reg[21]/CK (DFFRPQX0P5H9R)
                                                   0.00      1.11 r
  clock uncertainty                               -0.03      1.09
  library setup time                              -0.02      1.06
  data required time                                         1.06
  ------------------------------------------------------------------------
  data required time                                         1.06
  data arrival time                                         -1.08
  ------------------------------------------------------------------------
  slack (VIOLATED)                                          -0.01



  Startpoint: u_mac16_top/u_mac/last_prod_reg[4] (rising edge-triggered flip-flop clocked by core_clk)
  Endpoint: u_mac16_top/u_mac/accum_reg_reg[23] (rising edge-triggered flip-flop clocked by core_clk)
  Mode: default
  Corner: default
  Scenario: default
  Path Group: core_clk
  Path Type: max

  Point                                            Incr      Path  
  ------------------------------------------------------------------------
  clock core_clk (rise edge)                       0.00      0.00
  clock network delay (propagated)                 0.14      0.14

  u_mac16_top/u_mac/last_prod_reg[4]/CK (DFFSQNX0P5H9R)
                                                   0.00      0.14 r
  u_mac16_top/u_mac/last_prod_reg[4]/QN (DFFSQNX0P5H9R)
                                                   0.25      0.39 r
  U1168/Y (NAND2X0P7H9R)                           0.06      0.44 f
  U1692/Y (OAI21X0P7H9R)                           0.09      0.53 r
  U1613/Y (AOI21X0P5H9R)                           0.06      0.59 f
  U1308/Y (OAI21X1H9R)                             0.07      0.66 r
  ctmTdsLR_2_835/Y (NAND2X0P5H9R)                  0.05      0.72 f
  ctmTdsLR_1_834/Y (AND3X1H9R)                     0.11      0.82 f
  ctmTdsLR_2_68/Y (OAI211X1H9R)                    0.08      0.90 r
  ctmTdsLR_2_100/Y (XOR2X0P5H9R)                   0.06      0.96 r
  U2522/Y (AO22X0P5H9R)                            0.11      1.07 r
  u_mac16_top/u_mac/accum_reg_reg[23]/D (DFFRPQX0P5H9R)
                                                   0.00      1.07 r
  data arrival time                                          1.07

  clock core_clk (rise edge)                       1.00      1.00
  clock network delay (propagated)                 0.11      1.11
  u_mac16_top/u_mac/accum_reg_reg[23]/CK (DFFRPQX0P5H9R)
                                                   0.00      1.11 r
  clock uncertainty                               -0.03      1.09
  library setup time                              -0.03      1.06
  data required time                                         1.06
  ------------------------------------------------------------------------
  data required time                                         1.06
  data arrival time                                         -1.07
  ------------------------------------------------------------------------
  slack (VIOLATED)                                          -0.01



  Startpoint: u_mac16_top/u_mac/last_prod_reg[4] (rising edge-triggered flip-flop clocked by core_clk)
  Endpoint: u_mac16_top/u_mac/sum_out_reg[22] (rising edge-triggered flip-flop clocked by core_clk)
  Mode: default
  Corner: default
  Scenario: default
  Path Group: core_clk
  Path Type: max

  Point                                            Incr      Path  
  ------------------------------------------------------------------------
  clock core_clk (rise edge)                       0.00      0.00
  clock network delay (propagated)                 0.14      0.14

  u_mac16_top/u_mac/last_prod_reg[4]/CK (DFFSQNX0P5H9R)
                                                   0.00      0.14 r
  u_mac16_top/u_mac/last_prod_reg[4]/QN (DFFSQNX0P5H9R)
                                                   0.24      0.38 f
  U1168/Y (NAND2X0P7H9R)                           0.07      0.44 r
  U1692/Y (OAI21X0P7H9R)                           0.07      0.52 f
  U1613/Y (AOI21X0P5H9R)                           0.06      0.58 r
  U1308/Y (OAI21X1H9R)                             0.07      0.65 f
  ctmTdsLR_2_835/Y (NAND2X0P5H9R)                  0.05      0.70 r
  ctmTdsLR_1_834/Y (AND3X1H9R)                     0.12      0.82 r
  ctmTdsLR_1_58/Y (AOI2XB1X0P5H9R)                 0.10      0.92 r
  U2687/Y (XOR2X0P5H9R)                            0.06      0.98 r
  ctmTdsLR_1_129/Y (AO22X0P7H9R)                   0.10      1.08 r
  u_mac16_top/u_mac/sum_out_reg[22]/D (DFFRPQX0P5H9R)
                                                   0.00      1.08 r
  data arrival time                                          1.08

  clock core_clk (rise edge)                       1.00      1.00
  clock network delay (propagated)                 0.12      1.12
  u_mac16_top/u_mac/sum_out_reg[22]/CK (DFFRPQX0P5H9R)
                                                   0.00      1.12 r
  clock uncertainty                               -0.03      1.10
  library setup time                              -0.02      1.07
  data required time                                         1.07
  ------------------------------------------------------------------------
  data required time                                         1.07
  data arrival time                                         -1.08
  ------------------------------------------------------------------------
  slack (VIOLATED)                                          -0.01



  Startpoint: u_mac16_top/u_mac/last_prod_reg[4] (rising edge-triggered flip-flop clocked by core_clk)
  Endpoint: u_mac16_top/u_mac/accum_reg_reg[18] (rising edge-triggered flip-flop clocked by core_clk)
  Mode: default
  Corner: default
  Scenario: default
  Path Group: core_clk
  Path Type: max

  Point                                            Incr      Path  
  ------------------------------------------------------------------------
  clock core_clk (rise edge)                       0.00      0.00
  clock network delay (propagated)                 0.14      0.14

  u_mac16_top/u_mac/last_prod_reg[4]/CK (DFFSQNX0P5H9R)
                                                   0.00      0.14 r
  u_mac16_top/u_mac/last_prod_reg[4]/QN (DFFSQNX0P5H9R)
                                                   0.24      0.38 f
  U1168/Y (NAND2X0P7H9R)                           0.07      0.44 r
  U1692/Y (OAI21X0P7H9R)                           0.07      0.52 f
  U1613/Y (AOI21X0P5H9R)                           0.06      0.58 r
  U1308/Y (OAI21X1H9R)                             0.07      0.65 f
  ctmTdsLR_2_835/Y (NAND2X0P5H9R)                  0.05      0.70 r
  ctmTdsLR_1_834/Y (AND3X1H9R)                     0.12      0.82 r
  ctmTdsLR_1_59/Y (AOI2XB1X0P5H9R)                 0.10      0.92 r
  U1101/Y (XOR2X0P5H9R)                            0.06      0.98 r
  ctmTdsLR_1_128/Y (AO22X0P5H9R)                   0.09      1.07 r
  u_mac16_top/u_mac/accum_reg_reg[18]/D (DFFRPQX0P5H9R)
                                                   0.00      1.07 r
  data arrival time                                          1.07

  clock core_clk (rise edge)                       1.00      1.00
  clock network delay (propagated)                 0.11      1.11
  u_mac16_top/u_mac/accum_reg_reg[18]/CK (DFFRPQX0P5H9R)
                                                   0.00      1.11 r
  clock uncertainty                               -0.03      1.09
  library setup time                              -0.02      1.06
  data required time                                         1.06
  ------------------------------------------------------------------------
  data required time                                         1.06
  data arrival time                                         -1.07
  ------------------------------------------------------------------------
  slack (VIOLATED)                                          -0.00



  Startpoint: u_mac16_top/u_mac/last_prod_reg[4] (rising edge-triggered flip-flop clocked by core_clk)
  Endpoint: u_mac16_top/u_mac/sum_out_reg[19] (rising edge-triggered flip-flop clocked by core_clk)
  Mode: default
  Corner: default
  Scenario: default
  Path Group: core_clk
  Path Type: max

  Point                                            Incr      Path  
  ------------------------------------------------------------------------
  clock core_clk (rise edge)                       0.00      0.00
  clock network delay (propagated)                 0.14      0.14

  u_mac16_top/u_mac/last_prod_reg[4]/CK (DFFSQNX0P5H9R)
                                                   0.00      0.14 r
  u_mac16_top/u_mac/last_prod_reg[4]/QN (DFFSQNX0P5H9R)
                                                   0.25      0.39 r
  U1168/Y (NAND2X0P7H9R)                           0.06      0.44 f
  U1692/Y (OAI21X0P7H9R)                           0.09      0.53 r
  U1613/Y (AOI21X0P5H9R)                           0.06      0.59 f
  U1308/Y (OAI21X1H9R)                             0.07      0.66 r
  ctmTdsLR_2_835/Y (NAND2X0P5H9R)                  0.05      0.72 f
  ctmTdsLR_1_834/Y (AND3X1H9R)                     0.11      0.82 f
  ctmTdsLR_1_108/Y (OAI21X0P5H9R)                  0.09      0.91 r
  ctmTdsLR_2_109/Y (XNOR2X0P5H9R)                  0.07      0.98 r
  ctmTdsLR_1_127/Y (AO22X0P5H9R)                   0.09      1.08 r
  u_mac16_top/u_mac/sum_out_reg[19]/D (DFFRPQX0P5H9R)
                                                   0.00      1.08 r
  data arrival time                                          1.08

  clock core_clk (rise edge)                       1.00      1.00
  clock network delay (propagated)                 0.12      1.12
  u_mac16_top/u_mac/sum_out_reg[19]/CK (DFFRPQX0P5H9R)
                                                   0.00      1.12 r
  clock uncertainty                               -0.03      1.10
  library setup time                              -0.02      1.07
  data required time                                         1.07
  ------------------------------------------------------------------------
  data required time                                         1.07
  data arrival time                                         -1.08
  ------------------------------------------------------------------------
  slack (VIOLATED)                                          -0.00



  Startpoint: u_mac16_top/u_mac/last_prod_reg[4] (rising edge-triggered flip-flop clocked by core_clk)
  Endpoint: u_mac16_top/u_mac/accum_reg_reg[17] (rising edge-triggered flip-flop clocked by core_clk)
  Mode: default
  Corner: default
  Scenario: default
  Path Group: core_clk
  Path Type: max

  Point                                            Incr      Path  
  ------------------------------------------------------------------------
  clock core_clk (rise edge)                       0.00      0.00
  clock network delay (propagated)                 0.14      0.14

  u_mac16_top/u_mac/last_prod_reg[4]/CK (DFFSQNX0P5H9R)
                                                   0.00      0.14 r
  u_mac16_top/u_mac/last_prod_reg[4]/QN (DFFSQNX0P5H9R)
                                                   0.25      0.39 r
  U1168/Y (NAND2X0P7H9R)                           0.06      0.44 f
  U1692/Y (OAI21X0P7H9R)                           0.09      0.53 r
  U1613/Y (AOI21X0P5H9R)                           0.06      0.59 f
  U1308/Y (OAI21X1H9R)                             0.07      0.66 r
  ctmTdsLR_2_835/Y (NAND2X0P5H9R)                  0.05      0.72 f
  ctmTdsLR_1_834/Y (AND3X1H9R)                     0.11      0.82 f
  ctmTdsLR_1_144/Y (OAI21X0P5H9R)                  0.08      0.91 r
  ctmTdsLR_2_145/Y (XNOR2X0P5H9R)                  0.05      0.96 r
  ctmTdsLR_1_159/Y (AO22X0P5H9R)                   0.10      1.06 r
  u_mac16_top/u_mac/accum_reg_reg[17]/D (DFFRPQX0P5H9R)
                                                   0.00      1.06 r
  data arrival time                                          1.06

  clock core_clk (rise edge)                       1.00      1.00
  clock network delay (propagated)                 0.11      1.11
  u_mac16_top/u_mac/accum_reg_reg[17]/CK (DFFRPQX0P5H9R)
                                                   0.00      1.11 r
  clock uncertainty                               -0.03      1.09
  library setup time                              -0.03      1.06
  data required time                                         1.06
  ------------------------------------------------------------------------
  data required time                                         1.06
  data arrival time                                         -1.06
  ------------------------------------------------------------------------
  slack (VIOLATED)                                          -0.00



  Startpoint: u_mac16_top/u_mac/last_prod_reg[4] (rising edge-triggered flip-flop clocked by core_clk)
  Endpoint: u_mac16_top/u_mac/sum_out_reg[21] (rising edge-triggered flip-flop clocked by core_clk)
  Mode: default
  Corner: default
  Scenario: default
  Path Group: core_clk
  Path Type: max

  Point                                            Incr      Path  
  ------------------------------------------------------------------------
  clock core_clk (rise edge)                       0.00      0.00
  clock network delay (propagated)                 0.14      0.14

  u_mac16_top/u_mac/last_prod_reg[4]/CK (DFFSQNX0P5H9R)
                                                   0.00      0.14 r
  u_mac16_top/u_mac/last_prod_reg[4]/QN (DFFSQNX0P5H9R)
                                                   0.24      0.38 f
  U1168/Y (NAND2X0P7H9R)                           0.07      0.44 r
  U1692/Y (OAI21X0P7H9R)                           0.07      0.52 f
  U1613/Y (AOI21X0P5H9R)                           0.06      0.58 r
  U1308/Y (OAI21X1H9R)                             0.07      0.65 f
  ctmTdsLR_2_835/Y (NAND2X0P5H9R)                  0.05      0.70 r
  ctmTdsLR_1_834/Y (AND3X1H9R)                     0.12      0.82 r
  ctmTdsLR_1_62/Y (INVX0P5H9R)                     0.04      0.86 f
  ctmTdsLR_4_65/Y (AOI31X0P5H9R)                   0.06      0.92 r
  U1271/Y (XOR2X0P5H9R)                            0.07      0.99 r
  ctmTdsLR_1_125/Y (AO22X0P5H9R)                   0.09      1.08 r
  u_mac16_top/u_mac/sum_out_reg[21]/D (DFFRPQX0P5H9R)
                                                   0.00      1.08 r
  data arrival time                                          1.08

  clock core_clk (rise edge)                       1.00      1.00
  clock network delay (propagated)                 0.12      1.12
  u_mac16_top/u_mac/sum_out_reg[21]/CK (DFFRPQX0P5H9R)
                                                   0.00      1.12 r
  clock uncertainty                               -0.03      1.10
  library setup time                              -0.02      1.07
  data required time                                         1.07
  ------------------------------------------------------------------------
  data required time                                         1.07
  data arrival time                                         -1.08
  ------------------------------------------------------------------------
  slack (VIOLATED)                                          -0.00



  Startpoint: u_mac16_top/u_mac/last_prod_reg[4] (rising edge-triggered flip-flop clocked by core_clk)
  Endpoint: u_mac16_top/u_mac/accum_reg_reg[20] (rising edge-triggered flip-flop clocked by core_clk)
  Mode: default
  Corner: default
  Scenario: default
  Path Group: core_clk
  Path Type: max

  Point                                            Incr      Path  
  ------------------------------------------------------------------------
  clock core_clk (rise edge)                       0.00      0.00
  clock network delay (propagated)                 0.14      0.14

  u_mac16_top/u_mac/last_prod_reg[4]/CK (DFFSQNX0P5H9R)
                                                   0.00      0.14 r
  u_mac16_top/u_mac/last_prod_reg[4]/QN (DFFSQNX0P5H9R)
                                                   0.25      0.39 r
  U1168/Y (NAND2X0P7H9R)                           0.06      0.44 f
  U1692/Y (OAI21X0P7H9R)                           0.09      0.53 r
  U1613/Y (AOI21X0P5H9R)                           0.06      0.59 f
  U1308/Y (OAI21X1H9R)                             0.07      0.66 r
  ctmTdsLR_2_835/Y (NAND2X0P5H9R)                  0.05      0.72 f
  ctmTdsLR_1_834/Y (AND3X1H9R)                     0.11      0.82 f
  ctmTdsLR_1_103/Y (OAI21X0P5H9R)                  0.08      0.91 r
  ctmTdsLR_2_104/Y (XNOR2X0P5H9R)                  0.05      0.96 r
  ctmTdsLR_1_126/Y (AO22X0P5H9R)                   0.10      1.06 r
  u_mac16_top/u_mac/accum_reg_reg[20]/D (DFFRPQX0P5H9R)
                                                   0.00      1.06 r
  data arrival time                                          1.06

  clock core_clk (rise edge)                       1.00      1.00
  clock network delay (propagated)                 0.11      1.11
  u_mac16_top/u_mac/accum_reg_reg[20]/CK (DFFRPQX0P5H9R)
                                                   0.00      1.11 r
  clock uncertainty                               -0.03      1.09
  library setup time                              -0.03      1.06
  data required time                                         1.06
  ------------------------------------------------------------------------
  data required time                                         1.06
  data arrival time                                         -1.06
  ------------------------------------------------------------------------
  slack (MET)                                                0.00



  Startpoint: u_mac16_top/u_mac/last_prod_reg[4] (rising edge-triggered flip-flop clocked by core_clk)
  Endpoint: u_mac16_top/u_mac/accum_reg_reg[15] (rising edge-triggered flip-flop clocked by core_clk)
  Mode: default
  Corner: default
  Scenario: default
  Path Group: core_clk
  Path Type: max

  Point                                            Incr      Path  
  ------------------------------------------------------------------------
  clock core_clk (rise edge)                       0.00      0.00
  clock network delay (propagated)                 0.14      0.14

  u_mac16_top/u_mac/last_prod_reg[4]/CK (DFFSQNX0P5H9R)
                                                   0.00      0.14 r
  u_mac16_top/u_mac/last_prod_reg[4]/QN (DFFSQNX0P5H9R)
                                                   0.24      0.38 f
  U1168/Y (NAND2X0P7H9R)                           0.07      0.44 r
  U1692/Y (OAI21X0P7H9R)                           0.07      0.52 f
  U1613/Y (AOI21X0P5H9R)                           0.06      0.58 r
  U1308/Y (OAI21X1H9R)                             0.07      0.65 f
  U1197/Y (INVX1H9R)                               0.08      0.73 r
  ctmTdsLR_1_56/Y (NOR2X0P5H9R)                    0.05      0.78 f
  ctmTdsLR_2_57/Y (AOI211X0P7H9R)                  0.07      0.85 r
  U1172/Y (XOR2X0P5H9R)                            0.07      0.92 r
  ctmTdsLR_1_192/Y (AO22X0P5H9R)                   0.14      1.05 r
  u_mac16_top/u_mac/accum_reg_reg[15]/D (DFFRPQX0P5H9R)
                                                   0.00      1.05 r
  data arrival time                                          1.05

  clock core_clk (rise edge)                       1.00      1.00
  clock network delay (propagated)                 0.11      1.11
  u_mac16_top/u_mac/accum_reg_reg[15]/CK (DFFRPQX0P5H9R)
                                                   0.00      1.11 r
  clock uncertainty                               -0.03      1.09
  library setup time                              -0.03      1.05
  data required time                                         1.05
  ------------------------------------------------------------------------
  data required time                                         1.05
  data arrival time                                         -1.05
  ------------------------------------------------------------------------
  slack (MET)                                                0.00



  Startpoint: u_mac16_top/u_mac/last_prod_reg[4] (rising edge-triggered flip-flop clocked by core_clk)
  Endpoint: u_mac16_top/u_mac/sum_out_reg[23] (rising edge-triggered flip-flop clocked by core_clk)
  Mode: default
  Corner: default
  Scenario: default
  Path Group: core_clk
  Path Type: max

  Point                                            Incr      Path  
  ------------------------------------------------------------------------
  clock core_clk (rise edge)                       0.00      0.00
  clock network delay (propagated)                 0.14      0.14

  u_mac16_top/u_mac/last_prod_reg[4]/CK (DFFSQNX0P5H9R)
                                                   0.00      0.14 r
  u_mac16_top/u_mac/last_prod_reg[4]/QN (DFFSQNX0P5H9R)
                                                   0.25      0.39 r
  U1168/Y (NAND2X0P7H9R)                           0.06      0.44 f
  U1692/Y (OAI21X0P7H9R)                           0.09      0.53 r
  U1613/Y (AOI21X0P5H9R)                           0.06      0.59 f
  U1308/Y (OAI21X1H9R)                             0.07      0.66 r
  ctmTdsLR_2_835/Y (NAND2X0P5H9R)                  0.05      0.72 f
  ctmTdsLR_1_834/Y (AND3X1H9R)                     0.11      0.82 f
  ctmTdsLR_2_68/Y (OAI211X1H9R)                    0.08      0.90 r
  ctmTdsLR_2_100/Y (XOR2X0P5H9R)                   0.06      0.96 r
  U2522/Y (AO22X0P5H9R)                            0.11      1.07 r
  u_mac16_top/u_mac/sum_out_reg[23]/D (DFFRPQX0P5H9R)
                                                   0.00      1.07 r
  data arrival time                                          1.07

  clock core_clk (rise edge)                       1.00      1.00
  clock network delay (propagated)                 0.12      1.12
  u_mac16_top/u_mac/sum_out_reg[23]/CK (DFFRPQX0P5H9R)
                                                   0.00      1.12 r
  clock uncertainty                               -0.03      1.10
  library setup time                              -0.02      1.07
  data required time                                         1.07
  ------------------------------------------------------------------------
  data required time                                         1.07
  data arrival time                                         -1.07
  ------------------------------------------------------------------------
  slack (MET)                                                0.00



  Startpoint: u_mac16_top/u_mac/u_mul/r_s40_reg[19] (rising edge-triggered flip-flop clocked by core_clk)
  Endpoint: u_mac16_top/u_mac/u_mul/product_reg_reg[23] (rising edge-triggered flip-flop clocked by core_clk)
  Mode: default
  Corner: default
  Scenario: default
  Path Group: core_clk
  Path Type: max

  Point                                            Incr      Path  
  ------------------------------------------------------------------------
  clock core_clk (rise edge)                       0.00      0.00
  clock network delay (propagated)                 0.14      0.14

  u_mac16_top/u_mac/u_mul/r_s40_reg[19]/CK (DFFRPQX0P5H9R)
                                                   0.00      0.14 r
  u_mac16_top/u_mac/u_mul/r_s40_reg[19]/Q (DFFRPQX0P5H9R)
                                                   0.22      0.36 r
  U1637/Y (XOR2X1H9R)                              0.06      0.42 r
  U1622/Y (XOR2X0P7H9R)                            0.07      0.49 r
  U2289/CON (CGENCONAX1H9R)                        0.06      0.55 f
  U1145/Y (NAND2X1P4H9R)                           0.04      0.60 r
  U1582/Y (INVX1H9R)                               0.03      0.62 f
  U1556/Y (NOR2X1H9R)                              0.05      0.67 r
  U1609/Y (INVX0P7H9R)                             0.04      0.72 f
  U1112/Y (NOR2X1H9R)                              0.04      0.76 r
  U1111/Y (NAND3X0P7H9R)                           0.05      0.81 f
  U1109/Y (NAND3X2H9R)                             0.05      0.85 r
  U1102/Y (XOR2X1P4H9R)                            0.06      0.92 r
  u_mac16_top/u_mac/u_mul/product_reg_reg[23]/D (DFFRPQX0P5H9R)
                                                   0.00      0.92 r
  data arrival time                                          0.92

  clock core_clk (rise edge)                       1.00      1.00
  clock network delay (propagated)                 0.00      1.00
  u_mac16_top/u_mac/u_mul/product_reg_reg[23]/CK (DFFRPQX0P5H9R)
                                                   0.00      1.00 r
  clock uncertainty                               -0.03      0.98
  library setup time                              -0.06      0.92
  data required time                                         0.92
  ------------------------------------------------------------------------
  data required time                                         0.92
  data arrival time                                         -0.92
  ------------------------------------------------------------------------
  slack (MET)                                                0.00



  Startpoint: u_mac16_top/u_mac/last_prod_reg[4] (rising edge-triggered flip-flop clocked by core_clk)
  Endpoint: u_mac16_top/u_mac/carry_reg (rising edge-triggered flip-flop clocked by core_clk)
  Mode: default
  Corner: default
  Scenario: default
  Path Group: core_clk
  Path Type: max

  Point                                            Incr      Path  
  ------------------------------------------------------------------------
  clock core_clk (rise edge)                       0.00      0.00
  clock network delay (propagated)                 0.14      0.14

  u_mac16_top/u_mac/last_prod_reg[4]/CK (DFFSQNX0P5H9R)
                                                   0.00      0.14 r
  u_mac16_top/u_mac/last_prod_reg[4]/QN (DFFSQNX0P5H9R)
                                                   0.25      0.39 r
  U1168/Y (NAND2X0P7H9R)                           0.06      0.44 f
  U1692/Y (OAI21X0P7H9R)                           0.09      0.53 r
  U1613/Y (AOI21X0P5H9R)                           0.06      0.59 f
  U1308/Y (OAI21X1H9R)                             0.07      0.66 r
  ctmTdsLR_2_835/Y (NAND2X0P5H9R)                  0.05      0.72 f
  ctmTdsLR_1_834/Y (AND3X1H9R)                     0.11      0.82 f
  ctmTdsLR_1_200/Y (OAI221X0P5H9R)                 0.11      0.93 r
  U2323/Y (AOI21X0P5H9R)                           0.06      0.99 f
  U2596/Y (OAI2XB1X0P5H9R)                         0.07      1.06 r
  u_mac16_top/u_mac/carry_reg/D (DFFRPQX0P5H9R)    0.00      1.06 r
  data arrival time                                          1.06

  clock core_clk (rise edge)                       1.00      1.00
  clock network delay (propagated)                 0.12      1.12
  u_mac16_top/u_mac/carry_reg/CK (DFFRPQX0P5H9R)   0.00      1.12 r
  clock uncertainty                               -0.03      1.10
  library setup time                              -0.03      1.06
  data required time                                         1.06
  ------------------------------------------------------------------------
  data required time                                         1.06
  data arrival time                                         -1.06
  ------------------------------------------------------------------------
  slack (MET)                                                0.00



  Startpoint: u_mac16_top/u_mac/u_mul/r_s41_reg[13] (rising edge-triggered flip-flop clocked by core_clk)
  Endpoint: u_mac16_top/u_mac/u_mul/product_reg_reg[16] (rising edge-triggered flip-flop clocked by core_clk)
  Mode: default
  Corner: default
  Scenario: default
  Path Group: core_clk
  Path Type: max

  Point                                            Incr      Path  
  ------------------------------------------------------------------------
  clock core_clk (rise edge)                       0.00      0.00
  clock network delay (propagated)                 0.12      0.12

  u_mac16_top/u_mac/u_mul/r_s41_reg[13]/CK (DFFRPQX0P5H9R)
                                                   0.00      0.12 r
  u_mac16_top/u_mac/u_mul/r_s41_reg[13]/Q (DFFRPQX0P5H9R)
                                                   0.18      0.30 f
  ZBUF_17_inst_729/Y (BUFX1P4H9R)                  0.05      0.35 f
  U2285/CON (CGENCONAX1H9R)                        0.08      0.43 r
  ctmTdsLR_1_815/Y (XOR3X1H9R)                     0.13      0.56 r
  U1062/Y (NOR2X1P4H9R)                            0.04      0.60 f
  U1198/Y (OAI21X0P7H9R)                           0.06      0.66 r
  U1353/Y (AOI21X2H9R)                             0.04      0.70 f
  U1086/Y (NAND2X3H9R)                             0.05      0.75 r
  U1267/Y (NAND2X0P7H9R)                           0.04      0.78 f
  U1517/Y (NAND2X1H9R)                             0.04      0.83 r
  U2276/Y (XNOR2X1P4H9R)                           0.08      0.91 r
  u_mac16_top/u_mac/u_mul/product_reg_reg[16]/D (DFFRPQX0P5H9R)
                                                   0.00      0.91 r
  data arrival time                                          0.91

  clock core_clk (rise edge)                       1.00      1.00
  clock network delay (propagated)                 0.00      1.00
  u_mac16_top/u_mac/u_mul/product_reg_reg[16]/CK (DFFRPQX0P5H9R)
                                                   0.00      1.00 r
  clock uncertainty                               -0.03      0.98
  library setup time                              -0.07      0.91
  data required time                                         0.91
  ------------------------------------------------------------------------
  data required time                                         0.91
  data arrival time                                         -0.91
  ------------------------------------------------------------------------
  slack (MET)                                                0.00



  Startpoint: u_mac16_top/opA_reg_reg[3] (rising edge-triggered flip-flop clocked by core_clk)
  Endpoint: u_mac16_top/u_mac/u_mul/r_s23_reg[18] (rising edge-triggered flip-flop clocked by core_clk)
  Mode: default
  Corner: default
  Scenario: default
  Path Group: core_clk
  Path Type: max

  Point                                            Incr      Path  
  ------------------------------------------------------------------------
  clock core_clk (rise edge)                       0.00      0.00
  clock network delay (propagated)                 0.14      0.14

  u_mac16_top/opA_reg_reg[3]/CK (DFFRPQX0P5H9R)    0.00      0.14 r
  u_mac16_top/opA_reg_reg[3]/Q (DFFRPQX0P5H9R)     0.26      0.40 r
  U1710/Y (INVX1H9R)                               0.15      0.55 f
  U2109/Y (NOR2X0P5H9R)                            0.11      0.67 r
  ctmTdsLR_2_829/ZN (MAOI222X0P5H9R)               0.12      0.79 f
  U2405/Y (NOR3X0P5H9R)                            0.17      0.96 r
  U2350/Y (AOI21X0P5H9R)                           0.08      1.04 f
  u_mac16_top/u_mac/u_mul/r_s23_reg[18]/D (DFFRPQX0P5H9R)
                                                   0.00      1.04 f
  data arrival time                                          1.04

  clock core_clk (rise edge)                       1.00      1.00
  clock network delay (propagated)                 0.10      1.10
  u_mac16_top/u_mac/u_mul/r_s23_reg[18]/CK (DFFRPQX0P5H9R)
                                                   0.00      1.10 r
  clock uncertainty                               -0.03      1.07
  library setup time                              -0.03      1.05
  data required time                                         1.05
  ------------------------------------------------------------------------
  data required time                                         1.05
  data arrival time                                         -1.04
  ------------------------------------------------------------------------
  slack (MET)                                                0.00



  Startpoint: u_mac16_top/u_mac/last_prod_reg[4] (rising edge-triggered flip-flop clocked by core_clk)
  Endpoint: u_mac16_top/u_mac/accum_reg_reg[11] (rising edge-triggered flip-flop clocked by core_clk)
  Mode: default
  Corner: default
  Scenario: default
  Path Group: core_clk
  Path Type: max

  Point                                            Incr      Path  
  ------------------------------------------------------------------------
  clock core_clk (rise edge)                       0.00      0.00
  clock network delay (propagated)                 0.14      0.14

  u_mac16_top/u_mac/last_prod_reg[4]/CK (DFFSQNX0P5H9R)
                                                   0.00      0.14 r
  u_mac16_top/u_mac/last_prod_reg[4]/QN (DFFSQNX0P5H9R)
                                                   0.24      0.38 f
  U1168/Y (NAND2X0P7H9R)                           0.07      0.44 r
  U1692/Y (OAI21X0P7H9R)                           0.07      0.52 f
  U1613/Y (AOI21X0P5H9R)                           0.06      0.58 r
  U1308/Y (OAI21X1H9R)                             0.07      0.65 f
  U1197/Y (INVX1H9R)                               0.08      0.73 r
  ctmTdsLR_1_53/Y (NOR2X0P5H9R)                    0.05      0.78 f
  ctmTdsLR_2_54/Y (AOI221X0P5H9R)                  0.09      0.87 r
  U1177/Y (XOR2X0P5H9R)                            0.08      0.95 r
  ctmTdsLR_1_201/Y (AO22X0P5H9R)                   0.11      1.05 r
  u_mac16_top/u_mac/accum_reg_reg[11]/D (DFFRPQX0P5H9R)
                                                   0.00      1.05 r
  data arrival time                                          1.05

  clock core_clk (rise edge)                       1.00      1.00
  clock network delay (propagated)                 0.11      1.11
  u_mac16_top/u_mac/accum_reg_reg[11]/CK (DFFRPQX0P5H9R)
                                                   0.00      1.11 r
  clock uncertainty                               -0.03      1.09
  library setup time                              -0.03      1.06
  data required time                                         1.06
  ------------------------------------------------------------------------
  data required time                                         1.06
  data arrival time                                         -1.05
  ------------------------------------------------------------------------
  slack (MET)                                                0.01



  Startpoint: u_mac16_top/u_mac/last_prod_reg[4] (rising edge-triggered flip-flop clocked by core_clk)
  Endpoint: u_mac16_top/u_mac/accum_reg_reg[14] (rising edge-triggered flip-flop clocked by core_clk)
  Mode: default
  Corner: default
  Scenario: default
  Path Group: core_clk
  Path Type: max

  Point                                            Incr      Path  
  ------------------------------------------------------------------------
  clock core_clk (rise edge)                       0.00      0.00
  clock network delay (propagated)                 0.14      0.14

  u_mac16_top/u_mac/last_prod_reg[4]/CK (DFFSQNX0P5H9R)
                                                   0.00      0.14 r
  u_mac16_top/u_mac/last_prod_reg[4]/QN (DFFSQNX0P5H9R)
                                                   0.25      0.39 r
  U1168/Y (NAND2X0P7H9R)                           0.06      0.44 f
  U1692/Y (OAI21X0P7H9R)                           0.09      0.53 r
  U1613/Y (AOI21X0P5H9R)                           0.06      0.59 f
  U1308/Y (OAI21X1H9R)                             0.07      0.66 r
  U1197/Y (INVX1H9R)                               0.08      0.74 f
  U1185/Y (OAI21X0P5H9R)                           0.09      0.84 r
  U1176/Y (XNOR2X0P5H9R)                           0.07      0.91 r
  U2676/Y (AO22X0P5H9R)                            0.14      1.05 r
  u_mac16_top/u_mac/accum_reg_reg[14]/D (DFFRPQX0P5H9R)
                                                   0.00      1.05 r
  data arrival time                                          1.05

  clock core_clk (rise edge)                       1.00      1.00
  clock network delay (propagated)                 0.11      1.11
  u_mac16_top/u_mac/accum_reg_reg[14]/CK (DFFRPQX0P5H9R)
                                                   0.00      1.11 r
  clock uncertainty                               -0.03      1.09
  library setup time                              -0.03      1.05
  data required time                                         1.05
  ------------------------------------------------------------------------
  data required time                                         1.05
  data arrival time                                         -1.05
  ------------------------------------------------------------------------
  slack (MET)                                                0.01



  Startpoint: u_mac16_top/u_mac/last_prod_reg[4] (rising edge-triggered flip-flop clocked by core_clk)
  Endpoint: u_mac16_top/u_mac/sum_out_reg[18] (rising edge-triggered flip-flop clocked by core_clk)
  Mode: default
  Corner: default
  Scenario: default
  Path Group: core_clk
  Path Type: max

  Point                                            Incr      Path  
  ------------------------------------------------------------------------
  clock core_clk (rise edge)                       0.00      0.00
  clock network delay (propagated)                 0.14      0.14

  u_mac16_top/u_mac/last_prod_reg[4]/CK (DFFSQNX0P5H9R)
                                                   0.00      0.14 r
  u_mac16_top/u_mac/last_prod_reg[4]/QN (DFFSQNX0P5H9R)
                                                   0.24      0.38 f
  U1168/Y (NAND2X0P7H9R)                           0.07      0.44 r
  U1692/Y (OAI21X0P7H9R)                           0.07      0.52 f
  U1613/Y (AOI21X0P5H9R)                           0.06      0.58 r
  U1308/Y (OAI21X1H9R)                             0.07      0.65 f
  ctmTdsLR_2_835/Y (NAND2X0P5H9R)                  0.05      0.70 r
  ctmTdsLR_1_834/Y (AND3X1H9R)                     0.12      0.82 r
  ctmTdsLR_1_59/Y (AOI2XB1X0P5H9R)                 0.10      0.92 r
  U1101/Y (XOR2X0P5H9R)                            0.06      0.98 r
  ctmTdsLR_1_128/Y (AO22X0P5H9R)                   0.09      1.07 r
  u_mac16_top/u_mac/sum_out_reg[18]/D (DFFRPQX0P5H9R)
                                                   0.00      1.07 r
  data arrival time                                          1.07

  clock core_clk (rise edge)                       1.00      1.00
  clock network delay (propagated)                 0.12      1.12
  u_mac16_top/u_mac/sum_out_reg[18]/CK (DFFRPQX0P5H9R)
                                                   0.00      1.12 r
  clock uncertainty                               -0.03      1.10
  library setup time                              -0.02      1.07
  data required time                                         1.07
  ------------------------------------------------------------------------
  data required time                                         1.07
  data arrival time                                         -1.07
  ------------------------------------------------------------------------
  slack (MET)                                                0.01



  Startpoint: u_mac16_top/u_mac/last_prod_reg[4] (rising edge-triggered flip-flop clocked by core_clk)
  Endpoint: u_mac16_top/u_mac/sum_out_reg[17] (rising edge-triggered flip-flop clocked by core_clk)
  Mode: default
  Corner: default
  Scenario: default
  Path Group: core_clk
  Path Type: max

  Point                                            Incr      Path  
  ------------------------------------------------------------------------
  clock core_clk (rise edge)                       0.00      0.00
  clock network delay (propagated)                 0.14      0.14

  u_mac16_top/u_mac/last_prod_reg[4]/CK (DFFSQNX0P5H9R)
                                                   0.00      0.14 r
  u_mac16_top/u_mac/last_prod_reg[4]/QN (DFFSQNX0P5H9R)
                                                   0.25      0.39 r
  U1168/Y (NAND2X0P7H9R)                           0.06      0.44 f
  U1692/Y (OAI21X0P7H9R)                           0.09      0.53 r
  U1613/Y (AOI21X0P5H9R)                           0.06      0.59 f
  U1308/Y (OAI21X1H9R)                             0.07      0.66 r
  ctmTdsLR_2_835/Y (NAND2X0P5H9R)                  0.05      0.72 f
  ctmTdsLR_1_834/Y (AND3X1H9R)                     0.11      0.82 f
  ctmTdsLR_1_144/Y (OAI21X0P5H9R)                  0.08      0.91 r
  ctmTdsLR_2_145/Y (XNOR2X0P5H9R)                  0.05      0.96 r
  ctmTdsLR_1_159/Y (AO22X0P5H9R)                   0.10      1.06 r
  u_mac16_top/u_mac/sum_out_reg[17]/D (DFFRPQX0P5H9R)
                                                   0.00      1.06 r
  data arrival time                                          1.06

  clock core_clk (rise edge)                       1.00      1.00
  clock network delay (propagated)                 0.12      1.12
  u_mac16_top/u_mac/sum_out_reg[17]/CK (DFFRPQX0P5H9R)
                                                   0.00      1.12 r
  clock uncertainty                               -0.03      1.10
  library setup time                              -0.02      1.07
  data required time                                         1.07
  ------------------------------------------------------------------------
  data required time                                         1.07
  data arrival time                                         -1.06
  ------------------------------------------------------------------------
  slack (MET)                                                0.01



  Startpoint: u_mac16_top/opA_reg_reg[3] (rising edge-triggered flip-flop clocked by core_clk)
  Endpoint: u_mac16_top/u_mac/u_mul/r_s23_reg[17] (rising edge-triggered flip-flop clocked by core_clk)
  Mode: default
  Corner: default
  Scenario: default
  Path Group: core_clk
  Path Type: max

  Point                                            Incr      Path  
  ------------------------------------------------------------------------
  clock core_clk (rise edge)                       0.00      0.00
  clock network delay (propagated)                 0.14      0.14

  u_mac16_top/opA_reg_reg[3]/CK (DFFRPQX0P5H9R)    0.00      0.14 r
  u_mac16_top/opA_reg_reg[3]/Q (DFFRPQX0P5H9R)     0.26      0.40 r
  U1710/Y (INVX1H9R)                               0.15      0.55 f
  U2112/Y (NOR2X0P5H9R)                            0.11      0.66 r
  U2677/CO (ADDFX1H9R)                             0.08      0.75 r
  U1772/Y (INVX0P5H9R)                             0.03      0.77 f
  U2406/Y (NOR3X0P5H9R)                            0.16      0.94 r
  U2357/Y (AOI21X0P5H9R)                           0.10      1.03 f
  u_mac16_top/u_mac/u_mul/r_s23_reg[17]/D (DFFRPQX0P5H9R)
                                                   0.00      1.03 f
  data arrival time                                          1.03

  clock core_clk (rise edge)                       1.00      1.00
  clock network delay (propagated)                 0.10      1.10
  u_mac16_top/u_mac/u_mul/r_s23_reg[17]/CK (DFFRPQX0P5H9R)
                                                   0.00      1.10 r
  clock uncertainty                               -0.03      1.07
  library setup time                              -0.03      1.04
  data required time                                         1.04
  ------------------------------------------------------------------------
  data required time                                         1.04
  data arrival time                                         -1.03
  ------------------------------------------------------------------------
  slack (MET)                                                0.01



  Startpoint: u_mac16_top/u_mac/u_mul/r_s40_reg[18] (rising edge-triggered flip-flop clocked by core_clk)
  Endpoint: u_mac16_top/u_mac/u_mul/product_reg_reg[22] (rising edge-triggered flip-flop clocked by core_clk)
  Mode: default
  Corner: default
  Scenario: default
  Path Group: core_clk
  Path Type: max

  Point                                            Incr      Path  
  ------------------------------------------------------------------------
  clock core_clk (rise edge)                       0.00      0.00
  clock network delay (propagated)                 0.14      0.14

  u_mac16_top/u_mac/u_mul/r_s40_reg[18]/CK (DFFRPQX0P5H9R)
                                                   0.00      0.14 r
  u_mac16_top/u_mac/u_mul/r_s40_reg[18]/Q (DFFRPQX0P5H9R)
                                                   0.21      0.35 f
  ZBUF_35_inst_733/Y (BUFX1P4H9R)                  0.05      0.40 f
  U2286/CON (CGENCONAX1H9R)                        0.05      0.45 r
  U1508/Y (INVX0P5H9R)                             0.04      0.49 f
  U2289/CON (CGENCONAX1H9R)                        0.07      0.56 r
  U1145/Y (NAND2X1P4H9R)                           0.04      0.60 f
  U1582/Y (INVX1H9R)                               0.03      0.63 r
  U1556/Y (NOR2X1H9R)                              0.04      0.67 f
  U2057/Y (NAND2X0P5H9R)                           0.05      0.72 r
  U1566/Y (OAI211X1H9R)                            0.04      0.77 f
  U1191/Y (AOI31X1H9R)                             0.06      0.83 r
  U1063/Y (XOR2X2H9R)                              0.08      0.91 r
  u_mac16_top/u_mac/u_mul/product_reg_reg[22]/D (DFFRPQX0P5H9R)
                                                   0.00      0.91 r
  data arrival time                                          0.91

  clock core_clk (rise edge)                       1.00      1.00
  clock network delay (propagated)                 0.00      1.00
  u_mac16_top/u_mac/u_mul/product_reg_reg[22]/CK (DFFRPQX0P5H9R)
                                                   0.00      1.00 r
  clock uncertainty                               -0.03      0.98
  library setup time                              -0.06      0.92
  data required time                                         0.92
  ------------------------------------------------------------------------
  data required time                                         0.92
  data arrival time                                         -0.91
  ------------------------------------------------------------------------
  slack (MET)                                                0.01



  Startpoint: u_mac16_top/u_mac/u_mul/r_s40_reg[7] (rising edge-triggered flip-flop clocked by core_clk)
  Endpoint: u_mac16_top/u_mac/u_mul/product_reg_reg[13] (rising edge-triggered flip-flop clocked by core_clk)
  Mode: default
  Corner: default
  Scenario: default
  Path Group: core_clk
  Path Type: max

  Point                                            Incr      Path  
  ------------------------------------------------------------------------
  clock core_clk (rise edge)                       0.00      0.00
  clock network delay (propagated)                 0.14      0.14

  u_mac16_top/u_mac/u_mul/r_s40_reg[7]/CK (DFFRPQX0P5H9R)
                                                   0.00      0.14 r
  u_mac16_top/u_mac/u_mul/r_s40_reg[7]/Q (DFFRPQX0P5H9R)
                                                   0.19      0.33 r
  ZBUF_50_inst_806/Y (BUFX1P7H9R)                  0.06      0.39 r
  U1562/Y (NAND2X2H9R)                             0.03      0.42 f
  ctmTdsLR_1_179/Y (INVX0P7H9R)                    0.02      0.45 r
  ctmTdsLR_2_180/Y (OA211X0P7H9R)                  0.07      0.51 r
  U1096/Y (NOR2X1P4H9R)                            0.04      0.56 f
  U1571/Y (NOR2X1P4H9R)                            0.04      0.60 r
  U1134/Y (NAND2X2H9R)                             0.03      0.62 f
  U1126/Y (NAND2X1H9R)                             0.04      0.66 r
  ctmTdsLR_1_41/Y (NAND3X0P7H9R)                   0.05      0.71 f
  U2178/Y (NAND2X0P5H9R)                           0.06      0.77 r
  U1834/Y (XNOR2X0P5H9R)                           0.12      0.89 r
  u_mac16_top/u_mac/u_mul/product_reg_reg[13]/D (DFFRPQX0P5H9R)
                                                   0.00      0.89 r
  data arrival time                                          0.89

  clock core_clk (rise edge)                       1.00      1.00
  clock network delay (propagated)                 0.00      1.00
  u_mac16_top/u_mac/u_mul/product_reg_reg[13]/CK (DFFRPQX0P5H9R)
                                                   0.00      1.00 r
  clock uncertainty                               -0.03      0.98
  library setup time                              -0.07      0.91
  data required time                                         0.91
  ------------------------------------------------------------------------
  data required time                                         0.91
  data arrival time                                         -0.89
  ------------------------------------------------------------------------
  slack (MET)                                                0.01



  Startpoint: u_mac16_top/u_mac/last_prod_reg[4] (rising edge-triggered flip-flop clocked by core_clk)
  Endpoint: u_mac16_top/u_mac/sum_out_reg[20] (rising edge-triggered flip-flop clocked by core_clk)
  Mode: default
  Corner: default
  Scenario: default
  Path Group: core_clk
  Path Type: max

  Point                                            Incr      Path  
  ------------------------------------------------------------------------
  clock core_clk (rise edge)                       0.00      0.00
  clock network delay (propagated)                 0.14      0.14

  u_mac16_top/u_mac/last_prod_reg[4]/CK (DFFSQNX0P5H9R)
                                                   0.00      0.14 r
  u_mac16_top/u_mac/last_prod_reg[4]/QN (DFFSQNX0P5H9R)
                                                   0.25      0.39 r
  U1168/Y (NAND2X0P7H9R)                           0.06      0.44 f
  U1692/Y (OAI21X0P7H9R)                           0.09      0.53 r
  U1613/Y (AOI21X0P5H9R)                           0.06      0.59 f
  U1308/Y (OAI21X1H9R)                             0.07      0.66 r
  ctmTdsLR_2_835/Y (NAND2X0P5H9R)                  0.05      0.72 f
  ctmTdsLR_1_834/Y (AND3X1H9R)                     0.11      0.82 f
  ctmTdsLR_1_103/Y (OAI21X0P5H9R)                  0.08      0.91 r
  ctmTdsLR_2_104/Y (XNOR2X0P5H9R)                  0.05      0.96 r
  ctmTdsLR_1_126/Y (AO22X0P5H9R)                   0.10      1.06 r
  u_mac16_top/u_mac/sum_out_reg[20]/D (DFFRPQX0P5H9R)
                                                   0.00      1.06 r
  data arrival time                                          1.06

  clock core_clk (rise edge)                       1.00      1.00
  clock network delay (propagated)                 0.12      1.12
  u_mac16_top/u_mac/sum_out_reg[20]/CK (DFFRPQX0P5H9R)
                                                   0.00      1.12 r
  clock uncertainty                               -0.03      1.10
  library setup time                              -0.02      1.07
  data required time                                         1.07
  ------------------------------------------------------------------------
  data required time                                         1.07
  data arrival time                                         -1.06
  ------------------------------------------------------------------------
  slack (MET)                                                0.01



  Startpoint: u_mac16_top/u_mac/u_mul/r_s40_reg[19] (rising edge-triggered flip-flop clocked by core_clk)
  Endpoint: u_mac16_top/u_mac/u_mul/product_reg_reg[21] (rising edge-triggered flip-flop clocked by core_clk)
  Mode: default
  Corner: default
  Scenario: default
  Path Group: core_clk
  Path Type: max

  Point                                            Incr      Path  
  ------------------------------------------------------------------------
  clock core_clk (rise edge)                       0.00      0.00
  clock network delay (propagated)                 0.14      0.14

  u_mac16_top/u_mac/u_mul/r_s40_reg[19]/CK (DFFRPQX0P5H9R)
                                                   0.00      0.14 r
  u_mac16_top/u_mac/u_mul/r_s40_reg[19]/Q (DFFRPQX0P5H9R)
                                                   0.22      0.36 r
  U1637/Y (XOR2X1H9R)                              0.06      0.42 r
  U1622/Y (XOR2X0P7H9R)                            0.07      0.49 r
  U2289/CON (CGENCONAX1H9R)                        0.06      0.55 f
  U1145/Y (NAND2X1P4H9R)                           0.04      0.60 r
  U1582/Y (INVX1H9R)                               0.03      0.62 f
  U1556/Y (NOR2X1H9R)                              0.05      0.67 r
  U1609/Y (INVX0P7H9R)                             0.04      0.72 f
  U1526/Y (INVX0P7H9R)                             0.04      0.75 r
  U1634/Y (NAND2X0P7H9R)                           0.03      0.78 f
  U1212/Y (OAI21X1P4H9R)                           0.05      0.84 r
  ctmTdsLR_2_118/Y (XNOR2X1P4H9R)                  0.07      0.91 r
  u_mac16_top/u_mac/u_mul/product_reg_reg[21]/D (DFFRPQX0P5H9R)
                                                   0.00      0.91 r
  data arrival time                                          0.91

  clock core_clk (rise edge)                       1.00      1.00
  clock network delay (propagated)                 0.00      1.00
  u_mac16_top/u_mac/u_mul/product_reg_reg[21]/CK (DFFRPQX0P5H9R)
                                                   0.00      1.00 r
  clock uncertainty                               -0.03      0.98
  library setup time                              -0.06      0.92
  data required time                                         0.92
  ------------------------------------------------------------------------
  data required time                                         0.92
  data arrival time                                         -0.91
  ------------------------------------------------------------------------
  slack (MET)                                                0.01



  Startpoint: u_mac16_top/u_mac/last_prod_reg[4] (rising edge-triggered flip-flop clocked by core_clk)
  Endpoint: u_mac16_top/u_mac/sum_out_reg[15] (rising edge-triggered flip-flop clocked by core_clk)
  Mode: default
  Corner: default
  Scenario: default
  Path Group: core_clk
  Path Type: max

  Point                                            Incr      Path  
  ------------------------------------------------------------------------
  clock core_clk (rise edge)                       0.00      0.00
  clock network delay (propagated)                 0.14      0.14

  u_mac16_top/u_mac/last_prod_reg[4]/CK (DFFSQNX0P5H9R)
                                                   0.00      0.14 r
  u_mac16_top/u_mac/last_prod_reg[4]/QN (DFFSQNX0P5H9R)
                                                   0.24      0.38 f
  U1168/Y (NAND2X0P7H9R)                           0.07      0.44 r
  U1692/Y (OAI21X0P7H9R)                           0.07      0.52 f
  U1613/Y (AOI21X0P5H9R)                           0.06      0.58 r
  U1308/Y (OAI21X1H9R)                             0.07      0.65 f
  U1197/Y (INVX1H9R)                               0.08      0.73 r
  ctmTdsLR_1_56/Y (NOR2X0P5H9R)                    0.05      0.78 f
  ctmTdsLR_2_57/Y (AOI211X0P7H9R)                  0.07      0.85 r
  U1172/Y (XOR2X0P5H9R)                            0.07      0.92 r
  ctmTdsLR_1_192/Y (AO22X0P5H9R)                   0.14      1.05 r
  u_mac16_top/u_mac/sum_out_reg[15]/D (DFFRPQX0P5H9R)
                                                   0.00      1.05 r
  data arrival time                                          1.05

  clock core_clk (rise edge)                       1.00      1.00
  clock network delay (propagated)                 0.12      1.12
  u_mac16_top/u_mac/sum_out_reg[15]/CK (DFFRPQX0P5H9R)
                                                   0.00      1.12 r
  clock uncertainty                               -0.03      1.10
  library setup time                              -0.03      1.06
  data required time                                         1.06
  ------------------------------------------------------------------------
  data required time                                         1.06
  data arrival time                                         -1.05
  ------------------------------------------------------------------------
  slack (MET)                                                0.01



  Startpoint: u_mac16_top/opA_reg_reg[8] (rising edge-triggered flip-flop clocked by core_clk)
  Endpoint: u_mac16_top/u_mac/u_mul/r_s23_reg[21] (rising edge-triggered flip-flop clocked by core_clk)
  Mode: default
  Corner: default
  Scenario: default
  Path Group: core_clk
  Path Type: max

  Point                                            Incr      Path  
  ------------------------------------------------------------------------
  clock core_clk (rise edge)                       0.00      0.00
  clock network delay (propagated)                 0.14      0.14

  u_mac16_top/opA_reg_reg[8]/CK (DFFRPQX0P5H9R)    0.00      0.14 r
  u_mac16_top/opA_reg_reg[8]/Q (DFFRPQX0P5H9R)     0.26      0.39 r
  U1079/Y (INVX1H9R)                               0.15      0.54 f
  U1081/Y (NOR2X0P7H9R)                            0.11      0.65 r
  U2663/CO (ADDFX1H9R)                             0.09      0.74 r
  U1928/Y (INVX0P5H9R)                             0.04      0.78 f
  U2365/Y (NOR3X0P5H9R)                            0.18      0.96 r
  U2339/Y (AOI21X0P5H9R)                           0.11      1.08 f
  u_mac16_top/u_mac/u_mul/r_s23_reg[21]/D (DFFRPQX0P5H9R)
                                                   0.00      1.08 f
  data arrival time                                          1.08

  clock core_clk (rise edge)                       1.00      1.00
  clock network delay (propagated)                 0.13      1.13
  u_mac16_top/u_mac/u_mul/r_s23_reg[21]/CK (DFFRPQX0P5H9R)
                                                   0.00      1.13 r
  clock uncertainty                               -0.03      1.11
  library setup time                              -0.02      1.09
  data required time                                         1.09
  ------------------------------------------------------------------------
  data required time                                         1.09
  data arrival time                                         -1.08
  ------------------------------------------------------------------------
  slack (MET)                                                0.01



  Startpoint: u_mac16_top/fifo_count_reg[1] (rising edge-triggered flip-flop clocked by core_clk)
  Endpoint: u_mac16_top/mac_result_shadow_reg[21] (rising edge-triggered flip-flop clocked by core_clk)
  Mode: default
  Corner: default
  Scenario: default
  Path Group: core_clk
  Path Type: max

  Point                                            Incr      Path  
  ------------------------------------------------------------------------
  clock core_clk (rise edge)                       0.00      0.00
  clock network delay (propagated)                 0.09      0.09

  u_mac16_top/fifo_count_reg[1]/CK (DFFRPQX0P5H9R)
                                                   0.00      0.09 r
  u_mac16_top/fifo_count_reg[1]/Q (DFFRPQX0P5H9R)
                                                   0.19      0.28 r
  U1273/Y (OR2X0P7H9R)                             0.07      0.34 r
  ctmTdsLR_2_833/Y (INVX0P5H9R)                    0.02      0.37 f
  ctmTdsLR_1_832/Y (NAND2X0P7H9R)                  0.05      0.41 r
  ctmTdsLR_2_133/Y (NAND2X0P7H9R)                  0.09      0.50 f
  U2238/Y (NAND3XXBX1H9R)                          0.08      0.58 f
  U1612/Y (INVX0P7H9R)                             0.24      0.82 r
  U1419/Y (AOI22X0P5H9R)                           0.14      0.96 f
  U1305/Y (OAI211X0P5H9R)                          0.09      1.05 r
  u_mac16_top/mac_result_shadow_reg[21]/D (DFFRPQX0P5H9R)
                                                   0.00      1.05 r
  data arrival time                                          1.05

  clock core_clk (rise edge)                       1.00      1.00
  clock network delay (propagated)                 0.12      1.12
  u_mac16_top/mac_result_shadow_reg[21]/CK (DFFRPQX0P5H9R)
                                                   0.00      1.12 r
  clock uncertainty                               -0.03      1.09
  library setup time                              -0.03      1.06
  data required time                                         1.06
  ------------------------------------------------------------------------
  data required time                                         1.06
  data arrival time                                         -1.05
  ------------------------------------------------------------------------
  slack (MET)                                                0.01



  Startpoint: u_mac16_top/mode_reg_reg (rising edge-triggered flip-flop clocked by core_clk)
  Endpoint: u_mac16_top/u_mac/u_mul/r_s41_reg[21] (recovery check against rising-edge clock clocked by core_clk)
  Mode: default
  Corner: default
  Scenario: default
  Path Group: core_clk
  Path Type: max

  Point                                            Incr      Path  
  ------------------------------------------------------------------------
  clock core_clk (rise edge)                       0.00      0.00
  clock network delay (propagated)                 0.00      0.00

  u_mac16_top/mode_reg_reg/CK (DFFRPQX0P5H9R)      0.00      0.00 r
  u_mac16_top/mode_reg_reg/Q (DFFRPQX0P5H9R)       0.15      0.15 f
  U1445/Y (XOR2X0P5H9R)                            0.06      0.21 f
  U1500/Y (NOR2X1P4H9R)                            0.11      0.32 r
  HFSINV_66868_32/Y (INVX1P7H9R)                   0.20      0.52 f
  HFSBUF_39107_31/ECK (FREEICGX0P8H9R)             0.43      0.95 f
  u_mac16_top/u_mac/u_mul/r_s41_reg[21]/R (DFFRPQX0P5H9R)
                                                   0.00      0.95 f
  data arrival time                                          0.95

  clock core_clk (rise edge)                       1.00      1.00
  clock network delay (propagated)                 0.11      1.11
  u_mac16_top/u_mac/u_mul/r_s41_reg[21]/CK (DFFRPQX0P5H9R)
                                                   0.00      1.11 r
  clock uncertainty                               -0.03      1.09
  library setup time                              -0.12      0.97
  data required time                                         0.97
  ------------------------------------------------------------------------
  data required time                                         0.97
  data arrival time                                         -0.95
  ------------------------------------------------------------------------
  slack (MET)                                                0.01



  Startpoint: u_mac16_top/mode_reg_reg (rising edge-triggered flip-flop clocked by core_clk)
  Endpoint: u_mac16_top/u_mac/u_mul/r_c40_reg[9] (recovery check against rising-edge clock clocked by core_clk)
  Mode: default
  Corner: default
  Scenario: default
  Path Group: core_clk
  Path Type: max

  Point                                            Incr      Path  
  ------------------------------------------------------------------------
  clock core_clk (rise edge)                       0.00      0.00
  clock network delay (propagated)                 0.00      0.00

  u_mac16_top/mode_reg_reg/CK (DFFRPQX0P5H9R)      0.00      0.00 r
  u_mac16_top/mode_reg_reg/Q (DFFRPQX0P5H9R)       0.15      0.15 f
  U1445/Y (XOR2X0P5H9R)                            0.06      0.21 f
  U1500/Y (NOR2X1P4H9R)                            0.11      0.32 r
  HFSINV_66868_32/Y (INVX1P7H9R)                   0.20      0.52 f
  HFSBUF_39107_31/ECK (FREEICGX0P8H9R)             0.43      0.95 f
  u_mac16_top/u_mac/u_mul/r_c40_reg[9]/R (DFFRPQX0P5H9R)
                                                   0.00      0.95 f
  data arrival time                                          0.95

  clock core_clk (rise edge)                       1.00      1.00
  clock network delay (propagated)                 0.11      1.11
  u_mac16_top/u_mac/u_mul/r_c40_reg[9]/CK (DFFRPQX0P5H9R)
                                                   0.00      1.11 r
  clock uncertainty                               -0.03      1.09
  library setup time                              -0.12      0.97
  data required time                                         0.97
  ------------------------------------------------------------------------
  data required time                                         0.97
  data arrival time                                         -0.95
  ------------------------------------------------------------------------
  slack (MET)                                                0.01



  Startpoint: u_mac16_top/fifo_count_reg[1] (rising edge-triggered flip-flop clocked by core_clk)
  Endpoint: u_mac16_top/mac_result_shadow_reg[7] (rising edge-triggered flip-flop clocked by core_clk)
  Mode: default
  Corner: default
  Scenario: default
  Path Group: core_clk
  Path Type: max

  Point                                            Incr      Path  
  ------------------------------------------------------------------------
  clock core_clk (rise edge)                       0.00      0.00
  clock network delay (propagated)                 0.09      0.09

  u_mac16_top/fifo_count_reg[1]/CK (DFFRPQX0P5H9R)
                                                   0.00      0.09 r
  u_mac16_top/fifo_count_reg[1]/Q (DFFRPQX0P5H9R)
                                                   0.19      0.28 r
  U1273/Y (OR2X0P7H9R)                             0.07      0.34 r
  ctmTdsLR_2_833/Y (INVX0P5H9R)                    0.02      0.37 f
  ctmTdsLR_1_832/Y (NAND2X0P7H9R)                  0.05      0.41 r
  ctmTdsLR_2_133/Y (NAND2X0P7H9R)                  0.09      0.50 f
  U2238/Y (NAND3XXBX1H9R)                          0.08      0.58 f
  U1612/Y (INVX0P7H9R)                             0.24      0.82 r
  U1296/Y (AOI22X0P5H9R)                           0.12      0.94 f
  U1295/Y (OAI211X0P5H9R)                          0.11      1.04 r
  u_mac16_top/mac_result_shadow_reg[7]/D (DFFRPQX0P5H9R)
                                                   0.00      1.04 r
  data arrival time                                          1.04

  clock core_clk (rise edge)                       1.00      1.00
  clock network delay (propagated)                 0.12      1.12
  u_mac16_top/mac_result_shadow_reg[7]/CK (DFFRPQX0P5H9R)
                                                   0.00      1.12 r
  clock uncertainty                               -0.03      1.09
  library setup time                              -0.04      1.06
  data required time                                         1.06
  ------------------------------------------------------------------------
  data required time                                         1.06
  data arrival time                                         -1.04
  ------------------------------------------------------------------------
  slack (MET)                                                0.01



  Startpoint: u_mac16_top/u_mac/u_mul/r_s40_reg[7] (rising edge-triggered flip-flop clocked by core_clk)
  Endpoint: u_mac16_top/u_mac/u_mul/product_reg_reg[14] (rising edge-triggered flip-flop clocked by core_clk)
  Mode: default
  Corner: default
  Scenario: default
  Path Group: core_clk
  Path Type: max

  Point                                            Incr      Path  
  ------------------------------------------------------------------------
  clock core_clk (rise edge)                       0.00      0.00
  clock network delay (propagated)                 0.14      0.14

  u_mac16_top/u_mac/u_mul/r_s40_reg[7]/CK (DFFRPQX0P5H9R)
                                                   0.00      0.14 r
  u_mac16_top/u_mac/u_mul/r_s40_reg[7]/Q (DFFRPQX0P5H9R)
                                                   0.19      0.33 r
  ZBUF_50_inst_806/Y (BUFX1P7H9R)                  0.06      0.39 r
  U1562/Y (NAND2X2H9R)                             0.03      0.42 f
  ctmTdsLR_1_179/Y (INVX0P7H9R)                    0.02      0.45 r
  ctmTdsLR_2_180/Y (OA211X0P7H9R)                  0.07      0.51 r
  U1096/Y (NOR2X1P4H9R)                            0.04      0.56 f
  U1571/Y (NOR2X1P4H9R)                            0.04      0.60 r
  U1134/Y (NAND2X2H9R)                             0.03      0.62 f
  U1126/Y (NAND2X1H9R)                             0.04      0.66 r
  ctmTdsLR_1_41/Y (NAND3X0P7H9R)                   0.05      0.71 f
  ctmTdsLR_1_110/Y (AOI31X1H9R)                    0.06      0.77 r
  ctmTdsLR_3_112/Y (XNOR2X0P5H9R)                  0.12      0.89 r
  u_mac16_top/u_mac/u_mul/product_reg_reg[14]/D (DFFRPQX0P5H9R)
                                                   0.00      0.89 r
  data arrival time                                          0.89

  clock core_clk (rise edge)                       1.00      1.00
  clock network delay (propagated)                 0.00      1.00
  u_mac16_top/u_mac/u_mul/product_reg_reg[14]/CK (DFFRPQX0P5H9R)
                                                   0.00      1.00 r
  clock uncertainty                               -0.03      0.98
  library setup time                              -0.07      0.91
  data required time                                         0.91
  ------------------------------------------------------------------------
  data required time                                         0.91
  data arrival time                                         -0.89
  ------------------------------------------------------------------------
  slack (MET)                                                0.01



  Startpoint: u_mac16_top/mode_reg_reg (rising edge-triggered flip-flop clocked by core_clk)
  Endpoint: u_mac16_top/u_mac/u_mul/r_c40_reg[8] (recovery check against rising-edge clock clocked by core_clk)
  Mode: default
  Corner: default
  Scenario: default
  Path Group: core_clk
  Path Type: max

  Point                                            Incr      Path  
  ------------------------------------------------------------------------
  clock core_clk (rise edge)                       0.00      0.00
  clock network delay (propagated)                 0.00      0.00

  u_mac16_top/mode_reg_reg/CK (DFFRPQX0P5H9R)      0.00      0.00 r
  u_mac16_top/mode_reg_reg/Q (DFFRPQX0P5H9R)       0.15      0.15 f
  U1445/Y (XOR2X0P5H9R)                            0.06      0.21 f
  U1500/Y (NOR2X1P4H9R)                            0.11      0.32 r
  HFSINV_66868_32/Y (INVX1P7H9R)                   0.20      0.52 f
  HFSBUF_39107_31/ECK (FREEICGX0P8H9R)             0.43      0.95 f
  u_mac16_top/u_mac/u_mul/r_c40_reg[8]/R (DFFRPQX0P5H9R)
                                                   0.00      0.95 f
  data arrival time                                          0.95

  clock core_clk (rise edge)                       1.00      1.00
  clock network delay (propagated)                 0.11      1.11
  u_mac16_top/u_mac/u_mul/r_c40_reg[8]/CK (DFFRPQX0P5H9R)
                                                   0.00      1.11 r
  clock uncertainty                               -0.03      1.09
  library setup time                              -0.12      0.97
  data required time                                         0.97
  ------------------------------------------------------------------------
  data required time                                         0.97
  data arrival time                                         -0.95
  ------------------------------------------------------------------------
  slack (MET)                                                0.01



  Startpoint: u_mac16_top/mode_reg_reg (rising edge-triggered flip-flop clocked by core_clk)
  Endpoint: u_mac16_top/u_mac/u_mul/r_c41_reg[23] (recovery check against rising-edge clock clocked by core_clk)
  Mode: default
  Corner: default
  Scenario: default
  Path Group: core_clk
  Path Type: max

  Point                                            Incr      Path  
  ------------------------------------------------------------------------
  clock core_clk (rise edge)                       0.00      0.00
  clock network delay (propagated)                 0.00      0.00

  u_mac16_top/mode_reg_reg/CK (DFFRPQX0P5H9R)      0.00      0.00 r
  u_mac16_top/mode_reg_reg/Q (DFFRPQX0P5H9R)       0.15      0.15 f
  U1445/Y (XOR2X0P5H9R)                            0.06      0.21 f
  U1500/Y (NOR2X1P4H9R)                            0.11      0.32 r
  HFSINV_66868_32/Y (INVX1P7H9R)                   0.20      0.52 f
  HFSBUF_39107_31/ECK (FREEICGX0P8H9R)             0.43      0.95 f
  u_mac16_top/u_mac/u_mul/r_c41_reg[23]/R (DFFRPQX0P5H9R)
                                                   0.00      0.95 f
  data arrival time                                          0.95

  clock core_clk (rise edge)                       1.00      1.00
  clock network delay (propagated)                 0.11      1.11
  u_mac16_top/u_mac/u_mul/r_c41_reg[23]/CK (DFFRPQX0P5H9R)
                                                   0.00      1.11 r
  clock uncertainty                               -0.03      1.09
  library setup time                              -0.12      0.97
  data required time                                         0.97
  ------------------------------------------------------------------------
  data required time                                         0.97
  data arrival time                                         -0.95
  ------------------------------------------------------------------------
  slack (MET)                                                0.01



  Startpoint: u_mac16_top/op_fifo_rd_ptr_reg[1] (rising edge-triggered flip-flop clocked by core_clk)
  Endpoint: u_mac16_top/opB_reg_reg[1] (rising edge-triggered flip-flop clocked by core_clk)
  Mode: default
  Corner: default
  Scenario: default
  Path Group: core_clk
  Path Type: max

  Point                                            Incr      Path  
  ------------------------------------------------------------------------
  clock core_clk (rise edge)                       0.00      0.00
  clock network delay (propagated)                 0.11      0.11

  u_mac16_top/op_fifo_rd_ptr_reg[1]/CK (DFFRPQX0P5H9R)
                                                   0.00      0.11 r
  u_mac16_top/op_fifo_rd_ptr_reg[1]/Q (DFFRPQX0P5H9R)
                                                   0.22      0.33 r
  U1898/Y (INVX0P5H9R)                             0.05      0.38 f
  U2139/Y (NOR2X0P5H9R)                            0.09      0.47 r
  U2133/ECK (FREEICGX0P5H9R)                       0.28      0.75 r
  U2599/Y (AOI22X0P5H9R)                           0.11      0.86 f
  U2595/Y (NAND2X0P5H9R)                           0.14      1.00 r
  u_mac16_top/opB_reg_reg[1]/D (DFFRX1H9R)         0.00      1.00 r
  data arrival time                                          1.00

  clock core_clk (rise edge)                       1.00      1.00
  clock network delay (propagated)                 0.10      1.10
  u_mac16_top/opB_reg_reg[1]/CK (DFFRX1H9R)        0.00      1.10 r
  clock uncertainty                               -0.03      1.07
  library setup time                              -0.06      1.01
  data required time                                         1.01
  ------------------------------------------------------------------------
  data required time                                         1.01
  data arrival time                                         -1.00
  ------------------------------------------------------------------------
  slack (MET)                                                0.02



  Startpoint: u_mac16_top/u_mac/u_mul/r_c40_reg[11] (rising edge-triggered flip-flop clocked by core_clk)
  Endpoint: u_mac16_top/u_mac/u_mul/product_reg_reg[17] (rising edge-triggered flip-flop clocked by core_clk)
  Mode: default
  Corner: default
  Scenario: default
  Path Group: core_clk
  Path Type: max

  Point                                            Incr      Path  
  ------------------------------------------------------------------------
  clock core_clk (rise edge)                       0.00      0.00
  clock network delay (propagated)                 0.12      0.12

  u_mac16_top/u_mac/u_mul/r_c40_reg[11]/CK (DFFRPQX0P5H9R)
                                                   0.00      0.12 r
  u_mac16_top/u_mac/u_mul/r_c40_reg[11]/Q (DFFRPQX0P5H9R)
                                                   0.23      0.35 r
  ctmTdsLR_1_164/Y (XOR3X1H9R)                     0.14      0.49 f
  U2164/Y (NAND2X1H9R)                             0.06      0.55 r
  U1511/Y (NAND2X1H9R)                             0.04      0.58 f
  ctmTdsLR_1_40/Y (OAI21X1P4H9R)                   0.04      0.62 r
  U1142/Y (NOR2X1H9R)                              0.04      0.66 f
  U1353/Y (AOI21X2H9R)                             0.05      0.70 r
  U1086/Y (NAND2X3H9R)                             0.04      0.75 f
  U1583/Y (AOI2XB1X1P4H9R)                         0.05      0.80 r
  ctmTdsLR_2_47/Y (XNOR2X0P7H9R)                   0.05      0.84 r
  ZBUF_2_inst_797/Y (BUFX1P7H9R)                   0.07      0.91 r
  u_mac16_top/u_mac/u_mul/product_reg_reg[17]/D (DFFRPQX0P5H9R)
                                                   0.00      0.91 r
  data arrival time                                          0.91

  clock core_clk (rise edge)                       1.00      1.00
  clock network delay (propagated)                 0.00      1.00
  u_mac16_top/u_mac/u_mul/product_reg_reg[17]/CK (DFFRPQX0P5H9R)
                                                   0.00      1.00 r
  clock uncertainty                               -0.03      0.98
  library setup time                              -0.05      0.93
  data required time                                         0.93
  ------------------------------------------------------------------------
  data required time                                         0.93
  data arrival time                                         -0.91
  ------------------------------------------------------------------------
  slack (MET)                                                0.02



  Startpoint: u_mac16_top/u_mac/u_mul/r_c41_reg[15] (rising edge-triggered flip-flop clocked by core_clk)
  Endpoint: u_mac16_top/u_mac/u_mul/product_reg_reg[20] (rising edge-triggered flip-flop clocked by core_clk)
  Mode: default
  Corner: default
  Scenario: default
  Path Group: core_clk
  Path Type: max

  Point                                            Incr      Path  
  ------------------------------------------------------------------------
  clock core_clk (rise edge)                       0.00      0.00
  clock network delay (propagated)                 0.12      0.12

  u_mac16_top/u_mac/u_mul/r_c41_reg[15]/CK (DFFRPQX0P5H9R)
                                                   0.00      0.12 r
  u_mac16_top/u_mac/u_mul/r_c41_reg[15]/Q (DFFRPQX0P5H9R)
                                                   0.18      0.30 f
  ZBUF_190_inst_715/ECK (FREEICGX2H9R)             0.08      0.38 f
  U1532/Y (NOR2X1H9R)                              0.06      0.43 r
  ctmTdsLR_1_150/Y (XNOR3X1H9R)                    0.10      0.53 f
  U1248/Y (NAND2X1H9R)                             0.04      0.57 r
  U1128/Y (NAND2X1H9R)                             0.03      0.60 f
  U1533/Y (NAND2X1P4H9R)                           0.04      0.65 r
  U1536/Y (OAI21X2H9R)                             0.03      0.68 f
  U1173/Y (AOI21X2H9R)                             0.04      0.72 r
  U1179/Y (INVX1P7H9R)                             0.03      0.75 f
  U1498/Y (AOI21X1H9R)                             0.05      0.80 r
  U1122/Y (OAI21X1P4H9R)                           0.04      0.84 f
  ctmTdsLR_2_116/Y (XNOR2X1P4H9R)                  0.06      0.90 r
  u_mac16_top/u_mac/u_mul/product_reg_reg[20]/D (DFFRPQX0P5H9R)
                                                   0.00      0.90 r
  data arrival time                                          0.90

  clock core_clk (rise edge)                       1.00      1.00
  clock network delay (propagated)                 0.00      1.00
  u_mac16_top/u_mac/u_mul/product_reg_reg[20]/CK (DFFRPQX0P5H9R)
                                                   0.00      1.00 r
  clock uncertainty                               -0.03      0.98
  library setup time                              -0.06      0.92
  data required time                                         0.92
  ------------------------------------------------------------------------
  data required time                                         0.92
  data arrival time                                         -0.90
  ------------------------------------------------------------------------
  slack (MET)                                                0.02



  Startpoint: u_mac16_top/op_fifo_rd_ptr_reg[1] (rising edge-triggered flip-flop clocked by core_clk)
  Endpoint: u_mac16_top/opB_reg_reg[15] (rising edge-triggered flip-flop clocked by core_clk)
  Mode: default
  Corner: default
  Scenario: default
  Path Group: core_clk
  Path Type: max

  Point                                            Incr      Path  
  ------------------------------------------------------------------------
  clock core_clk (rise edge)                       0.00      0.00
  clock network delay (propagated)                 0.11      0.11

  u_mac16_top/op_fifo_rd_ptr_reg[1]/CK (DFFRPQX0P5H9R)
                                                   0.00      0.11 r
  u_mac16_top/op_fifo_rd_ptr_reg[1]/Q (DFFRPQX0P5H9R)
                                                   0.22      0.32 f
  U1898/Y (INVX0P5H9R)                             0.05      0.38 r
  U2139/Y (NOR2X0P5H9R)                            0.07      0.44 f
  U2135/ECK (FREEICGX0P7H9R)                       0.29      0.74 f
  U2331/Y (AOI22X0P5H9R)                           0.17      0.90 r
  U2328/Y (NAND2X0P5H9R)                           0.12      1.02 f
  u_mac16_top/opB_reg_reg[15]/D (DFFRPQX0P5H9R)    0.00      1.02 f
  data arrival time                                          1.02

  clock core_clk (rise edge)                       1.00      1.00
  clock network delay (propagated)                 0.10      1.10
  u_mac16_top/opB_reg_reg[15]/CK (DFFRPQX0P5H9R)   0.00      1.10 r
  clock uncertainty                               -0.03      1.07
  library setup time                              -0.04      1.04
  data required time                                         1.04
  ------------------------------------------------------------------------
  data required time                                         1.04
  data arrival time                                         -1.02
  ------------------------------------------------------------------------
  slack (MET)                                                0.02



  Startpoint: u_mac16_top/u_mac/last_prod_reg[4] (rising edge-triggered flip-flop clocked by core_clk)
  Endpoint: u_mac16_top/u_mac/sum_out_reg[11] (rising edge-triggered flip-flop clocked by core_clk)
  Mode: default
  Corner: default
  Scenario: default
  Path Group: core_clk
  Path Type: max

  Point                                            Incr      Path  
  ------------------------------------------------------------------------
  clock core_clk (rise edge)                       0.00      0.00
  clock network delay (propagated)                 0.14      0.14

  u_mac16_top/u_mac/last_prod_reg[4]/CK (DFFSQNX0P5H9R)
                                                   0.00      0.14 r
  u_mac16_top/u_mac/last_prod_reg[4]/QN (DFFSQNX0P5H9R)
                                                   0.24      0.38 f
  U1168/Y (NAND2X0P7H9R)                           0.07      0.44 r
  U1692/Y (OAI21X0P7H9R)                           0.07      0.52 f
  U1613/Y (AOI21X0P5H9R)                           0.06      0.58 r
  U1308/Y (OAI21X1H9R)                             0.07      0.65 f
  U1197/Y (INVX1H9R)                               0.08      0.73 r
  ctmTdsLR_1_53/Y (NOR2X0P5H9R)                    0.05      0.78 f
  ctmTdsLR_2_54/Y (AOI221X0P5H9R)                  0.09      0.87 r
  U1177/Y (XOR2X0P5H9R)                            0.08      0.95 r
  ctmTdsLR_1_201/Y (AO22X0P5H9R)                   0.11      1.05 r
  u_mac16_top/u_mac/sum_out_reg[11]/D (DFFRPQX0P5H9R)
                                                   0.00      1.05 r
  data arrival time                                          1.05

  clock core_clk (rise edge)                       1.00      1.00
  clock network delay (propagated)                 0.12      1.12
  u_mac16_top/u_mac/sum_out_reg[11]/CK (DFFRPQX0P5H9R)
                                                   0.00      1.12 r
  clock uncertainty                               -0.03      1.10
  library setup time                              -0.03      1.07
  data required time                                         1.07
  ------------------------------------------------------------------------
  data required time                                         1.07
  data arrival time                                         -1.05
  ------------------------------------------------------------------------
  slack (MET)                                                0.02



  Startpoint: u_mac16_top/mode_reg_reg (rising edge-triggered flip-flop clocked by core_clk)
  Endpoint: u_mac16_top/u_mac/u_mul/r_s41_reg[15] (recovery check against rising-edge clock clocked by core_clk)
  Mode: default
  Corner: default
  Scenario: default
  Path Group: core_clk
  Path Type: max

  Point                                            Incr      Path  
  ------------------------------------------------------------------------
  clock core_clk (rise edge)                       0.00      0.00
  clock network delay (propagated)                 0.00      0.00

  u_mac16_top/mode_reg_reg/CK (DFFRPQX0P5H9R)      0.00      0.00 r
  u_mac16_top/mode_reg_reg/Q (DFFRPQX0P5H9R)       0.15      0.15 f
  U1445/Y (XOR2X0P5H9R)                            0.06      0.21 f
  U1500/Y (NOR2X1P4H9R)                            0.11      0.32 r
  HFSINV_66868_32/Y (INVX1P7H9R)                   0.20      0.52 f
  HFSBUF_39107_31/ECK (FREEICGX0P8H9R)             0.43      0.95 f
  u_mac16_top/u_mac/u_mul/r_s41_reg[15]/R (SDFFRPQX0P5H9R)
                                                   0.00      0.95 f
  data arrival time                                          0.95

  clock core_clk (rise edge)                       1.00      1.00
  clock network delay (propagated)                 0.11      1.11
  u_mac16_top/u_mac/u_mul/r_s41_reg[15]/CK (SDFFRPQX0P5H9R)
                                                   0.00      1.11 r
  clock uncertainty                               -0.03      1.09
  library setup time                              -0.12      0.97
  data required time                                         0.97
  ------------------------------------------------------------------------
  data required time                                         0.97
  data arrival time                                         -0.95
  ------------------------------------------------------------------------
  slack (MET)                                                0.02



  Startpoint: u_mac16_top/u_mac/last_prod_reg[4] (rising edge-triggered flip-flop clocked by core_clk)
  Endpoint: u_mac16_top/u_mac/sum_out_reg[14] (rising edge-triggered flip-flop clocked by core_clk)
  Mode: default
  Corner: default
  Scenario: default
  Path Group: core_clk
  Path Type: max

  Point                                            Incr      Path  
  ------------------------------------------------------------------------
  clock core_clk (rise edge)                       0.00      0.00
  clock network delay (propagated)                 0.14      0.14

  u_mac16_top/u_mac/last_prod_reg[4]/CK (DFFSQNX0P5H9R)
                                                   0.00      0.14 r
  u_mac16_top/u_mac/last_prod_reg[4]/QN (DFFSQNX0P5H9R)
                                                   0.25      0.39 r
  U1168/Y (NAND2X0P7H9R)                           0.06      0.44 f
  U1692/Y (OAI21X0P7H9R)                           0.09      0.53 r
  U1613/Y (AOI21X0P5H9R)                           0.06      0.59 f
  U1308/Y (OAI21X1H9R)                             0.07      0.66 r
  U1197/Y (INVX1H9R)                               0.08      0.74 f
  U1185/Y (OAI21X0P5H9R)                           0.09      0.84 r
  U1176/Y (XNOR2X0P5H9R)                           0.07      0.91 r
  U2676/Y (AO22X0P5H9R)                            0.14      1.05 r
  u_mac16_top/u_mac/sum_out_reg[14]/D (DFFRPQX0P5H9R)
                                                   0.00      1.05 r
  data arrival time                                          1.05

  clock core_clk (rise edge)                       1.00      1.00
  clock network delay (propagated)                 0.12      1.12
  u_mac16_top/u_mac/sum_out_reg[14]/CK (DFFRPQX0P5H9R)
                                                   0.00      1.12 r
  clock uncertainty                               -0.03      1.10
  library setup time                              -0.03      1.07
  data required time                                         1.07
  ------------------------------------------------------------------------
  data required time                                         1.07
  data arrival time                                         -1.05
  ------------------------------------------------------------------------
  slack (MET)                                                0.02



  Startpoint: u_mac16_top/u_mac/u_mul/r_s41_reg[13] (rising edge-triggered flip-flop clocked by core_clk)
  Endpoint: u_mac16_top/u_mac/u_mul/product_reg_reg[18] (rising edge-triggered flip-flop clocked by core_clk)
  Mode: default
  Corner: default
  Scenario: default
  Path Group: core_clk
  Path Type: max

  Point                                            Incr      Path  
  ------------------------------------------------------------------------
  clock core_clk (rise edge)                       0.00      0.00
  clock network delay (propagated)                 0.12      0.12

  u_mac16_top/u_mac/u_mul/r_s41_reg[13]/CK (DFFRPQX0P5H9R)
                                                   0.00      0.12 r
  u_mac16_top/u_mac/u_mul/r_s41_reg[13]/Q (DFFRPQX0P5H9R)
                                                   0.18      0.30 f
  ZBUF_17_inst_729/Y (BUFX1P4H9R)                  0.05      0.35 f
  U2285/CON (CGENCONAX1H9R)                        0.08      0.43 r
  ctmTdsLR_1_815/Y (XOR3X1H9R)                     0.13      0.56 r
  U1062/Y (NOR2X1P4H9R)                            0.04      0.60 f
  U1198/Y (OAI21X0P7H9R)                           0.06      0.66 r
  U1353/Y (AOI21X2H9R)                             0.04      0.70 f
  U1086/Y (NAND2X3H9R)                             0.05      0.75 r
  U1061/Y (INVX2H9R)                               0.04      0.78 f
  ctmTdsLR_2_49/Y (OAI31X2H9R)                     0.06      0.84 r
  ctmTdsLR_2_87/Y (XNOR2X2H9R)                     0.06      0.90 r
  u_mac16_top/u_mac/u_mul/product_reg_reg[18]/D (DFFRPQX0P5H9R)
                                                   0.00      0.90 r
  data arrival time                                          0.90

  clock core_clk (rise edge)                       1.00      1.00
  clock network delay (propagated)                 0.00      1.00
  u_mac16_top/u_mac/u_mul/product_reg_reg[18]/CK (DFFRPQX0P5H9R)
                                                   0.00      1.00 r
  clock uncertainty                               -0.03      0.98
  library setup time                              -0.06      0.92
  data required time                                         0.92
  ------------------------------------------------------------------------
  data required time                                         0.92
  data arrival time                                         -0.90
  ------------------------------------------------------------------------
  slack (MET)                                                0.02



  Startpoint: u_mac16_top/fifo_count_reg[1] (rising edge-triggered flip-flop clocked by core_clk)
  Endpoint: u_mac16_top/mac_result_shadow_reg[2] (rising edge-triggered flip-flop clocked by core_clk)
  Mode: default
  Corner: default
  Scenario: default
  Path Group: core_clk
  Path Type: max

  Point                                            Incr      Path  
  ------------------------------------------------------------------------
  clock core_clk (rise edge)                       0.00      0.00
  clock network delay (propagated)                 0.09      0.09

  u_mac16_top/fifo_count_reg[1]/CK (DFFRPQX0P5H9R)
                                                   0.00      0.09 r
  u_mac16_top/fifo_count_reg[1]/Q (DFFRPQX0P5H9R)
                                                   0.19      0.28 r
  U1273/Y (OR2X0P7H9R)                             0.07      0.34 r
  ctmTdsLR_2_833/Y (INVX0P5H9R)                    0.02      0.37 f
  ctmTdsLR_1_832/Y (NAND2X0P7H9R)                  0.05      0.41 r
  ctmTdsLR_2_133/Y (NAND2X0P7H9R)                  0.09      0.50 f
  U2238/Y (NAND3XXBX1H9R)                          0.08      0.58 f
  U1612/Y (INVX0P7H9R)                             0.24      0.82 r
  U1491/Y (AOI22X0P5H9R)                           0.12      0.93 f
  U1369/Y (OAI211X0P5H9R)                          0.11      1.04 r
  u_mac16_top/mac_result_shadow_reg[2]/D (DFFRPQX0P5H9R)
                                                   0.00      1.04 r
  data arrival time                                          1.04

  clock core_clk (rise edge)                       1.00      1.00
  clock network delay (propagated)                 0.12      1.12
  u_mac16_top/mac_result_shadow_reg[2]/CK (DFFRPQX0P5H9R)
                                                   0.00      1.12 r
  clock uncertainty                               -0.03      1.09
  library setup time                              -0.04      1.06
  data required time                                         1.06
  ------------------------------------------------------------------------
  data required time                                         1.06
  data arrival time                                         -1.04
  ------------------------------------------------------------------------
  slack (MET)                                                0.02



  Startpoint: u_mac16_top/u_mac/last_prod_reg[4] (rising edge-triggered flip-flop clocked by core_clk)
  Endpoint: u_mac16_top/u_mac/accum_reg_reg[13] (rising edge-triggered flip-flop clocked by core_clk)
  Mode: default
  Corner: default
  Scenario: default
  Path Group: core_clk
  Path Type: max

  Point                                            Incr      Path  
  ------------------------------------------------------------------------
  clock core_clk (rise edge)                       0.00      0.00
  clock network delay (propagated)                 0.14      0.14

  u_mac16_top/u_mac/last_prod_reg[4]/CK (DFFSQNX0P5H9R)
                                                   0.00      0.14 r
  u_mac16_top/u_mac/last_prod_reg[4]/QN (DFFSQNX0P5H9R)
                                                   0.25      0.39 r
  U1168/Y (NAND2X0P7H9R)                           0.06      0.44 f
  U1692/Y (OAI21X0P7H9R)                           0.09      0.53 r
  U1613/Y (AOI21X0P5H9R)                           0.06      0.59 f
  U1308/Y (OAI21X1H9R)                             0.07      0.66 r
  U1197/Y (INVX1H9R)                               0.08      0.74 f
  ctmTdsLR_2_74/Y (OAI211X0P5H9R)                  0.09      0.83 r
  U1350/Y (XNOR2X0P5H9R)                           0.08      0.91 r
  U2536/Y (AO22X0P5H9R)                            0.13      1.04 r
  u_mac16_top/u_mac/accum_reg_reg[13]/D (DFFRPQX0P5H9R)
                                                   0.00      1.04 r
  data arrival time                                          1.04

  clock core_clk (rise edge)                       1.00      1.00
  clock network delay (propagated)                 0.11      1.11
  u_mac16_top/u_mac/accum_reg_reg[13]/CK (DFFRPQX0P5H9R)
                                                   0.00      1.11 r
  clock uncertainty                               -0.03      1.09
  library setup time                              -0.03      1.06
  data required time                                         1.06
  ------------------------------------------------------------------------
  data required time                                         1.06
  data arrival time                                         -1.04
  ------------------------------------------------------------------------
  slack (MET)                                                0.02



  Startpoint: u_mac16_top/u_mac/u_mul/r_c40_reg[11] (rising edge-triggered flip-flop clocked by core_clk)
  Endpoint: u_mac16_top/u_mac/u_mul/product_reg_reg[19] (rising edge-triggered flip-flop clocked by core_clk)
  Mode: default
  Corner: default
  Scenario: default
  Path Group: core_clk
  Path Type: max

  Point                                            Incr      Path  
  ------------------------------------------------------------------------
  clock core_clk (rise edge)                       0.00      0.00
  clock network delay (propagated)                 0.12      0.12

  u_mac16_top/u_mac/u_mul/r_c40_reg[11]/CK (DFFRPQX0P5H9R)
                                                   0.00      0.12 r
  u_mac16_top/u_mac/u_mul/r_c40_reg[11]/Q (DFFRPQX0P5H9R)
                                                   0.23      0.35 r
  ctmTdsLR_1_164/Y (XOR3X1H9R)                     0.14      0.49 f
  U2164/Y (NAND2X1H9R)                             0.06      0.55 r
  U1511/Y (NAND2X1H9R)                             0.04      0.58 f
  ctmTdsLR_1_40/Y (OAI21X1P4H9R)                   0.04      0.62 r
  U1142/Y (NOR2X1H9R)                              0.04      0.66 f
  U1353/Y (AOI21X2H9R)                             0.05      0.70 r
  U1086/Y (NAND2X3H9R)                             0.04      0.75 f
  U1416/Y (AOI21X1H9R)                             0.07      0.82 r
  ctmTdsLR_2_85/Y (XOR2X2H9R)                      0.07      0.90 r
  u_mac16_top/u_mac/u_mul/product_reg_reg[19]/D (DFFRPQX0P5H9R)
                                                   0.00      0.90 r
  data arrival time                                          0.90

  clock core_clk (rise edge)                       1.00      1.00
  clock network delay (propagated)                 0.00      1.00
  u_mac16_top/u_mac/u_mul/product_reg_reg[19]/CK (DFFRPQX0P5H9R)
                                                   0.00      1.00 r
  clock uncertainty                               -0.03      0.98
  library setup time                              -0.06      0.92
  data required time                                         0.92
  ------------------------------------------------------------------------
  data required time                                         0.92
  data arrival time                                         -0.90
  ------------------------------------------------------------------------
  slack (MET)                                                0.02



  Startpoint: u_mac16_top/mode_reg_reg (rising edge-triggered flip-flop clocked by core_clk)
  Endpoint: u_mac16_top/u_mac/u_mul/r_s31_reg[20] (recovery check against rising-edge clock clocked by core_clk)
  Mode: default
  Corner: default
  Scenario: default
  Path Group: core_clk
  Path Type: max

  Point                                            Incr      Path  
  ------------------------------------------------------------------------
  clock core_clk (rise edge)                       0.00      0.00
  clock network delay (propagated)                 0.00      0.00

  u_mac16_top/mode_reg_reg/CK (DFFRPQX0P5H9R)      0.00      0.00 r
  u_mac16_top/mode_reg_reg/Q (DFFRPQX0P5H9R)       0.15      0.15 f
  U1445/Y (XOR2X0P5H9R)                            0.06      0.21 f
  U1500/Y (NOR2X1P4H9R)                            0.11      0.32 r
  HFSINV_66868_32/Y (INVX1P7H9R)                   0.20      0.52 f
  HFSBUF_39107_31/ECK (FREEICGX0P8H9R)             0.43      0.95 f
  u_mac16_top/u_mac/u_mul/r_s31_reg[20]/R (DFFRPQX0P5H9R)
                                                   0.00      0.95 f
  data arrival time                                          0.95

  clock core_clk (rise edge)                       1.00      1.00
  clock network delay (propagated)                 0.12      1.12
  u_mac16_top/u_mac/u_mul/r_s31_reg[20]/CK (DFFRPQX0P5H9R)
                                                   0.00      1.12 r
  clock uncertainty                               -0.03      1.09
  library setup time                              -0.12      0.97
  data required time                                         0.97
  ------------------------------------------------------------------------
  data required time                                         0.97
  data arrival time                                         -0.95
  ------------------------------------------------------------------------
  slack (MET)                                                0.02



  Startpoint: u_mac16_top/mode_reg_reg (rising edge-triggered flip-flop clocked by core_clk)
  Endpoint: u_mac16_top/u_mac/u_mul/r_c30_reg[12] (recovery check against rising-edge clock clocked by core_clk)
  Mode: default
  Corner: default
  Scenario: default
  Path Group: core_clk
  Path Type: max

  Point                                            Incr      Path  
  ------------------------------------------------------------------------
  clock core_clk (rise edge)                       0.00      0.00
  clock network delay (propagated)                 0.00      0.00

  u_mac16_top/mode_reg_reg/CK (DFFRPQX0P5H9R)      0.00      0.00 r
  u_mac16_top/mode_reg_reg/Q (DFFRPQX0P5H9R)       0.15      0.15 f
  U1445/Y (XOR2X0P5H9R)                            0.06      0.21 f
  U1500/Y (NOR2X1P4H9R)                            0.11      0.32 r
  HFSINV_66868_32/Y (INVX1P7H9R)                   0.20      0.52 f
  HFSBUF_39107_31/ECK (FREEICGX0P8H9R)             0.43      0.95 f
  u_mac16_top/u_mac/u_mul/r_c30_reg[12]/R (DFFRPQX0P5H9R)
                                                   0.00      0.95 f
  data arrival time                                          0.95

  clock core_clk (rise edge)                       1.00      1.00
  clock network delay (propagated)                 0.12      1.12
  u_mac16_top/u_mac/u_mul/r_c30_reg[12]/CK (DFFRPQX0P5H9R)
                                                   0.00      1.12 r
  clock uncertainty                               -0.03      1.09
  library setup time                              -0.12      0.97
  data required time                                         0.97
  ------------------------------------------------------------------------
  data required time                                         0.97
  data arrival time                                         -0.95
  ------------------------------------------------------------------------
  slack (MET)                                                0.02



  Startpoint: u_mac16_top/u_mac/u_mul/r_c40_reg[11] (rising edge-triggered flip-flop clocked by core_clk)
  Endpoint: u_mac16_top/u_mac/u_mul/product_reg_reg[15] (rising edge-triggered flip-flop clocked by core_clk)
  Mode: default
  Corner: default
  Scenario: default
  Path Group: core_clk
  Path Type: max

  Point                                            Incr      Path  
  ------------------------------------------------------------------------
  clock core_clk (rise edge)                       0.00      0.00
  clock network delay (propagated)                 0.12      0.12

  u_mac16_top/u_mac/u_mul/r_c40_reg[11]/CK (DFFRPQX0P5H9R)
                                                   0.00      0.12 r
  u_mac16_top/u_mac/u_mul/r_c40_reg[11]/Q (DFFRPQX0P5H9R)
                                                   0.23      0.35 r
  ctmTdsLR_1_164/Y (XOR3X1H9R)                     0.14      0.49 f
  U2164/Y (NAND2X1H9R)                             0.06      0.55 r
  U1511/Y (NAND2X1H9R)                             0.04      0.58 f
  ctmTdsLR_1_40/Y (OAI21X1P4H9R)                   0.04      0.62 r
  U1142/Y (NOR2X1H9R)                              0.04      0.66 f
  U1353/Y (AOI21X2H9R)                             0.05      0.70 r
  U1086/Y (NAND2X3H9R)                             0.04      0.75 f
  U1061/Y (INVX2H9R)                               0.04      0.79 r
  ZBUF_9_inst_724/Y (BUFX1H9R)                     0.04      0.83 r
  ctmTdsLR_1_134/Y (XOR2X1H9R)                     0.06      0.90 r
  u_mac16_top/u_mac/u_mul/product_reg_reg[15]/D (DFFRPQX0P5H9R)
                                                   0.00      0.90 r
  data arrival time                                          0.90

  clock core_clk (rise edge)                       1.00      1.00
  clock network delay (propagated)                 0.00      1.00
  u_mac16_top/u_mac/u_mul/product_reg_reg[15]/CK (DFFRPQX0P5H9R)
                                                   0.00      1.00 r
  clock uncertainty                               -0.03      0.98
  library setup time                              -0.06      0.92
  data required time                                         0.92
  ------------------------------------------------------------------------
  data required time                                         0.92
  data arrival time                                         -0.90
  ------------------------------------------------------------------------
  slack (MET)                                                0.02



  Startpoint: u_mac16_top/mode_reg_reg (rising edge-triggered flip-flop clocked by core_clk)
  Endpoint: u_mac16_top/u_mac/accum_reg_reg[16] (recovery check against rising-edge clock clocked by core_clk)
  Mode: default
  Corner: default
  Scenario: default
  Path Group: core_clk
  Path Type: max

  Point                                            Incr      Path  
  ------------------------------------------------------------------------
  clock core_clk (rise edge)                       0.00      0.00
  clock network delay (propagated)                 0.00      0.00

  u_mac16_top/mode_reg_reg/CK (DFFRPQX0P5H9R)      0.00      0.00 r
  u_mac16_top/mode_reg_reg/Q (DFFRPQX0P5H9R)       0.15      0.15 f
  U1445/Y (XOR2X0P5H9R)                            0.06      0.21 f
  U1500/Y (NOR2X1P4H9R)                            0.11      0.32 r
  HFSINV_66868_32/Y (INVX1P7H9R)                   0.20      0.52 f
  HFSBUF_36427_29/ECK (FREEICGX0P7H9R)             0.42      0.94 f
  u_mac16_top/u_mac/accum_reg_reg[16]/R (DFFRPQX0P5H9R)
                                                   0.00      0.95 f
  data arrival time                                          0.95

  clock core_clk (rise edge)                       1.00      1.00
  clock network delay (propagated)                 0.11      1.11
  u_mac16_top/u_mac/accum_reg_reg[16]/CK (DFFRPQX0P5H9R)
                                                   0.00      1.11 r
  clock uncertainty                               -0.03      1.09
  library setup time                              -0.12      0.97
  data required time                                         0.97
  ------------------------------------------------------------------------
  data required time                                         0.97
  data arrival time                                         -0.95
  ------------------------------------------------------------------------
  slack (MET)                                                0.02



  Startpoint: u_mac16_top/mode_reg_reg (rising edge-triggered flip-flop clocked by core_clk)
  Endpoint: u_mac16_top/u_mac/u_mul/r_s40_reg[9] (recovery check against rising-edge clock clocked by core_clk)
  Mode: default
  Corner: default
  Scenario: default
  Path Group: core_clk
  Path Type: max

  Point                                            Incr      Path  
  ------------------------------------------------------------------------
  clock core_clk (rise edge)                       0.00      0.00
  clock network delay (propagated)                 0.00      0.00

  u_mac16_top/mode_reg_reg/CK (DFFRPQX0P5H9R)      0.00      0.00 r
  u_mac16_top/mode_reg_reg/Q (DFFRPQX0P5H9R)       0.15      0.15 f
  U1445/Y (XOR2X0P5H9R)                            0.06      0.21 f
  U1500/Y (NOR2X1P4H9R)                            0.11      0.32 r
  HFSINV_66868_32/Y (INVX1P7H9R)                   0.20      0.52 f
  HFSBUF_39107_31/ECK (FREEICGX0P8H9R)             0.43      0.95 f
  u_mac16_top/u_mac/u_mul/r_s40_reg[9]/R (DFFRPQX1H9R)
                                                   0.00      0.95 f
  data arrival time                                          0.95

  clock core_clk (rise edge)                       1.00      1.00
  clock network delay (propagated)                 0.11      1.11
  u_mac16_top/u_mac/u_mul/r_s40_reg[9]/CK (DFFRPQX1H9R)
                                                   0.00      1.11 r
  clock uncertainty                               -0.03      1.09
  library setup time                              -0.11      0.98
  data required time                                         0.98
  ------------------------------------------------------------------------
  data required time                                         0.98
  data arrival time                                         -0.95
  ------------------------------------------------------------------------
  slack (MET)                                                0.02


1
